path	property	value_sha256	value
eStab_0.9/branch/0.9.20_bugfix	svn:ignore	cb265e6d017066dc76f8225b4e90ea03a0e0f021f5696e27b448cf4543a6b6ed	4fdata\n
eStab_0.9/branch/0.9.20_bugfix	svn:mergeinfo	a1cd8549bad715da86d971841741e6ebd9a37df4afa59fb896ba252bf21d0c08	/eStab/trunk:20-43
eStab_0.9/branch/0.9.20_bugfix/4fach/design/HL0001/001.jpg	svn:mime-type	1e86d1bc52f24f75cdba3765b30e79519a49e5dc5c0d27605048b15591e07892	application/octet-stream
eStab_0.9/branch/0.9.20_bugfix/4fach/design/HL0001/002.jpg	svn:mime-type	1e86d1bc52f24f75cdba3765b30e79519a49e5dc5c0d27605048b15591e07892	application/octet-stream
eStab_0.9/branch/0.9.20_bugfix/4fach/design/HL0001/003.jpg	svn:mime-type	1e86d1bc52f24f75cdba3765b30e79519a49e5dc5c0d27605048b15591e07892	application/octet-stream
eStab_0.9/branch/0.9.20_bugfix/4fach/design/HL0001/004.jpg	svn:mime-type	1e86d1bc52f24f75cdba3765b30e79519a49e5dc5c0d27605048b15591e07892	application/octet-stream
eStab_0.9/branch/0.9.20_bugfix/4fach/design/HL0001/005.jpg	svn:mime-type	1e86d1bc52f24f75cdba3765b30e79519a49e5dc5c0d27605048b15591e07892	application/octet-stream
eStab_0.9/branch/0.9.20_bugfix/4fach/design/HL0001/006.jpg	svn:mime-type	1e86d1bc52f24f75cdba3765b30e79519a49e5dc5c0d27605048b15591e07892	application/octet-stream
eStab_0.9/branch/0.9.20_bugfix/4fach/design/HL0001/007.jpg	svn:mime-type	1e86d1bc52f24f75cdba3765b30e79519a49e5dc5c0d27605048b15591e07892	application/octet-stream
eStab_0.9/branch/0.9.20_bugfix/4fach/design/HL0001/008.jpg	svn:mime-type	1e86d1bc52f24f75cdba3765b30e79519a49e5dc5c0d27605048b15591e07892	application/octet-stream
eStab_0.9/branch/0.9.20_bugfix/4fach/design/HL0001/009.jpg	svn:mime-type	1e86d1bc52f24f75cdba3765b30e79519a49e5dc5c0d27605048b15591e07892	application/octet-stream
eStab_0.9/branch/0.9.20_bugfix/4fach/design/HL0001/010.jpg	svn:mime-type	1e86d1bc52f24f75cdba3765b30e79519a49e5dc5c0d27605048b15591e07892	application/octet-stream
eStab_0.9/branch/0.9.20_bugfix/4fach/design/HL0001/011.jpg	svn:mime-type	1e86d1bc52f24f75cdba3765b30e79519a49e5dc5c0d27605048b15591e07892	application/octet-stream
eStab_0.9/branch/0.9.20_bugfix/4fach/design/HL0001/013.jpg	svn:mime-type	1e86d1bc52f24f75cdba3765b30e79519a49e5dc5c0d27605048b15591e07892	application/octet-stream
eStab_0.9/branch/0.9.20_bugfix/4fach/design/HL0001/014.jpg	svn:mime-type	1e86d1bc52f24f75cdba3765b30e79519a49e5dc5c0d27605048b15591e07892	application/octet-stream
eStab_0.9/branch/0.9.20_bugfix/4fach/design/HL0001/016.jpg	svn:mime-type	1e86d1bc52f24f75cdba3765b30e79519a49e5dc5c0d27605048b15591e07892	application/octet-stream
eStab_0.9/branch/0.9.20_bugfix/4fach/design/HL0001/017.jpg	svn:mime-type	1e86d1bc52f24f75cdba3765b30e79519a49e5dc5c0d27605048b15591e07892	application/octet-stream
eStab_0.9/branch/0.9.20_bugfix/4fach/design/HL0001/018.gif	svn:mime-type	1e86d1bc52f24f75cdba3765b30e79519a49e5dc5c0d27605048b15591e07892	application/octet-stream
eStab_0.9/branch/0.9.20_bugfix/4fach/design/HL0001/020.gif	svn:mime-type	1e86d1bc52f24f75cdba3765b30e79519a49e5dc5c0d27605048b15591e07892	application/octet-stream
eStab_0.9/branch/0.9.20_bugfix/4fach/design/HL0001/021.gif	svn:mime-type	1e86d1bc52f24f75cdba3765b30e79519a49e5dc5c0d27605048b15591e07892	application/octet-stream
eStab_0.9/branch/0.9.20_bugfix/4fach/design/HL0001/022.gif	svn:mime-type	1e86d1bc52f24f75cdba3765b30e79519a49e5dc5c0d27605048b15591e07892	application/octet-stream
eStab_0.9/branch/0.9.20_bugfix/4fach/design/HL0001/Buttonvorlage.bs	svn:mime-type	1e86d1bc52f24f75cdba3765b30e79519a49e5dc5c0d27605048b15591e07892	application/octet-stream
eStab_0.9/branch/0.9.20_bugfix/4fach/design/HL0001/Buttonvorlage_gruen.bs	svn:mime-type	1e86d1bc52f24f75cdba3765b30e79519a49e5dc5c0d27605048b15591e07892	application/octet-stream
eStab_0.9/branch/0.9.20_bugfix/4fach/design/HL0001/Buttonvorlage_hellblau.bs	svn:mime-type	1e86d1bc52f24f75cdba3765b30e79519a49e5dc5c0d27605048b15591e07892	application/octet-stream
eStab_0.9/branch/0.9.20_bugfix/4fach/design/HL0001/Buttonvorlage_rot.bs	svn:mime-type	1e86d1bc52f24f75cdba3765b30e79519a49e5dc5c0d27605048b15591e07892	application/octet-stream
eStab_0.9/branch/0.9.20_bugfix/4fach/design/HL0001/Kopie von abmelden.jpg	svn:mime-type	1e86d1bc52f24f75cdba3765b30e79519a49e5dc5c0d27605048b15591e07892	application/octet-stream
eStab_0.9/branch/0.9.20_bugfix/4fach/design/HL0001/d_hoch01.gif	svn:mime-type	1e86d1bc52f24f75cdba3765b30e79519a49e5dc5c0d27605048b15591e07892	application/octet-stream
eStab_0.9/branch/0.9.20_bugfix/4fach/design/HL0001/greenlight.gif	svn:mime-type	1e86d1bc52f24f75cdba3765b30e79519a49e5dc5c0d27605048b15591e07892	application/octet-stream
eStab_0.9/branch/0.9.20_bugfix/4fach/design/HL0001/hochladen.JPG	svn:mime-type	1e86d1bc52f24f75cdba3765b30e79519a49e5dc5c0d27605048b15591e07892	application/octet-stream
eStab_0.9/branch/0.9.20_bugfix/4fach/design/HL0001/n_sichten.jpg	svn:mime-type	1e86d1bc52f24f75cdba3765b30e79519a49e5dc5c0d27605048b15591e07892	application/octet-stream
eStab_0.9/branch/0.9.20_bugfix/4fach/design/HL0001/null.gif	svn:mime-type	1e86d1bc52f24f75cdba3765b30e79519a49e5dc5c0d27605048b15591e07892	application/octet-stream
eStab_0.9/branch/0.9.20_bugfix/4fach/design/HL0001/null.jpg	svn:mime-type	1e86d1bc52f24f75cdba3765b30e79519a49e5dc5c0d27605048b15591e07892	application/octet-stream
eStab_0.9/branch/0.9.20_bugfix/4fach/design/HL0001/redlight.gif	svn:mime-type	1e86d1bc52f24f75cdba3765b30e79519a49e5dc5c0d27605048b15591e07892	application/octet-stream
eStab_0.9/branch/0.9.20_bugfix/4fach/design/HL0001/yellowlight.gif	svn:mime-type	1e86d1bc52f24f75cdba3765b30e79519a49e5dc5c0d27605048b15591e07892	application/octet-stream
eStab_0.9/branch/0.9.20_bugfix/4fach/design/HS/000.gif	svn:mime-type	1e86d1bc52f24f75cdba3765b30e79519a49e5dc5c0d27605048b15591e07892	application/octet-stream
eStab_0.9/branch/0.9.20_bugfix/4fach/design/HS/2ndAssort.gif	svn:mime-type	1e86d1bc52f24f75cdba3765b30e79519a49e5dc5c0d27605048b15591e07892	application/octet-stream
eStab_0.9/branch/0.9.20_bugfix/4fach/design/HS/_go_back.gif	svn:mime-type	1e86d1bc52f24f75cdba3765b30e79519a49e5dc5c0d27605048b15591e07892	application/octet-stream
eStab_0.9/branch/0.9.20_bugfix/4fach/design/HS/_go_end.gif	svn:mime-type	1e86d1bc52f24f75cdba3765b30e79519a49e5dc5c0d27605048b15591e07892	application/octet-stream
eStab_0.9/branch/0.9.20_bugfix/4fach/design/HS/_go_forward.gif	svn:mime-type	1e86d1bc52f24f75cdba3765b30e79519a49e5dc5c0d27605048b15591e07892	application/octet-stream
eStab_0.9/branch/0.9.20_bugfix/4fach/design/HS/_go_start.gif	svn:mime-type	1e86d1bc52f24f75cdba3765b30e79519a49e5dc5c0d27605048b15591e07892	application/octet-stream
eStab_0.9/branch/0.9.20_bugfix/4fach/design/HS/_status_blue.gif	svn:mime-type	1e86d1bc52f24f75cdba3765b30e79519a49e5dc5c0d27605048b15591e07892	application/octet-stream
eStab_0.9/branch/0.9.20_bugfix/4fach/design/HS/_status_green.gif	svn:mime-type	1e86d1bc52f24f75cdba3765b30e79519a49e5dc5c0d27605048b15591e07892	application/octet-stream
eStab_0.9/branch/0.9.20_bugfix/4fach/design/HS/_status_yellow.gif	svn:mime-type	1e86d1bc52f24f75cdba3765b30e79519a49e5dc5c0d27605048b15591e07892	application/octet-stream
eStab_0.9/branch/0.9.20_bugfix/4fach/design/HS/all.gif	svn:mime-type	1e86d1bc52f24f75cdba3765b30e79519a49e5dc5c0d27605048b15591e07892	application/octet-stream
eStab_0.9/branch/0.9.20_bugfix/4fach/design/HS/assort.gif	svn:mime-type	1e86d1bc52f24f75cdba3765b30e79519a49e5dc5c0d27605048b15591e07892	application/octet-stream
eStab_0.9/branch/0.9.20_bugfix/4fach/design/HS/attachment.gif	svn:mime-type	1e86d1bc52f24f75cdba3765b30e79519a49e5dc5c0d27605048b15591e07892	application/octet-stream
eStab_0.9/branch/0.9.20_bugfix/4fach/design/HS/cancel.gif	svn:mime-type	1e86d1bc52f24f75cdba3765b30e79519a49e5dc5c0d27605048b15591e07892	application/octet-stream
eStab_0.9/branch/0.9.20_bugfix/4fach/design/HS/checked.gif	svn:mime-type	1e86d1bc52f24f75cdba3765b30e79519a49e5dc5c0d27605048b15591e07892	application/octet-stream
eStab_0.9/branch/0.9.20_bugfix/4fach/design/HS/delete.gif	svn:mime-type	1e86d1bc52f24f75cdba3765b30e79519a49e5dc5c0d27605048b15591e07892	application/octet-stream
eStab_0.9/branch/0.9.20_bugfix/4fach/design/HS/edit.gif	svn:mime-type	1e86d1bc52f24f75cdba3765b30e79519a49e5dc5c0d27605048b15591e07892	application/octet-stream
eStab_0.9/branch/0.9.20_bugfix/4fach/design/HS/file_global.gif	svn:mime-type	1e86d1bc52f24f75cdba3765b30e79519a49e5dc5c0d27605048b15591e07892	application/octet-stream
eStab_0.9/branch/0.9.20_bugfix/4fach/design/HS/file_local.gif	svn:mime-type	1e86d1bc52f24f75cdba3765b30e79519a49e5dc5c0d27605048b15591e07892	application/octet-stream
eStab_0.9/branch/0.9.20_bugfix/4fach/design/HS/filethis.gif	svn:mime-type	1e86d1bc52f24f75cdba3765b30e79519a49e5dc5c0d27605048b15591e07892	application/octet-stream
eStab_0.9/branch/0.9.20_bugfix/4fach/design/HS/folder_global.gif	svn:mime-type	1e86d1bc52f24f75cdba3765b30e79519a49e5dc5c0d27605048b15591e07892	application/octet-stream
eStab_0.9/branch/0.9.20_bugfix/4fach/design/HS/folder_local.gif	svn:mime-type	1e86d1bc52f24f75cdba3765b30e79519a49e5dc5c0d27605048b15591e07892	application/octet-stream
eStab_0.9/branch/0.9.20_bugfix/4fach/design/HS/forward.gif	svn:mime-type	1e86d1bc52f24f75cdba3765b30e79519a49e5dc5c0d27605048b15591e07892	application/octet-stream
eStab_0.9/branch/0.9.20_bugfix/4fach/design/HS/go_back.gif	svn:mime-type	1e86d1bc52f24f75cdba3765b30e79519a49e5dc5c0d27605048b15591e07892	application/octet-stream
eStab_0.9/branch/0.9.20_bugfix/4fach/design/HS/go_end.gif	svn:mime-type	1e86d1bc52f24f75cdba3765b30e79519a49e5dc5c0d27605048b15591e07892	application/octet-stream
eStab_0.9/branch/0.9.20_bugfix/4fach/design/HS/go_forward.gif	svn:mime-type	1e86d1bc52f24f75cdba3765b30e79519a49e5dc5c0d27605048b15591e07892	application/octet-stream
eStab_0.9/branch/0.9.20_bugfix/4fach/design/HS/go_start.gif	svn:mime-type	1e86d1bc52f24f75cdba3765b30e79519a49e5dc5c0d27605048b15591e07892	application/octet-stream
eStab_0.9/branch/0.9.20_bugfix/4fach/design/HS/in.gif	svn:mime-type	1e86d1bc52f24f75cdba3765b30e79519a49e5dc5c0d27605048b15591e07892	application/octet-stream
eStab_0.9/branch/0.9.20_bugfix/4fach/design/HS/info.gif	svn:mime-type	1e86d1bc52f24f75cdba3765b30e79519a49e5dc5c0d27605048b15591e07892	application/octet-stream
eStab_0.9/branch/0.9.20_bugfix/4fach/design/HS/isread.gif	svn:mime-type	1e86d1bc52f24f75cdba3765b30e79519a49e5dc5c0d27605048b15591e07892	application/octet-stream
eStab_0.9/branch/0.9.20_bugfix/4fach/design/HS/load.gif	svn:mime-type	1e86d1bc52f24f75cdba3765b30e79519a49e5dc5c0d27605048b15591e07892	application/octet-stream
eStab_0.9/branch/0.9.20_bugfix/4fach/design/HS/logbook_entry.gif	svn:mime-type	1e86d1bc52f24f75cdba3765b30e79519a49e5dc5c0d27605048b15591e07892	application/octet-stream
eStab_0.9/branch/0.9.20_bugfix/4fach/design/HS/logon.gif	svn:mime-type	1e86d1bc52f24f75cdba3765b30e79519a49e5dc5c0d27605048b15591e07892	application/octet-stream
eStab_0.9/branch/0.9.20_bugfix/4fach/design/HS/logout.gif	svn:mime-type	1e86d1bc52f24f75cdba3765b30e79519a49e5dc5c0d27605048b15591e07892	application/octet-stream
eStab_0.9/branch/0.9.20_bugfix/4fach/design/HS/mail_prio_unread.gif	svn:mime-type	1e86d1bc52f24f75cdba3765b30e79519a49e5dc5c0d27605048b15591e07892	application/octet-stream
eStab_0.9/branch/0.9.20_bugfix/4fach/design/HS/mail_unread.gif	svn:mime-type	1e86d1bc52f24f75cdba3765b30e79519a49e5dc5c0d27605048b15591e07892	application/octet-stream
eStab_0.9/branch/0.9.20_bugfix/4fach/design/HS/notify_aw.wav	svn:mime-type	1e86d1bc52f24f75cdba3765b30e79519a49e5dc5c0d27605048b15591e07892	application/octet-stream
eStab_0.9/branch/0.9.20_bugfix/4fach/design/HS/notify_si.wav	svn:mime-type	1e86d1bc52f24f75cdba3765b30e79519a49e5dc5c0d27605048b15591e07892	application/octet-stream
eStab_0.9/branch/0.9.20_bugfix/4fach/design/HS/notify_stab.wav	svn:mime-type	1e86d1bc52f24f75cdba3765b30e79519a49e5dc5c0d27605048b15591e07892	application/octet-stream
eStab_0.9/branch/0.9.20_bugfix/4fach/design/HS/null.gif	svn:mime-type	1e86d1bc52f24f75cdba3765b30e79519a49e5dc5c0d27605048b15591e07892	application/octet-stream
eStab_0.9/branch/0.9.20_bugfix/4fach/design/HS/null.jpg	svn:mime-type	1e86d1bc52f24f75cdba3765b30e79519a49e5dc5c0d27605048b15591e07892	application/octet-stream
eStab_0.9/branch/0.9.20_bugfix/4fach/design/HS/ok.gif	svn:mime-type	1e86d1bc52f24f75cdba3765b30e79519a49e5dc5c0d27605048b15591e07892	application/octet-stream
eStab_0.9/branch/0.9.20_bugfix/4fach/design/HS/out.gif	svn:mime-type	1e86d1bc52f24f75cdba3765b30e79519a49e5dc5c0d27605048b15591e07892	application/octet-stream
eStab_0.9/branch/0.9.20_bugfix/4fach/design/HS/print.gif	svn:mime-type	1e86d1bc52f24f75cdba3765b30e79519a49e5dc5c0d27605048b15591e07892	application/octet-stream
eStab_0.9/branch/0.9.20_bugfix/4fach/design/HS/read.gif	svn:mime-type	1e86d1bc52f24f75cdba3765b30e79519a49e5dc5c0d27605048b15591e07892	application/octet-stream
eStab_0.9/branch/0.9.20_bugfix/4fach/design/HS/reply.gif	svn:mime-type	1e86d1bc52f24f75cdba3765b30e79519a49e5dc5c0d27605048b15591e07892	application/octet-stream
eStab_0.9/branch/0.9.20_bugfix/4fach/design/HS/save.gif	svn:mime-type	1e86d1bc52f24f75cdba3765b30e79519a49e5dc5c0d27605048b15591e07892	application/octet-stream
eStab_0.9/branch/0.9.20_bugfix/4fach/design/HS/second.bs	svn:mime-type	1e86d1bc52f24f75cdba3765b30e79519a49e5dc5c0d27605048b15591e07892	application/octet-stream
eStab_0.9/branch/0.9.20_bugfix/4fach/design/HS/send.gif	svn:mime-type	1e86d1bc52f24f75cdba3765b30e79519a49e5dc5c0d27605048b15591e07892	application/octet-stream
eStab_0.9/branch/0.9.20_bugfix/4fach/design/HS/status_green.gif	svn:mime-type	1e86d1bc52f24f75cdba3765b30e79519a49e5dc5c0d27605048b15591e07892	application/octet-stream
eStab_0.9/branch/0.9.20_bugfix/4fach/design/HS/status_red.gif	svn:mime-type	1e86d1bc52f24f75cdba3765b30e79519a49e5dc5c0d27605048b15591e07892	application/octet-stream
eStab_0.9/branch/0.9.20_bugfix/4fach/design/HS/status_yellow.gif	svn:mime-type	1e86d1bc52f24f75cdba3765b30e79519a49e5dc5c0d27605048b15591e07892	application/octet-stream
eStab_0.9/branch/0.9.20_bugfix/4fach/design/HS/task_done.gif	svn:mime-type	1e86d1bc52f24f75cdba3765b30e79519a49e5dc5c0d27605048b15591e07892	application/octet-stream
eStab_0.9/branch/0.9.20_bugfix/4fach/design/HS/task_due.gif	svn:mime-type	1e86d1bc52f24f75cdba3765b30e79519a49e5dc5c0d27605048b15591e07892	application/octet-stream
eStab_0.9/branch/0.9.20_bugfix/4fach/design/HS/timer.gif	svn:mime-type	1e86d1bc52f24f75cdba3765b30e79519a49e5dc5c0d27605048b15591e07892	application/octet-stream
eStab_0.9/branch/0.9.20_bugfix/4fach/design/HS/transport.gif	svn:mime-type	1e86d1bc52f24f75cdba3765b30e79519a49e5dc5c0d27605048b15591e07892	application/octet-stream
eStab_0.9/branch/0.9.20_bugfix/4fach/design/HS/upload.gif	svn:mime-type	1e86d1bc52f24f75cdba3765b30e79519a49e5dc5c0d27605048b15591e07892	application/octet-stream
eStab_0.9/branch/0.9.20_bugfix/4fach/design/HS/users.gif	svn:mime-type	1e86d1bc52f24f75cdba3765b30e79519a49e5dc5c0d27605048b15591e07892	application/octet-stream
eStab_0.9/branch/0.9.20_bugfix/4fach/design/HS/warning.gif	svn:mime-type	1e86d1bc52f24f75cdba3765b30e79519a49e5dc5c0d27605048b15591e07892	application/octet-stream
eStab_0.9/branch/0.9.20_bugfix/4fach/design/HS/write.gif	svn:mime-type	1e86d1bc52f24f75cdba3765b30e79519a49e5dc5c0d27605048b15591e07892	application/octet-stream
eStab_0.9/branch/0.9.20_bugfix/4fach/design/Symboldesign.odt	svn:mime-type	1e86d1bc52f24f75cdba3765b30e79519a49e5dc5c0d27605048b15591e07892	application/octet-stream
eStab_0.9/branch/0.9.20_bugfix/4fach/design/Symboldesigne.odt	svn:mime-type	1e86d1bc52f24f75cdba3765b30e79519a49e5dc5c0d27605048b15591e07892	application/octet-stream
eStab_0.9/branch/0.9.20_bugfix/4fach/design/mr/000.gif	svn:mime-type	1e86d1bc52f24f75cdba3765b30e79519a49e5dc5c0d27605048b15591e07892	application/octet-stream
eStab_0.9/branch/0.9.20_bugfix/4fach/design/mr/2ndAssort.gif	svn:mime-type	1e86d1bc52f24f75cdba3765b30e79519a49e5dc5c0d27605048b15591e07892	application/octet-stream
eStab_0.9/branch/0.9.20_bugfix/4fach/design/mr/_go_back.gif	svn:mime-type	1e86d1bc52f24f75cdba3765b30e79519a49e5dc5c0d27605048b15591e07892	application/octet-stream
eStab_0.9/branch/0.9.20_bugfix/4fach/design/mr/_go_end.gif	svn:mime-type	1e86d1bc52f24f75cdba3765b30e79519a49e5dc5c0d27605048b15591e07892	application/octet-stream
eStab_0.9/branch/0.9.20_bugfix/4fach/design/mr/_go_forward.gif	svn:mime-type	1e86d1bc52f24f75cdba3765b30e79519a49e5dc5c0d27605048b15591e07892	application/octet-stream
eStab_0.9/branch/0.9.20_bugfix/4fach/design/mr/_go_start.gif	svn:mime-type	1e86d1bc52f24f75cdba3765b30e79519a49e5dc5c0d27605048b15591e07892	application/octet-stream
eStab_0.9/branch/0.9.20_bugfix/4fach/design/mr/_status_blue.gif	svn:mime-type	1e86d1bc52f24f75cdba3765b30e79519a49e5dc5c0d27605048b15591e07892	application/octet-stream
eStab_0.9/branch/0.9.20_bugfix/4fach/design/mr/_status_green.gif	svn:mime-type	1e86d1bc52f24f75cdba3765b30e79519a49e5dc5c0d27605048b15591e07892	application/octet-stream
eStab_0.9/branch/0.9.20_bugfix/4fach/design/mr/_status_yellow.gif	svn:mime-type	1e86d1bc52f24f75cdba3765b30e79519a49e5dc5c0d27605048b15591e07892	application/octet-stream
eStab_0.9/branch/0.9.20_bugfix/4fach/design/mr/all.gif	svn:mime-type	1e86d1bc52f24f75cdba3765b30e79519a49e5dc5c0d27605048b15591e07892	application/octet-stream
eStab_0.9/branch/0.9.20_bugfix/4fach/design/mr/assort.gif	svn:mime-type	1e86d1bc52f24f75cdba3765b30e79519a49e5dc5c0d27605048b15591e07892	application/octet-stream
eStab_0.9/branch/0.9.20_bugfix/4fach/design/mr/attachment.gif	svn:mime-type	1e86d1bc52f24f75cdba3765b30e79519a49e5dc5c0d27605048b15591e07892	application/octet-stream
eStab_0.9/branch/0.9.20_bugfix/4fach/design/mr/cancel.gif	svn:mime-type	1e86d1bc52f24f75cdba3765b30e79519a49e5dc5c0d27605048b15591e07892	application/octet-stream
eStab_0.9/branch/0.9.20_bugfix/4fach/design/mr/checked.gif	svn:mime-type	1e86d1bc52f24f75cdba3765b30e79519a49e5dc5c0d27605048b15591e07892	application/octet-stream
eStab_0.9/branch/0.9.20_bugfix/4fach/design/mr/delete.gif	svn:mime-type	1e86d1bc52f24f75cdba3765b30e79519a49e5dc5c0d27605048b15591e07892	application/octet-stream
eStab_0.9/branch/0.9.20_bugfix/4fach/design/mr/edit.gif	svn:mime-type	1e86d1bc52f24f75cdba3765b30e79519a49e5dc5c0d27605048b15591e07892	application/octet-stream
eStab_0.9/branch/0.9.20_bugfix/4fach/design/mr/file_global.gif	svn:mime-type	1e86d1bc52f24f75cdba3765b30e79519a49e5dc5c0d27605048b15591e07892	application/octet-stream
eStab_0.9/branch/0.9.20_bugfix/4fach/design/mr/file_local.gif	svn:mime-type	1e86d1bc52f24f75cdba3765b30e79519a49e5dc5c0d27605048b15591e07892	application/octet-stream
eStab_0.9/branch/0.9.20_bugfix/4fach/design/mr/filethis.gif	svn:mime-type	1e86d1bc52f24f75cdba3765b30e79519a49e5dc5c0d27605048b15591e07892	application/octet-stream
eStab_0.9/branch/0.9.20_bugfix/4fach/design/mr/folder_global.gif	svn:mime-type	1e86d1bc52f24f75cdba3765b30e79519a49e5dc5c0d27605048b15591e07892	application/octet-stream
eStab_0.9/branch/0.9.20_bugfix/4fach/design/mr/folder_local.gif	svn:mime-type	1e86d1bc52f24f75cdba3765b30e79519a49e5dc5c0d27605048b15591e07892	application/octet-stream
eStab_0.9/branch/0.9.20_bugfix/4fach/design/mr/forward.gif	svn:mime-type	1e86d1bc52f24f75cdba3765b30e79519a49e5dc5c0d27605048b15591e07892	application/octet-stream
eStab_0.9/branch/0.9.20_bugfix/4fach/design/mr/go_back.gif	svn:mime-type	1e86d1bc52f24f75cdba3765b30e79519a49e5dc5c0d27605048b15591e07892	application/octet-stream
eStab_0.9/branch/0.9.20_bugfix/4fach/design/mr/go_end.gif	svn:mime-type	1e86d1bc52f24f75cdba3765b30e79519a49e5dc5c0d27605048b15591e07892	application/octet-stream
eStab_0.9/branch/0.9.20_bugfix/4fach/design/mr/go_forward.gif	svn:mime-type	1e86d1bc52f24f75cdba3765b30e79519a49e5dc5c0d27605048b15591e07892	application/octet-stream
eStab_0.9/branch/0.9.20_bugfix/4fach/design/mr/go_start.gif	svn:mime-type	1e86d1bc52f24f75cdba3765b30e79519a49e5dc5c0d27605048b15591e07892	application/octet-stream
eStab_0.9/branch/0.9.20_bugfix/4fach/design/mr/in.gif	svn:mime-type	1e86d1bc52f24f75cdba3765b30e79519a49e5dc5c0d27605048b15591e07892	application/octet-stream
eStab_0.9/branch/0.9.20_bugfix/4fach/design/mr/info.gif	svn:mime-type	1e86d1bc52f24f75cdba3765b30e79519a49e5dc5c0d27605048b15591e07892	application/octet-stream
eStab_0.9/branch/0.9.20_bugfix/4fach/design/mr/isread.gif	svn:mime-type	1e86d1bc52f24f75cdba3765b30e79519a49e5dc5c0d27605048b15591e07892	application/octet-stream
eStab_0.9/branch/0.9.20_bugfix/4fach/design/mr/logbook_entry.gif	svn:mime-type	1e86d1bc52f24f75cdba3765b30e79519a49e5dc5c0d27605048b15591e07892	application/octet-stream
eStab_0.9/branch/0.9.20_bugfix/4fach/design/mr/logon.gif	svn:mime-type	1e86d1bc52f24f75cdba3765b30e79519a49e5dc5c0d27605048b15591e07892	application/octet-stream
eStab_0.9/branch/0.9.20_bugfix/4fach/design/mr/logout.gif	svn:mime-type	1e86d1bc52f24f75cdba3765b30e79519a49e5dc5c0d27605048b15591e07892	application/octet-stream
eStab_0.9/branch/0.9.20_bugfix/4fach/design/mr/mail_prio_unread.gif	svn:mime-type	1e86d1bc52f24f75cdba3765b30e79519a49e5dc5c0d27605048b15591e07892	application/octet-stream
eStab_0.9/branch/0.9.20_bugfix/4fach/design/mr/mail_unread.gif	svn:mime-type	1e86d1bc52f24f75cdba3765b30e79519a49e5dc5c0d27605048b15591e07892	application/octet-stream
eStab_0.9/branch/0.9.20_bugfix/4fach/design/mr/notify_aw.wav	svn:mime-type	1e86d1bc52f24f75cdba3765b30e79519a49e5dc5c0d27605048b15591e07892	application/octet-stream
eStab_0.9/branch/0.9.20_bugfix/4fach/design/mr/notify_si.wav	svn:mime-type	1e86d1bc52f24f75cdba3765b30e79519a49e5dc5c0d27605048b15591e07892	application/octet-stream
eStab_0.9/branch/0.9.20_bugfix/4fach/design/mr/notify_stab.wav	svn:mime-type	1e86d1bc52f24f75cdba3765b30e79519a49e5dc5c0d27605048b15591e07892	application/octet-stream
eStab_0.9/branch/0.9.20_bugfix/4fach/design/mr/null.gif	svn:mime-type	1e86d1bc52f24f75cdba3765b30e79519a49e5dc5c0d27605048b15591e07892	application/octet-stream
eStab_0.9/branch/0.9.20_bugfix/4fach/design/mr/null.jpg	svn:mime-type	1e86d1bc52f24f75cdba3765b30e79519a49e5dc5c0d27605048b15591e07892	application/octet-stream
eStab_0.9/branch/0.9.20_bugfix/4fach/design/mr/ok.gif	svn:mime-type	1e86d1bc52f24f75cdba3765b30e79519a49e5dc5c0d27605048b15591e07892	application/octet-stream
eStab_0.9/branch/0.9.20_bugfix/4fach/design/mr/out.gif	svn:mime-type	1e86d1bc52f24f75cdba3765b30e79519a49e5dc5c0d27605048b15591e07892	application/octet-stream
eStab_0.9/branch/0.9.20_bugfix/4fach/design/mr/print.gif	svn:mime-type	1e86d1bc52f24f75cdba3765b30e79519a49e5dc5c0d27605048b15591e07892	application/octet-stream
eStab_0.9/branch/0.9.20_bugfix/4fach/design/mr/read.gif	svn:mime-type	1e86d1bc52f24f75cdba3765b30e79519a49e5dc5c0d27605048b15591e07892	application/octet-stream
eStab_0.9/branch/0.9.20_bugfix/4fach/design/mr/reply.gif	svn:mime-type	1e86d1bc52f24f75cdba3765b30e79519a49e5dc5c0d27605048b15591e07892	application/octet-stream
eStab_0.9/branch/0.9.20_bugfix/4fach/design/mr/second.bs	svn:mime-type	1e86d1bc52f24f75cdba3765b30e79519a49e5dc5c0d27605048b15591e07892	application/octet-stream
eStab_0.9/branch/0.9.20_bugfix/4fach/design/mr/send.gif	svn:mime-type	1e86d1bc52f24f75cdba3765b30e79519a49e5dc5c0d27605048b15591e07892	application/octet-stream
eStab_0.9/branch/0.9.20_bugfix/4fach/design/mr/status_green.gif	svn:mime-type	1e86d1bc52f24f75cdba3765b30e79519a49e5dc5c0d27605048b15591e07892	application/octet-stream
eStab_0.9/branch/0.9.20_bugfix/4fach/design/mr/status_red.gif	svn:mime-type	1e86d1bc52f24f75cdba3765b30e79519a49e5dc5c0d27605048b15591e07892	application/octet-stream
eStab_0.9/branch/0.9.20_bugfix/4fach/design/mr/status_yellow.gif	svn:mime-type	1e86d1bc52f24f75cdba3765b30e79519a49e5dc5c0d27605048b15591e07892	application/octet-stream
eStab_0.9/branch/0.9.20_bugfix/4fach/design/mr/task_done.gif	svn:mime-type	1e86d1bc52f24f75cdba3765b30e79519a49e5dc5c0d27605048b15591e07892	application/octet-stream
eStab_0.9/branch/0.9.20_bugfix/4fach/design/mr/task_due.gif	svn:mime-type	1e86d1bc52f24f75cdba3765b30e79519a49e5dc5c0d27605048b15591e07892	application/octet-stream
eStab_0.9/branch/0.9.20_bugfix/4fach/design/mr/timer.gif	svn:mime-type	1e86d1bc52f24f75cdba3765b30e79519a49e5dc5c0d27605048b15591e07892	application/octet-stream
eStab_0.9/branch/0.9.20_bugfix/4fach/design/mr/transport.gif	svn:mime-type	1e86d1bc52f24f75cdba3765b30e79519a49e5dc5c0d27605048b15591e07892	application/octet-stream
eStab_0.9/branch/0.9.20_bugfix/4fach/design/mr/upload.gif	svn:mime-type	1e86d1bc52f24f75cdba3765b30e79519a49e5dc5c0d27605048b15591e07892	application/octet-stream
eStab_0.9/branch/0.9.20_bugfix/4fach/design/mr/users.gif	svn:mime-type	1e86d1bc52f24f75cdba3765b30e79519a49e5dc5c0d27605048b15591e07892	application/octet-stream
eStab_0.9/branch/0.9.20_bugfix/4fach/design/mr/warning.gif	svn:mime-type	1e86d1bc52f24f75cdba3765b30e79519a49e5dc5c0d27605048b15591e07892	application/octet-stream
eStab_0.9/branch/0.9.20_bugfix/4fach/design/mr/write.gif	svn:mime-type	1e86d1bc52f24f75cdba3765b30e79519a49e5dc5c0d27605048b15591e07892	application/octet-stream
eStab_0.9/branch/0.9.20_bugfix/4fach/design/second/000.gif	svn:mime-type	1e86d1bc52f24f75cdba3765b30e79519a49e5dc5c0d27605048b15591e07892	application/octet-stream
eStab_0.9/branch/0.9.20_bugfix/4fach/design/second/001.jpg	svn:mime-type	1e86d1bc52f24f75cdba3765b30e79519a49e5dc5c0d27605048b15591e07892	application/octet-stream
eStab_0.9/branch/0.9.20_bugfix/4fach/design/second/002.jpg	svn:mime-type	1e86d1bc52f24f75cdba3765b30e79519a49e5dc5c0d27605048b15591e07892	application/octet-stream
eStab_0.9/branch/0.9.20_bugfix/4fach/design/second/003.jpg	svn:mime-type	1e86d1bc52f24f75cdba3765b30e79519a49e5dc5c0d27605048b15591e07892	application/octet-stream
eStab_0.9/branch/0.9.20_bugfix/4fach/design/second/004.jpg	svn:mime-type	1e86d1bc52f24f75cdba3765b30e79519a49e5dc5c0d27605048b15591e07892	application/octet-stream
eStab_0.9/branch/0.9.20_bugfix/4fach/design/second/004a.jpg	svn:mime-type	1e86d1bc52f24f75cdba3765b30e79519a49e5dc5c0d27605048b15591e07892	application/octet-stream
eStab_0.9/branch/0.9.20_bugfix/4fach/design/second/005.jpg	svn:mime-type	1e86d1bc52f24f75cdba3765b30e79519a49e5dc5c0d27605048b15591e07892	application/octet-stream
eStab_0.9/branch/0.9.20_bugfix/4fach/design/second/006.jpg	svn:mime-type	1e86d1bc52f24f75cdba3765b30e79519a49e5dc5c0d27605048b15591e07892	application/octet-stream
eStab_0.9/branch/0.9.20_bugfix/4fach/design/second/007.jpg	svn:mime-type	1e86d1bc52f24f75cdba3765b30e79519a49e5dc5c0d27605048b15591e07892	application/octet-stream
eStab_0.9/branch/0.9.20_bugfix/4fach/design/second/008.jpg	svn:mime-type	1e86d1bc52f24f75cdba3765b30e79519a49e5dc5c0d27605048b15591e07892	application/octet-stream
eStab_0.9/branch/0.9.20_bugfix/4fach/design/second/009.gif	svn:mime-type	1e86d1bc52f24f75cdba3765b30e79519a49e5dc5c0d27605048b15591e07892	application/octet-stream
eStab_0.9/branch/0.9.20_bugfix/4fach/design/second/009.jpg	svn:mime-type	1e86d1bc52f24f75cdba3765b30e79519a49e5dc5c0d27605048b15591e07892	application/octet-stream
eStab_0.9/branch/0.9.20_bugfix/4fach/design/second/010.jpg	svn:mime-type	1e86d1bc52f24f75cdba3765b30e79519a49e5dc5c0d27605048b15591e07892	application/octet-stream
eStab_0.9/branch/0.9.20_bugfix/4fach/design/second/011.jpg	svn:mime-type	1e86d1bc52f24f75cdba3765b30e79519a49e5dc5c0d27605048b15591e07892	application/octet-stream
eStab_0.9/branch/0.9.20_bugfix/4fach/design/second/012.jpg	svn:mime-type	1e86d1bc52f24f75cdba3765b30e79519a49e5dc5c0d27605048b15591e07892	application/octet-stream
eStab_0.9/branch/0.9.20_bugfix/4fach/design/second/012a.jpg	svn:mime-type	1e86d1bc52f24f75cdba3765b30e79519a49e5dc5c0d27605048b15591e07892	application/octet-stream
eStab_0.9/branch/0.9.20_bugfix/4fach/design/second/012b.jpg	svn:mime-type	1e86d1bc52f24f75cdba3765b30e79519a49e5dc5c0d27605048b15591e07892	application/octet-stream
eStab_0.9/branch/0.9.20_bugfix/4fach/design/second/013.jpg	svn:mime-type	1e86d1bc52f24f75cdba3765b30e79519a49e5dc5c0d27605048b15591e07892	application/octet-stream
eStab_0.9/branch/0.9.20_bugfix/4fach/design/second/014.jpg	svn:mime-type	1e86d1bc52f24f75cdba3765b30e79519a49e5dc5c0d27605048b15591e07892	application/octet-stream
eStab_0.9/branch/0.9.20_bugfix/4fach/design/second/015.jpg	svn:mime-type	1e86d1bc52f24f75cdba3765b30e79519a49e5dc5c0d27605048b15591e07892	application/octet-stream
eStab_0.9/branch/0.9.20_bugfix/4fach/design/second/016.jpg	svn:mime-type	1e86d1bc52f24f75cdba3765b30e79519a49e5dc5c0d27605048b15591e07892	application/octet-stream
eStab_0.9/branch/0.9.20_bugfix/4fach/design/second/017.jpg	svn:mime-type	1e86d1bc52f24f75cdba3765b30e79519a49e5dc5c0d27605048b15591e07892	application/octet-stream
eStab_0.9/branch/0.9.20_bugfix/4fach/design/second/018.gif	svn:mime-type	1e86d1bc52f24f75cdba3765b30e79519a49e5dc5c0d27605048b15591e07892	application/octet-stream
eStab_0.9/branch/0.9.20_bugfix/4fach/design/second/019.gif	svn:mime-type	1e86d1bc52f24f75cdba3765b30e79519a49e5dc5c0d27605048b15591e07892	application/octet-stream
eStab_0.9/branch/0.9.20_bugfix/4fach/design/second/020.png	svn:mime-type	1e86d1bc52f24f75cdba3765b30e79519a49e5dc5c0d27605048b15591e07892	application/octet-stream
eStab_0.9/branch/0.9.20_bugfix/4fach/design/second/021.png	svn:mime-type	1e86d1bc52f24f75cdba3765b30e79519a49e5dc5c0d27605048b15591e07892	application/octet-stream
eStab_0.9/branch/0.9.20_bugfix/4fach/design/second/022.png	svn:mime-type	1e86d1bc52f24f75cdba3765b30e79519a49e5dc5c0d27605048b15591e07892	application/octet-stream
eStab_0.9/branch/0.9.20_bugfix/4fach/design/second/023.png	svn:mime-type	1e86d1bc52f24f75cdba3765b30e79519a49e5dc5c0d27605048b15591e07892	application/octet-stream
eStab_0.9/branch/0.9.20_bugfix/4fach/design/second/024.jpg	svn:mime-type	1e86d1bc52f24f75cdba3765b30e79519a49e5dc5c0d27605048b15591e07892	application/octet-stream
eStab_0.9/branch/0.9.20_bugfix/4fach/design/second/025.gif	svn:mime-type	1e86d1bc52f24f75cdba3765b30e79519a49e5dc5c0d27605048b15591e07892	application/octet-stream
eStab_0.9/branch/0.9.20_bugfix/4fach/design/second/026.gif	svn:mime-type	1e86d1bc52f24f75cdba3765b30e79519a49e5dc5c0d27605048b15591e07892	application/octet-stream
eStab_0.9/branch/0.9.20_bugfix/4fach/design/second/027.gif	svn:mime-type	1e86d1bc52f24f75cdba3765b30e79519a49e5dc5c0d27605048b15591e07892	application/octet-stream
eStab_0.9/branch/0.9.20_bugfix/4fach/design/second/028.gif	svn:mime-type	1e86d1bc52f24f75cdba3765b30e79519a49e5dc5c0d27605048b15591e07892	application/octet-stream
eStab_0.9/branch/0.9.20_bugfix/4fach/design/second/028.jpg	svn:mime-type	1e86d1bc52f24f75cdba3765b30e79519a49e5dc5c0d27605048b15591e07892	application/octet-stream
eStab_0.9/branch/0.9.20_bugfix/4fach/design/second/029.gif	svn:mime-type	1e86d1bc52f24f75cdba3765b30e79519a49e5dc5c0d27605048b15591e07892	application/octet-stream
eStab_0.9/branch/0.9.20_bugfix/4fach/design/second/029.jpg	svn:mime-type	1e86d1bc52f24f75cdba3765b30e79519a49e5dc5c0d27605048b15591e07892	application/octet-stream
eStab_0.9/branch/0.9.20_bugfix/4fach/design/second/030.jpg	svn:mime-type	1e86d1bc52f24f75cdba3765b30e79519a49e5dc5c0d27605048b15591e07892	application/octet-stream
eStab_0.9/branch/0.9.20_bugfix/4fach/design/second/031.jpg	svn:mime-type	1e86d1bc52f24f75cdba3765b30e79519a49e5dc5c0d27605048b15591e07892	application/octet-stream
eStab_0.9/branch/0.9.20_bugfix/4fach/design/second/032.jpg	svn:mime-type	1e86d1bc52f24f75cdba3765b30e79519a49e5dc5c0d27605048b15591e07892	application/octet-stream
eStab_0.9/branch/0.9.20_bugfix/4fach/design/second/033.gif	svn:mime-type	1e86d1bc52f24f75cdba3765b30e79519a49e5dc5c0d27605048b15591e07892	application/octet-stream
eStab_0.9/branch/0.9.20_bugfix/4fach/design/second/033.png	svn:mime-type	1e86d1bc52f24f75cdba3765b30e79519a49e5dc5c0d27605048b15591e07892	application/octet-stream
eStab_0.9/branch/0.9.20_bugfix/4fach/design/second/034.gif	svn:mime-type	1e86d1bc52f24f75cdba3765b30e79519a49e5dc5c0d27605048b15591e07892	application/octet-stream
eStab_0.9/branch/0.9.20_bugfix/4fach/design/second/035.png	svn:mime-type	1e86d1bc52f24f75cdba3765b30e79519a49e5dc5c0d27605048b15591e07892	application/octet-stream
eStab_0.9/branch/0.9.20_bugfix/4fach/design/second/035a.png	svn:mime-type	1e86d1bc52f24f75cdba3765b30e79519a49e5dc5c0d27605048b15591e07892	application/octet-stream
eStab_0.9/branch/0.9.20_bugfix/4fach/design/second/038.jpg	svn:mime-type	1e86d1bc52f24f75cdba3765b30e79519a49e5dc5c0d27605048b15591e07892	application/octet-stream
eStab_0.9/branch/0.9.20_bugfix/4fach/design/second/040.jpg	svn:mime-type	1e86d1bc52f24f75cdba3765b30e79519a49e5dc5c0d27605048b15591e07892	application/octet-stream
eStab_0.9/branch/0.9.20_bugfix/4fach/design/second/050.gif	svn:mime-type	1e86d1bc52f24f75cdba3765b30e79519a49e5dc5c0d27605048b15591e07892	application/octet-stream
eStab_0.9/branch/0.9.20_bugfix/4fach/design/second/051.gif	svn:mime-type	1e86d1bc52f24f75cdba3765b30e79519a49e5dc5c0d27605048b15591e07892	application/octet-stream
eStab_0.9/branch/0.9.20_bugfix/4fach/design/second/060.jpg	svn:mime-type	1e86d1bc52f24f75cdba3765b30e79519a49e5dc5c0d27605048b15591e07892	application/octet-stream
eStab_0.9/branch/0.9.20_bugfix/4fach/design/second/060.png	svn:mime-type	1e86d1bc52f24f75cdba3765b30e79519a49e5dc5c0d27605048b15591e07892	application/octet-stream
eStab_0.9/branch/0.9.20_bugfix/4fach/design/second/061.png	svn:mime-type	1e86d1bc52f24f75cdba3765b30e79519a49e5dc5c0d27605048b15591e07892	application/octet-stream
eStab_0.9/branch/0.9.20_bugfix/4fach/design/second/101.gif	svn:mime-type	1e86d1bc52f24f75cdba3765b30e79519a49e5dc5c0d27605048b15591e07892	application/octet-stream
eStab_0.9/branch/0.9.20_bugfix/4fach/design/second/102.gif	svn:mime-type	1e86d1bc52f24f75cdba3765b30e79519a49e5dc5c0d27605048b15591e07892	application/octet-stream
eStab_0.9/branch/0.9.20_bugfix/4fach/design/second/103.gif	svn:mime-type	1e86d1bc52f24f75cdba3765b30e79519a49e5dc5c0d27605048b15591e07892	application/octet-stream
eStab_0.9/branch/0.9.20_bugfix/4fach/design/second/104.gif	svn:mime-type	1e86d1bc52f24f75cdba3765b30e79519a49e5dc5c0d27605048b15591e07892	application/octet-stream
eStab_0.9/branch/0.9.20_bugfix/4fach/design/second/110.gif	svn:mime-type	1e86d1bc52f24f75cdba3765b30e79519a49e5dc5c0d27605048b15591e07892	application/octet-stream
eStab_0.9/branch/0.9.20_bugfix/4fach/design/second/111.gif	svn:mime-type	1e86d1bc52f24f75cdba3765b30e79519a49e5dc5c0d27605048b15591e07892	application/octet-stream
eStab_0.9/branch/0.9.20_bugfix/4fach/design/second/112.png	svn:mime-type	1e86d1bc52f24f75cdba3765b30e79519a49e5dc5c0d27605048b15591e07892	application/octet-stream
eStab_0.9/branch/0.9.20_bugfix/4fach/design/second/113.png	svn:mime-type	1e86d1bc52f24f75cdba3765b30e79519a49e5dc5c0d27605048b15591e07892	application/octet-stream
eStab_0.9/branch/0.9.20_bugfix/4fach/design/second/115.gif	svn:mime-type	1e86d1bc52f24f75cdba3765b30e79519a49e5dc5c0d27605048b15591e07892	application/octet-stream
eStab_0.9/branch/0.9.20_bugfix/4fach/design/second/1152.ico	svn:mime-type	1e86d1bc52f24f75cdba3765b30e79519a49e5dc5c0d27605048b15591e07892	application/octet-stream
eStab_0.9/branch/0.9.20_bugfix/4fach/design/second/116.gif	svn:mime-type	1e86d1bc52f24f75cdba3765b30e79519a49e5dc5c0d27605048b15591e07892	application/octet-stream
eStab_0.9/branch/0.9.20_bugfix/4fach/design/second/116.jpg	svn:mime-type	1e86d1bc52f24f75cdba3765b30e79519a49e5dc5c0d27605048b15591e07892	application/octet-stream
eStab_0.9/branch/0.9.20_bugfix/4fach/design/second/117.jpg	svn:mime-type	1e86d1bc52f24f75cdba3765b30e79519a49e5dc5c0d27605048b15591e07892	application/octet-stream
eStab_0.9/branch/0.9.20_bugfix/4fach/design/second/118.gif	svn:mime-type	1e86d1bc52f24f75cdba3765b30e79519a49e5dc5c0d27605048b15591e07892	application/octet-stream
eStab_0.9/branch/0.9.20_bugfix/4fach/design/second/118.jpg	svn:mime-type	1e86d1bc52f24f75cdba3765b30e79519a49e5dc5c0d27605048b15591e07892	application/octet-stream
eStab_0.9/branch/0.9.20_bugfix/4fach/design/second/119.jpg	svn:mime-type	1e86d1bc52f24f75cdba3765b30e79519a49e5dc5c0d27605048b15591e07892	application/octet-stream
eStab_0.9/branch/0.9.20_bugfix/4fach/design/second/120.gif	svn:mime-type	1e86d1bc52f24f75cdba3765b30e79519a49e5dc5c0d27605048b15591e07892	application/octet-stream
eStab_0.9/branch/0.9.20_bugfix/4fach/design/second/120.jpg	svn:mime-type	1e86d1bc52f24f75cdba3765b30e79519a49e5dc5c0d27605048b15591e07892	application/octet-stream
eStab_0.9/branch/0.9.20_bugfix/4fach/design/second/121.jpg	svn:mime-type	1e86d1bc52f24f75cdba3765b30e79519a49e5dc5c0d27605048b15591e07892	application/octet-stream
eStab_0.9/branch/0.9.20_bugfix/4fach/design/second/1255.jpg	svn:mime-type	1e86d1bc52f24f75cdba3765b30e79519a49e5dc5c0d27605048b15591e07892	application/octet-stream
eStab_0.9/branch/0.9.20_bugfix/4fach/design/second/130.GIF	svn:mime-type	1e86d1bc52f24f75cdba3765b30e79519a49e5dc5c0d27605048b15591e07892	application/octet-stream
eStab_0.9/branch/0.9.20_bugfix/4fach/design/second/130.jpg	svn:mime-type	1e86d1bc52f24f75cdba3765b30e79519a49e5dc5c0d27605048b15591e07892	application/octet-stream
eStab_0.9/branch/0.9.20_bugfix/4fach/design/second/131.gif	svn:mime-type	1e86d1bc52f24f75cdba3765b30e79519a49e5dc5c0d27605048b15591e07892	application/octet-stream
eStab_0.9/branch/0.9.20_bugfix/4fach/design/second/24-book-blue-check.png	svn:mime-type	1e86d1bc52f24f75cdba3765b30e79519a49e5dc5c0d27605048b15591e07892	application/octet-stream
eStab_0.9/branch/0.9.20_bugfix/4fach/design/second/2ndAssort.gif	svn:mime-type	1e86d1bc52f24f75cdba3765b30e79519a49e5dc5c0d27605048b15591e07892	application/octet-stream
eStab_0.9/branch/0.9.20_bugfix/4fach/design/second/814.gif	svn:mime-type	1e86d1bc52f24f75cdba3765b30e79519a49e5dc5c0d27605048b15591e07892	application/octet-stream
eStab_0.9/branch/0.9.20_bugfix/4fach/design/second/814.ico	svn:mime-type	1e86d1bc52f24f75cdba3765b30e79519a49e5dc5c0d27605048b15591e07892	application/octet-stream
eStab_0.9/branch/0.9.20_bugfix/4fach/design/second/952.ico	svn:mime-type	1e86d1bc52f24f75cdba3765b30e79519a49e5dc5c0d27605048b15591e07892	application/octet-stream
eStab_0.9/branch/0.9.20_bugfix/4fach/design/second/A025.png	svn:mime-type	1e86d1bc52f24f75cdba3765b30e79519a49e5dc5c0d27605048b15591e07892	application/octet-stream
eStab_0.9/branch/0.9.20_bugfix/4fach/design/second/A026.png	svn:mime-type	1e86d1bc52f24f75cdba3765b30e79519a49e5dc5c0d27605048b15591e07892	application/octet-stream
eStab_0.9/branch/0.9.20_bugfix/4fach/design/second/A027.png	svn:mime-type	1e86d1bc52f24f75cdba3765b30e79519a49e5dc5c0d27605048b15591e07892	application/octet-stream
eStab_0.9/branch/0.9.20_bugfix/4fach/design/second/A028.gif	svn:mime-type	1e86d1bc52f24f75cdba3765b30e79519a49e5dc5c0d27605048b15591e07892	application/octet-stream
eStab_0.9/branch/0.9.20_bugfix/4fach/design/second/all.gif	svn:mime-type	1e86d1bc52f24f75cdba3765b30e79519a49e5dc5c0d27605048b15591e07892	application/octet-stream
eStab_0.9/branch/0.9.20_bugfix/4fach/design/second/assort.gif	svn:mime-type	1e86d1bc52f24f75cdba3765b30e79519a49e5dc5c0d27605048b15591e07892	application/octet-stream
eStab_0.9/branch/0.9.20_bugfix/4fach/design/second/attachment.gif	svn:mime-type	1e86d1bc52f24f75cdba3765b30e79519a49e5dc5c0d27605048b15591e07892	application/octet-stream
eStab_0.9/branch/0.9.20_bugfix/4fach/design/second/bl.png	svn:mime-type	1e86d1bc52f24f75cdba3765b30e79519a49e5dc5c0d27605048b15591e07892	application/octet-stream
eStab_0.9/branch/0.9.20_bugfix/4fach/design/second/cancel.gif	svn:mime-type	1e86d1bc52f24f75cdba3765b30e79519a49e5dc5c0d27605048b15591e07892	application/octet-stream
eStab_0.9/branch/0.9.20_bugfix/4fach/design/second/checked.gif	svn:mime-type	1e86d1bc52f24f75cdba3765b30e79519a49e5dc5c0d27605048b15591e07892	application/octet-stream
eStab_0.9/branch/0.9.20_bugfix/4fach/design/second/delete.gif	svn:mime-type	1e86d1bc52f24f75cdba3765b30e79519a49e5dc5c0d27605048b15591e07892	application/octet-stream
eStab_0.9/branch/0.9.20_bugfix/4fach/design/second/edit.gif	svn:mime-type	1e86d1bc52f24f75cdba3765b30e79519a49e5dc5c0d27605048b15591e07892	application/octet-stream
eStab_0.9/branch/0.9.20_bugfix/4fach/design/second/filethis.gif	svn:mime-type	1e86d1bc52f24f75cdba3765b30e79519a49e5dc5c0d27605048b15591e07892	application/octet-stream
eStab_0.9/branch/0.9.20_bugfix/4fach/design/second/folder_global.gif	svn:mime-type	1e86d1bc52f24f75cdba3765b30e79519a49e5dc5c0d27605048b15591e07892	application/octet-stream
eStab_0.9/branch/0.9.20_bugfix/4fach/design/second/folder_local.gif	svn:mime-type	1e86d1bc52f24f75cdba3765b30e79519a49e5dc5c0d27605048b15591e07892	application/octet-stream
eStab_0.9/branch/0.9.20_bugfix/4fach/design/second/forward.gif	svn:mime-type	1e86d1bc52f24f75cdba3765b30e79519a49e5dc5c0d27605048b15591e07892	application/octet-stream
eStab_0.9/branch/0.9.20_bugfix/4fach/design/second/gn.png	svn:mime-type	1e86d1bc52f24f75cdba3765b30e79519a49e5dc5c0d27605048b15591e07892	application/octet-stream
eStab_0.9/branch/0.9.20_bugfix/4fach/design/second/go_back.gif	svn:mime-type	1e86d1bc52f24f75cdba3765b30e79519a49e5dc5c0d27605048b15591e07892	application/octet-stream
eStab_0.9/branch/0.9.20_bugfix/4fach/design/second/go_end.gif	svn:mime-type	1e86d1bc52f24f75cdba3765b30e79519a49e5dc5c0d27605048b15591e07892	application/octet-stream
eStab_0.9/branch/0.9.20_bugfix/4fach/design/second/go_forward.gif	svn:mime-type	1e86d1bc52f24f75cdba3765b30e79519a49e5dc5c0d27605048b15591e07892	application/octet-stream
eStab_0.9/branch/0.9.20_bugfix/4fach/design/second/go_start.gif	svn:mime-type	1e86d1bc52f24f75cdba3765b30e79519a49e5dc5c0d27605048b15591e07892	application/octet-stream
eStab_0.9/branch/0.9.20_bugfix/4fach/design/second/in.gif	svn:mime-type	1e86d1bc52f24f75cdba3765b30e79519a49e5dc5c0d27605048b15591e07892	application/octet-stream
eStab_0.9/branch/0.9.20_bugfix/4fach/design/second/info.gif	svn:mime-type	1e86d1bc52f24f75cdba3765b30e79519a49e5dc5c0d27605048b15591e07892	application/octet-stream
eStab_0.9/branch/0.9.20_bugfix/4fach/design/second/isread.gif	svn:mime-type	1e86d1bc52f24f75cdba3765b30e79519a49e5dc5c0d27605048b15591e07892	application/octet-stream
eStab_0.9/branch/0.9.20_bugfix/4fach/design/second/logbook_entry.gif	svn:mime-type	1e86d1bc52f24f75cdba3765b30e79519a49e5dc5c0d27605048b15591e07892	application/octet-stream
eStab_0.9/branch/0.9.20_bugfix/4fach/design/second/logon.gif	svn:mime-type	1e86d1bc52f24f75cdba3765b30e79519a49e5dc5c0d27605048b15591e07892	application/octet-stream
eStab_0.9/branch/0.9.20_bugfix/4fach/design/second/logout.gif	svn:mime-type	1e86d1bc52f24f75cdba3765b30e79519a49e5dc5c0d27605048b15591e07892	application/octet-stream
eStab_0.9/branch/0.9.20_bugfix/4fach/design/second/mail_prio_unread.gif	svn:mime-type	1e86d1bc52f24f75cdba3765b30e79519a49e5dc5c0d27605048b15591e07892	application/octet-stream
eStab_0.9/branch/0.9.20_bugfix/4fach/design/second/mail_unread.gif	svn:mime-type	1e86d1bc52f24f75cdba3765b30e79519a49e5dc5c0d27605048b15591e07892	application/octet-stream
eStab_0.9/branch/0.9.20_bugfix/4fach/design/second/move.gif	svn:mime-type	1e86d1bc52f24f75cdba3765b30e79519a49e5dc5c0d27605048b15591e07892	application/octet-stream
eStab_0.9/branch/0.9.20_bugfix/4fach/design/second/null.gif	svn:mime-type	1e86d1bc52f24f75cdba3765b30e79519a49e5dc5c0d27605048b15591e07892	application/octet-stream
eStab_0.9/branch/0.9.20_bugfix/4fach/design/second/null.jpg	svn:mime-type	1e86d1bc52f24f75cdba3765b30e79519a49e5dc5c0d27605048b15591e07892	application/octet-stream
eStab_0.9/branch/0.9.20_bugfix/4fach/design/second/ok.gif	svn:mime-type	1e86d1bc52f24f75cdba3765b30e79519a49e5dc5c0d27605048b15591e07892	application/octet-stream
eStab_0.9/branch/0.9.20_bugfix/4fach/design/second/out.gif	svn:mime-type	1e86d1bc52f24f75cdba3765b30e79519a49e5dc5c0d27605048b15591e07892	application/octet-stream
eStab_0.9/branch/0.9.20_bugfix/4fach/design/second/print.gif	svn:mime-type	1e86d1bc52f24f75cdba3765b30e79519a49e5dc5c0d27605048b15591e07892	application/octet-stream
eStab_0.9/branch/0.9.20_bugfix/4fach/design/second/read.gif	svn:mime-type	1e86d1bc52f24f75cdba3765b30e79519a49e5dc5c0d27605048b15591e07892	application/octet-stream
eStab_0.9/branch/0.9.20_bugfix/4fach/design/second/reply.gif	svn:mime-type	1e86d1bc52f24f75cdba3765b30e79519a49e5dc5c0d27605048b15591e07892	application/octet-stream
eStab_0.9/branch/0.9.20_bugfix/4fach/design/second/second.bs	svn:mime-type	1e86d1bc52f24f75cdba3765b30e79519a49e5dc5c0d27605048b15591e07892	application/octet-stream
eStab_0.9/branch/0.9.20_bugfix/4fach/design/second/send.gif	svn:mime-type	1e86d1bc52f24f75cdba3765b30e79519a49e5dc5c0d27605048b15591e07892	application/octet-stream
eStab_0.9/branch/0.9.20_bugfix/4fach/design/second/status_green.gif	svn:mime-type	1e86d1bc52f24f75cdba3765b30e79519a49e5dc5c0d27605048b15591e07892	application/octet-stream
eStab_0.9/branch/0.9.20_bugfix/4fach/design/second/status_red.gif	svn:mime-type	1e86d1bc52f24f75cdba3765b30e79519a49e5dc5c0d27605048b15591e07892	application/octet-stream
eStab_0.9/branch/0.9.20_bugfix/4fach/design/second/status_yellow.gif	svn:mime-type	1e86d1bc52f24f75cdba3765b30e79519a49e5dc5c0d27605048b15591e07892	application/octet-stream
eStab_0.9/branch/0.9.20_bugfix/4fach/design/second/task_done.gif	svn:mime-type	1e86d1bc52f24f75cdba3765b30e79519a49e5dc5c0d27605048b15591e07892	application/octet-stream
eStab_0.9/branch/0.9.20_bugfix/4fach/design/second/task_due.gif	svn:mime-type	1e86d1bc52f24f75cdba3765b30e79519a49e5dc5c0d27605048b15591e07892	application/octet-stream
eStab_0.9/branch/0.9.20_bugfix/4fach/design/second/timer.gif	svn:mime-type	1e86d1bc52f24f75cdba3765b30e79519a49e5dc5c0d27605048b15591e07892	application/octet-stream
eStab_0.9/branch/0.9.20_bugfix/4fach/design/second/transport.gif	svn:mime-type	1e86d1bc52f24f75cdba3765b30e79519a49e5dc5c0d27605048b15591e07892	application/octet-stream
eStab_0.9/branch/0.9.20_bugfix/4fach/design/second/upload.gif	svn:mime-type	1e86d1bc52f24f75cdba3765b30e79519a49e5dc5c0d27605048b15591e07892	application/octet-stream
eStab_0.9/branch/0.9.20_bugfix/4fach/design/second/users.gif	svn:mime-type	1e86d1bc52f24f75cdba3765b30e79519a49e5dc5c0d27605048b15591e07892	application/octet-stream
eStab_0.9/branch/0.9.20_bugfix/4fach/design/second/vor.gif	svn:mime-type	1e86d1bc52f24f75cdba3765b30e79519a49e5dc5c0d27605048b15591e07892	application/octet-stream
eStab_0.9/branch/0.9.20_bugfix/4fach/design/second/warning.gif	svn:mime-type	1e86d1bc52f24f75cdba3765b30e79519a49e5dc5c0d27605048b15591e07892	application/octet-stream
eStab_0.9/branch/0.9.20_bugfix/4fach/design/second/write.gif	svn:mime-type	1e86d1bc52f24f75cdba3765b30e79519a49e5dc5c0d27605048b15591e07892	application/octet-stream
eStab_0.9/branch/0.9.20_bugfix/4fach/design/simple/001.jpg	svn:mime-type	1e86d1bc52f24f75cdba3765b30e79519a49e5dc5c0d27605048b15591e07892	application/octet-stream
eStab_0.9/branch/0.9.20_bugfix/4fach/design/simple/002.jpg	svn:mime-type	1e86d1bc52f24f75cdba3765b30e79519a49e5dc5c0d27605048b15591e07892	application/octet-stream
eStab_0.9/branch/0.9.20_bugfix/4fach/design/simple/003.jpg	svn:mime-type	1e86d1bc52f24f75cdba3765b30e79519a49e5dc5c0d27605048b15591e07892	application/octet-stream
eStab_0.9/branch/0.9.20_bugfix/4fach/design/simple/004.jpg	svn:mime-type	1e86d1bc52f24f75cdba3765b30e79519a49e5dc5c0d27605048b15591e07892	application/octet-stream
eStab_0.9/branch/0.9.20_bugfix/4fach/design/simple/004a.jpg	svn:mime-type	1e86d1bc52f24f75cdba3765b30e79519a49e5dc5c0d27605048b15591e07892	application/octet-stream
eStab_0.9/branch/0.9.20_bugfix/4fach/design/simple/005.jpg	svn:mime-type	1e86d1bc52f24f75cdba3765b30e79519a49e5dc5c0d27605048b15591e07892	application/octet-stream
eStab_0.9/branch/0.9.20_bugfix/4fach/design/simple/006.jpg	svn:mime-type	1e86d1bc52f24f75cdba3765b30e79519a49e5dc5c0d27605048b15591e07892	application/octet-stream
eStab_0.9/branch/0.9.20_bugfix/4fach/design/simple/007.jpg	svn:mime-type	1e86d1bc52f24f75cdba3765b30e79519a49e5dc5c0d27605048b15591e07892	application/octet-stream
eStab_0.9/branch/0.9.20_bugfix/4fach/design/simple/008.jpg	svn:mime-type	1e86d1bc52f24f75cdba3765b30e79519a49e5dc5c0d27605048b15591e07892	application/octet-stream
eStab_0.9/branch/0.9.20_bugfix/4fach/design/simple/009.jpg	svn:mime-type	1e86d1bc52f24f75cdba3765b30e79519a49e5dc5c0d27605048b15591e07892	application/octet-stream
eStab_0.9/branch/0.9.20_bugfix/4fach/design/simple/010.jpg	svn:mime-type	1e86d1bc52f24f75cdba3765b30e79519a49e5dc5c0d27605048b15591e07892	application/octet-stream
eStab_0.9/branch/0.9.20_bugfix/4fach/design/simple/011.jpg	svn:mime-type	1e86d1bc52f24f75cdba3765b30e79519a49e5dc5c0d27605048b15591e07892	application/octet-stream
eStab_0.9/branch/0.9.20_bugfix/4fach/design/simple/012.jpg	svn:mime-type	1e86d1bc52f24f75cdba3765b30e79519a49e5dc5c0d27605048b15591e07892	application/octet-stream
eStab_0.9/branch/0.9.20_bugfix/4fach/design/simple/012a.jpg	svn:mime-type	1e86d1bc52f24f75cdba3765b30e79519a49e5dc5c0d27605048b15591e07892	application/octet-stream
eStab_0.9/branch/0.9.20_bugfix/4fach/design/simple/012b.jpg	svn:mime-type	1e86d1bc52f24f75cdba3765b30e79519a49e5dc5c0d27605048b15591e07892	application/octet-stream
eStab_0.9/branch/0.9.20_bugfix/4fach/design/simple/013.jpg	svn:mime-type	1e86d1bc52f24f75cdba3765b30e79519a49e5dc5c0d27605048b15591e07892	application/octet-stream
eStab_0.9/branch/0.9.20_bugfix/4fach/design/simple/014.jpg	svn:mime-type	1e86d1bc52f24f75cdba3765b30e79519a49e5dc5c0d27605048b15591e07892	application/octet-stream
eStab_0.9/branch/0.9.20_bugfix/4fach/design/simple/015.jpg	svn:mime-type	1e86d1bc52f24f75cdba3765b30e79519a49e5dc5c0d27605048b15591e07892	application/octet-stream
eStab_0.9/branch/0.9.20_bugfix/4fach/design/simple/016.jpg	svn:mime-type	1e86d1bc52f24f75cdba3765b30e79519a49e5dc5c0d27605048b15591e07892	application/octet-stream
eStab_0.9/branch/0.9.20_bugfix/4fach/design/simple/017.jpg	svn:mime-type	1e86d1bc52f24f75cdba3765b30e79519a49e5dc5c0d27605048b15591e07892	application/octet-stream
eStab_0.9/branch/0.9.20_bugfix/4fach/design/simple/018.gif	svn:mime-type	1e86d1bc52f24f75cdba3765b30e79519a49e5dc5c0d27605048b15591e07892	application/octet-stream
eStab_0.9/branch/0.9.20_bugfix/4fach/design/simple/019.gif	svn:mime-type	1e86d1bc52f24f75cdba3765b30e79519a49e5dc5c0d27605048b15591e07892	application/octet-stream
eStab_0.9/branch/0.9.20_bugfix/4fach/design/simple/020.png	svn:mime-type	1e86d1bc52f24f75cdba3765b30e79519a49e5dc5c0d27605048b15591e07892	application/octet-stream
eStab_0.9/branch/0.9.20_bugfix/4fach/design/simple/021.png	svn:mime-type	1e86d1bc52f24f75cdba3765b30e79519a49e5dc5c0d27605048b15591e07892	application/octet-stream
eStab_0.9/branch/0.9.20_bugfix/4fach/design/simple/022.png	svn:mime-type	1e86d1bc52f24f75cdba3765b30e79519a49e5dc5c0d27605048b15591e07892	application/octet-stream
eStab_0.9/branch/0.9.20_bugfix/4fach/design/simple/023.png	svn:mime-type	1e86d1bc52f24f75cdba3765b30e79519a49e5dc5c0d27605048b15591e07892	application/octet-stream
eStab_0.9/branch/0.9.20_bugfix/4fach/design/simple/024.jpg	svn:mime-type	1e86d1bc52f24f75cdba3765b30e79519a49e5dc5c0d27605048b15591e07892	application/octet-stream
eStab_0.9/branch/0.9.20_bugfix/4fach/design/simple/025.gif	svn:mime-type	1e86d1bc52f24f75cdba3765b30e79519a49e5dc5c0d27605048b15591e07892	application/octet-stream
eStab_0.9/branch/0.9.20_bugfix/4fach/design/simple/026.gif	svn:mime-type	1e86d1bc52f24f75cdba3765b30e79519a49e5dc5c0d27605048b15591e07892	application/octet-stream
eStab_0.9/branch/0.9.20_bugfix/4fach/design/simple/027.gif	svn:mime-type	1e86d1bc52f24f75cdba3765b30e79519a49e5dc5c0d27605048b15591e07892	application/octet-stream
eStab_0.9/branch/0.9.20_bugfix/4fach/design/simple/028.gif	svn:mime-type	1e86d1bc52f24f75cdba3765b30e79519a49e5dc5c0d27605048b15591e07892	application/octet-stream
eStab_0.9/branch/0.9.20_bugfix/4fach/design/simple/028.jpg	svn:mime-type	1e86d1bc52f24f75cdba3765b30e79519a49e5dc5c0d27605048b15591e07892	application/octet-stream
eStab_0.9/branch/0.9.20_bugfix/4fach/design/simple/029.gif	svn:mime-type	1e86d1bc52f24f75cdba3765b30e79519a49e5dc5c0d27605048b15591e07892	application/octet-stream
eStab_0.9/branch/0.9.20_bugfix/4fach/design/simple/029.jpg	svn:mime-type	1e86d1bc52f24f75cdba3765b30e79519a49e5dc5c0d27605048b15591e07892	application/octet-stream
eStab_0.9/branch/0.9.20_bugfix/4fach/design/simple/030.jpg	svn:mime-type	1e86d1bc52f24f75cdba3765b30e79519a49e5dc5c0d27605048b15591e07892	application/octet-stream
eStab_0.9/branch/0.9.20_bugfix/4fach/design/simple/031.JPG	svn:mime-type	1e86d1bc52f24f75cdba3765b30e79519a49e5dc5c0d27605048b15591e07892	application/octet-stream
eStab_0.9/branch/0.9.20_bugfix/4fach/design/simple/035.jpg	svn:mime-type	1e86d1bc52f24f75cdba3765b30e79519a49e5dc5c0d27605048b15591e07892	application/octet-stream
eStab_0.9/branch/0.9.20_bugfix/4fach/design/simple/040.jpg	svn:mime-type	1e86d1bc52f24f75cdba3765b30e79519a49e5dc5c0d27605048b15591e07892	application/octet-stream
eStab_0.9/branch/0.9.20_bugfix/4fach/design/simple/050.gif	svn:mime-type	1e86d1bc52f24f75cdba3765b30e79519a49e5dc5c0d27605048b15591e07892	application/octet-stream
eStab_0.9/branch/0.9.20_bugfix/4fach/design/simple/051.gif	svn:mime-type	1e86d1bc52f24f75cdba3765b30e79519a49e5dc5c0d27605048b15591e07892	application/octet-stream
eStab_0.9/branch/0.9.20_bugfix/4fach/design/simple/A025.png	svn:mime-type	1e86d1bc52f24f75cdba3765b30e79519a49e5dc5c0d27605048b15591e07892	application/octet-stream
eStab_0.9/branch/0.9.20_bugfix/4fach/design/simple/A026.png	svn:mime-type	1e86d1bc52f24f75cdba3765b30e79519a49e5dc5c0d27605048b15591e07892	application/octet-stream
eStab_0.9/branch/0.9.20_bugfix/4fach/design/simple/A027.png	svn:mime-type	1e86d1bc52f24f75cdba3765b30e79519a49e5dc5c0d27605048b15591e07892	application/octet-stream
eStab_0.9/branch/0.9.20_bugfix/4fach/design/simple/A028.gif	svn:mime-type	1e86d1bc52f24f75cdba3765b30e79519a49e5dc5c0d27605048b15591e07892	application/octet-stream
eStab_0.9/branch/0.9.20_bugfix/4fach/design/simple/bl.png	svn:mime-type	1e86d1bc52f24f75cdba3765b30e79519a49e5dc5c0d27605048b15591e07892	application/octet-stream
eStab_0.9/branch/0.9.20_bugfix/4fach/design/simple/gn.png	svn:mime-type	1e86d1bc52f24f75cdba3765b30e79519a49e5dc5c0d27605048b15591e07892	application/octet-stream
eStab_0.9/branch/0.9.20_bugfix/4fach/design/simple/info.gif	svn:mime-type	1e86d1bc52f24f75cdba3765b30e79519a49e5dc5c0d27605048b15591e07892	application/octet-stream
eStab_0.9/branch/0.9.20_bugfix/4fach/design/simple/move.gif	svn:mime-type	1e86d1bc52f24f75cdba3765b30e79519a49e5dc5c0d27605048b15591e07892	application/octet-stream
eStab_0.9/branch/0.9.20_bugfix/4fach/design/simple/notify.wav	svn:mime-type	1e86d1bc52f24f75cdba3765b30e79519a49e5dc5c0d27605048b15591e07892	application/octet-stream
eStab_0.9/branch/0.9.20_bugfix/4fach/design/simple/null.gif	svn:mime-type	1e86d1bc52f24f75cdba3765b30e79519a49e5dc5c0d27605048b15591e07892	application/octet-stream
eStab_0.9/branch/0.9.20_bugfix/4fach/design/simple/null.jpg	svn:mime-type	1e86d1bc52f24f75cdba3765b30e79519a49e5dc5c0d27605048b15591e07892	application/octet-stream
eStab_0.9/branch/0.9.20_bugfix/4fach/design/simple/simple.bs	svn:mime-type	1e86d1bc52f24f75cdba3765b30e79519a49e5dc5c0d27605048b15591e07892	application/octet-stream
eStab_0.9/branch/0.9.20_bugfix/4fach/design/simple/vor.gif	svn:mime-type	1e86d1bc52f24f75cdba3765b30e79519a49e5dc5c0d27605048b15591e07892	application/octet-stream
eStab_0.9/branch/0.9.20_bugfix/4fach/null.gif	svn:mime-type	1e86d1bc52f24f75cdba3765b30e79519a49e5dc5c0d27605048b15591e07892	application/octet-stream
eStab_0.9/branch/0.9.20_bugfix/4fach/null.jpg	svn:mime-type	1e86d1bc52f24f75cdba3765b30e79519a49e5dc5c0d27605048b15591e07892	application/octet-stream
eStab_0.9/branch/0.9.20_bugfix/4fbak/ELHS.png	svn:mime-type	1e86d1bc52f24f75cdba3765b30e79519a49e5dc5c0d27605048b15591e07892	application/octet-stream
eStab_0.9/branch/0.9.20_bugfix/4fbak/Heinsberg.png	svn:mime-type	1e86d1bc52f24f75cdba3765b30e79519a49e5dc5c0d27605048b15591e07892	application/octet-stream
eStab_0.9/branch/0.9.20_bugfix/4fbak/fonts/Activa.ttf	svn:mime-type	1e86d1bc52f24f75cdba3765b30e79519a49e5dc5c0d27605048b15591e07892	application/octet-stream
eStab_0.9/branch/0.9.20_bugfix/4fbak/fonts/Alpha Beta BRK.ttf	svn:mime-type	1e86d1bc52f24f75cdba3765b30e79519a49e5dc5c0d27605048b15591e07892	application/octet-stream
eStab_0.9/branch/0.9.20_bugfix/4fbak/fonts/Alpha Romanie G98.ttf	svn:mime-type	1e86d1bc52f24f75cdba3765b30e79519a49e5dc5c0d27605048b15591e07892	application/octet-stream
eStab_0.9/branch/0.9.20_bugfix/4fbak/fonts/Garrison Cond. Sans BOLD.ttf	svn:mime-type	1e86d1bc52f24f75cdba3765b30e79519a49e5dc5c0d27605048b15591e07892	application/octet-stream
eStab_0.9/branch/0.9.20_bugfix/4fbak/fonts/Garrison Cond. Sans.ttf	svn:mime-type	1e86d1bc52f24f75cdba3765b30e79519a49e5dc5c0d27605048b15591e07892	application/octet-stream
eStab_0.9/branch/0.9.20_bugfix/4fbak/fonts/Garrison ExtraBold Sans BOLD.ttf	svn:mime-type	1e86d1bc52f24f75cdba3765b30e79519a49e5dc5c0d27605048b15591e07892	application/octet-stream
eStab_0.9/branch/0.9.20_bugfix/4fbak/fonts/Garrison ExtraCond. Sans.ttf	svn:mime-type	1e86d1bc52f24f75cdba3765b30e79519a49e5dc5c0d27605048b15591e07892	application/octet-stream
eStab_0.9/branch/0.9.20_bugfix/4fbak/fonts/Garrison Light Sans BOLD.ttf	svn:mime-type	1e86d1bc52f24f75cdba3765b30e79519a49e5dc5c0d27605048b15591e07892	application/octet-stream
eStab_0.9/branch/0.9.20_bugfix/4fbak/fonts/Garrison Light Sans BOLDITALIC.ttf	svn:mime-type	1e86d1bc52f24f75cdba3765b30e79519a49e5dc5c0d27605048b15591e07892	application/octet-stream
eStab_0.9/branch/0.9.20_bugfix/4fbak/fonts/Garrison Light Sans ITALIC.ttf	svn:mime-type	1e86d1bc52f24f75cdba3765b30e79519a49e5dc5c0d27605048b15591e07892	application/octet-stream
eStab_0.9/branch/0.9.20_bugfix/4fbak/fonts/Garrison Light Sans.ttf	svn:mime-type	1e86d1bc52f24f75cdba3765b30e79519a49e5dc5c0d27605048b15591e07892	application/octet-stream
eStab_0.9/branch/0.9.20_bugfix/4fbak/fonts/Garrison Sans BOLD.ttf	svn:mime-type	1e86d1bc52f24f75cdba3765b30e79519a49e5dc5c0d27605048b15591e07892	application/octet-stream
eStab_0.9/branch/0.9.20_bugfix/4fbak/fonts/Garrison Sans BOLDITALIC.ttf	svn:mime-type	1e86d1bc52f24f75cdba3765b30e79519a49e5dc5c0d27605048b15591e07892	application/octet-stream
eStab_0.9/branch/0.9.20_bugfix/4fbak/fonts/Garrison Sans ITALIC.ttf	svn:mime-type	1e86d1bc52f24f75cdba3765b30e79519a49e5dc5c0d27605048b15591e07892	application/octet-stream
eStab_0.9/branch/0.9.20_bugfix/4fbak/fonts/Garrison Sans.ttf	svn:mime-type	1e86d1bc52f24f75cdba3765b30e79519a49e5dc5c0d27605048b15591e07892	application/octet-stream
eStab_0.9/branch/0.9.20_bugfix/4fbak/fonts/georgia.ttf	svn:mime-type	1e86d1bc52f24f75cdba3765b30e79519a49e5dc5c0d27605048b15591e07892	application/octet-stream
eStab_0.9/branch/0.9.20_bugfix/4fbak/fonts/georgiab.ttf	svn:mime-type	1e86d1bc52f24f75cdba3765b30e79519a49e5dc5c0d27605048b15591e07892	application/octet-stream
eStab_0.9/branch/0.9.20_bugfix/4fbak/fonts/georgiai.ttf	svn:mime-type	1e86d1bc52f24f75cdba3765b30e79519a49e5dc5c0d27605048b15591e07892	application/octet-stream
eStab_0.9/branch/0.9.20_bugfix/4fbak/fonts/georgiaz.ttf	svn:mime-type	1e86d1bc52f24f75cdba3765b30e79519a49e5dc5c0d27605048b15591e07892	application/octet-stream
eStab_0.9/branch/0.9.20_bugfix/4fbak/fpdf/ex.pdf	svn:mime-type	1e86d1bc52f24f75cdba3765b30e79519a49e5dc5c0d27605048b15591e07892	application/octet-stream
eStab_0.9/branch/0.9.20_bugfix/4fbak/fpdf/tutorial/calligra.ttf	svn:mime-type	1e86d1bc52f24f75cdba3765b30e79519a49e5dc5c0d27605048b15591e07892	application/octet-stream
eStab_0.9/branch/0.9.20_bugfix/4fbak/fpdf/tutorial/calligra.z	svn:mime-type	1e86d1bc52f24f75cdba3765b30e79519a49e5dc5c0d27605048b15591e07892	application/octet-stream
eStab_0.9/branch/0.9.20_bugfix/4fbak/fpdf/tutorial/logo.png	svn:mime-type	1e86d1bc52f24f75cdba3765b30e79519a49e5dc5c0d27605048b15591e07892	application/octet-stream
eStab_0.9/branch/0.9.20_bugfix/4fbak/fpdf/tutorial/logo_pb.png	svn:mime-type	1e86d1bc52f24f75cdba3765b30e79519a49e5dc5c0d27605048b15591e07892	application/octet-stream
eStab_0.9/branch/0.9.20_bugfix/4fbak/logo.png	svn:mime-type	1e86d1bc52f24f75cdba3765b30e79519a49e5dc5c0d27605048b15591e07892	application/octet-stream
eStab_0.9/branch/0.9.20_bugfix/4fbak/thw.png	svn:mime-type	1e86d1bc52f24f75cdba3765b30e79519a49e5dc5c0d27605048b15591e07892	application/octet-stream
eStab_0.9/branch/0.9.20_bugfix/4fdata/estab_20100409/anhang/HS0001.jpg	svn:mime-type	1e86d1bc52f24f75cdba3765b30e79519a49e5dc5c0d27605048b15591e07892	application/octet-stream
eStab_0.9/branch/0.9.20_bugfix/4fdata/estab_20100410/anhang/HS0001.jpg	svn:mime-type	1e86d1bc52f24f75cdba3765b30e79519a49e5dc5c0d27605048b15591e07892	application/octet-stream
eStab_0.9/branch/0.9.20_bugfix/4fdata/estab_20100410/anhang/HS0002.jpg	svn:mime-type	1e86d1bc52f24f75cdba3765b30e79519a49e5dc5c0d27605048b15591e07892	application/octet-stream
eStab_0.9/branch/0.9.20_bugfix/4fdata/estab_20100410/anhang/HS0003.jpg	svn:mime-type	1e86d1bc52f24f75cdba3765b30e79519a49e5dc5c0d27605048b15591e07892	application/octet-stream
eStab_0.9/branch/0.9.20_bugfix/4fdata/estab_20100410/vordruck/estab_20100410 1 A.pdf	svn:mime-type	1e86d1bc52f24f75cdba3765b30e79519a49e5dc5c0d27605048b15591e07892	application/octet-stream
eStab_0.9/branch/0.9.20_bugfix/4fdata/estab_20100410/vordruck/estab_20100410 1 A.png	svn:mime-type	1e86d1bc52f24f75cdba3765b30e79519a49e5dc5c0d27605048b15591e07892	application/octet-stream
eStab_0.9/branch/0.9.20_bugfix/4fdata/estab_20100410/vordruck/estab_20100410 2 E.pdf	svn:mime-type	1e86d1bc52f24f75cdba3765b30e79519a49e5dc5c0d27605048b15591e07892	application/octet-stream
eStab_0.9/branch/0.9.20_bugfix/4fdata/estab_20100410/vordruck/estab_20100410 2 E.png	svn:mime-type	1e86d1bc52f24f75cdba3765b30e79519a49e5dc5c0d27605048b15591e07892	application/octet-stream
eStab_0.9/branch/0.9.20_bugfix/4fdata/estab_20100823/vordruck/estab_20100823 1 E.png	svn:mime-type	1e86d1bc52f24f75cdba3765b30e79519a49e5dc5c0d27605048b15591e07892	application/octet-stream
eStab_0.9/branch/0.9.20_bugfix/4fdata/estab_20100823/vordruck/estab_20100823 2 A.pdf	svn:mime-type	1e86d1bc52f24f75cdba3765b30e79519a49e5dc5c0d27605048b15591e07892	application/octet-stream
eStab_0.9/branch/0.9.20_bugfix/4fdata/estab_20100823/vordruck/estab_20100823 2 A.png	svn:mime-type	1e86d1bc52f24f75cdba3765b30e79519a49e5dc5c0d27605048b15591e07892	application/octet-stream
eStab_0.9/branch/0.9.20_bugfix/4fsym/4fach_aktiv.png	svn:mime-type	1e86d1bc52f24f75cdba3765b30e79519a49e5dc5c0d27605048b15591e07892	application/octet-stream
eStab_0.9/branch/0.9.20_bugfix/4fsym/4fach_inaktiv.png	svn:mime-type	1e86d1bc52f24f75cdba3765b30e79519a49e5dc5c0d27605048b15591e07892	application/octet-stream
eStab_0.9/branch/0.9.20_bugfix/4fsym/IuK.bmp	svn:mime-type	1e86d1bc52f24f75cdba3765b30e79519a49e5dc5c0d27605048b15591e07892	application/octet-stream
eStab_0.9/branch/0.9.20_bugfix/4fsym/abc_aktiv.png	svn:mime-type	1e86d1bc52f24f75cdba3765b30e79519a49e5dc5c0d27605048b15591e07892	application/octet-stream
eStab_0.9/branch/0.9.20_bugfix/4fsym/abc_inaktiv.png	svn:mime-type	1e86d1bc52f24f75cdba3765b30e79519a49e5dc5c0d27605048b15591e07892	application/octet-stream
eStab_0.9/branch/0.9.20_bugfix/4fsym/achtung.gif	svn:mime-type	1e86d1bc52f24f75cdba3765b30e79519a49e5dc5c0d27605048b15591e07892	application/octet-stream
eStab_0.9/branch/0.9.20_bugfix/4fsym/achtung01.gif	svn:mime-type	1e86d1bc52f24f75cdba3765b30e79519a49e5dc5c0d27605048b15591e07892	application/octet-stream
eStab_0.9/branch/0.9.20_bugfix/4fsym/adm_aktiv.png	svn:mime-type	1e86d1bc52f24f75cdba3765b30e79519a49e5dc5c0d27605048b15591e07892	application/octet-stream
eStab_0.9/branch/0.9.20_bugfix/4fsym/adm_inaktiv.png	svn:mime-type	1e86d1bc52f24f75cdba3765b30e79519a49e5dc5c0d27605048b15591e07892	application/octet-stream
eStab_0.9/branch/0.9.20_bugfix/4fsym/all_msg.png	svn:mime-type	1e86d1bc52f24f75cdba3765b30e79519a49e5dc5c0d27605048b15591e07892	application/octet-stream
eStab_0.9/branch/0.9.20_bugfix/4fsym/bhp_aktiv.png	svn:mime-type	1e86d1bc52f24f75cdba3765b30e79519a49e5dc5c0d27605048b15591e07892	application/octet-stream
eStab_0.9/branch/0.9.20_bugfix/4fsym/bhp_inaktiv.png	svn:mime-type	1e86d1bc52f24f75cdba3765b30e79519a49e5dc5c0d27605048b15591e07892	application/octet-stream
eStab_0.9/branch/0.9.20_bugfix/4fsym/br.jpg	svn:mime-type	1e86d1bc52f24f75cdba3765b30e79519a49e5dc5c0d27605048b15591e07892	application/octet-stream
eStab_0.9/branch/0.9.20_bugfix/4fsym/db_aktiv.png	svn:mime-type	1e86d1bc52f24f75cdba3765b30e79519a49e5dc5c0d27605048b15591e07892	application/octet-stream
eStab_0.9/branch/0.9.20_bugfix/4fsym/db_inaktiv.png	svn:mime-type	1e86d1bc52f24f75cdba3765b30e79519a49e5dc5c0d27605048b15591e07892	application/octet-stream
eStab_0.9/branch/0.9.20_bugfix/4fsym/el80.gif	svn:mime-type	1e86d1bc52f24f75cdba3765b30e79519a49e5dc5c0d27605048b15591e07892	application/octet-stream
eStab_0.9/branch/0.9.20_bugfix/4fsym/el80.jpg	svn:mime-type	1e86d1bc52f24f75cdba3765b30e79519a49e5dc5c0d27605048b15591e07892	application/octet-stream
eStab_0.9/branch/0.9.20_bugfix/4fsym/el8001.jpg	svn:mime-type	1e86d1bc52f24f75cdba3765b30e79519a49e5dc5c0d27605048b15591e07892	application/octet-stream
eStab_0.9/branch/0.9.20_bugfix/4fsym/etb_aktiv.png	svn:mime-type	1e86d1bc52f24f75cdba3765b30e79519a49e5dc5c0d27605048b15591e07892	application/octet-stream
eStab_0.9/branch/0.9.20_bugfix/4fsym/etb_inaktiv.png	svn:mime-type	1e86d1bc52f24f75cdba3765b30e79519a49e5dc5c0d27605048b15591e07892	application/octet-stream
eStab_0.9/branch/0.9.20_bugfix/4fsym/greenlight.gif	svn:mime-type	1e86d1bc52f24f75cdba3765b30e79519a49e5dc5c0d27605048b15591e07892	application/octet-stream
eStab_0.9/branch/0.9.20_bugfix/4fsym/icon_handbuch.gif	svn:mime-type	1e86d1bc52f24f75cdba3765b30e79519a49e5dc5c0d27605048b15591e07892	application/octet-stream
eStab_0.9/branch/0.9.20_bugfix/4fsym/iuk_80.jpg	svn:mime-type	1e86d1bc52f24f75cdba3765b30e79519a49e5dc5c0d27605048b15591e07892	application/octet-stream
eStab_0.9/branch/0.9.20_bugfix/4fsym/iuk_hs80.jpg	svn:mime-type	1e86d1bc52f24f75cdba3765b30e79519a49e5dc5c0d27605048b15591e07892	application/octet-stream
eStab_0.9/branch/0.9.20_bugfix/4fsym/iuk_hs80.png	svn:mime-type	1e86d1bc52f24f75cdba3765b30e79519a49e5dc5c0d27605048b15591e07892	application/octet-stream
eStab_0.9/branch/0.9.20_bugfix/4fsym/kh_aktiv.jpg	svn:mime-type	1e86d1bc52f24f75cdba3765b30e79519a49e5dc5c0d27605048b15591e07892	application/octet-stream
eStab_0.9/branch/0.9.20_bugfix/4fsym/kh_inaktiv.jpg	svn:mime-type	1e86d1bc52f24f75cdba3765b30e79519a49e5dc5c0d27605048b15591e07892	application/octet-stream
eStab_0.9/branch/0.9.20_bugfix/4fsym/merke.gif	svn:mime-type	1e86d1bc52f24f75cdba3765b30e79519a49e5dc5c0d27605048b15591e07892	application/octet-stream
eStab_0.9/branch/0.9.20_bugfix/4fsym/merke.jpg	svn:mime-type	1e86d1bc52f24f75cdba3765b30e79519a49e5dc5c0d27605048b15591e07892	application/octet-stream
eStab_0.9/branch/0.9.20_bugfix/4fsym/merke32.gif	svn:mime-type	1e86d1bc52f24f75cdba3765b30e79519a49e5dc5c0d27605048b15591e07892	application/octet-stream
eStab_0.9/branch/0.9.20_bugfix/4fsym/null.gif	svn:mime-type	1e86d1bc52f24f75cdba3765b30e79519a49e5dc5c0d27605048b15591e07892	application/octet-stream
eStab_0.9/branch/0.9.20_bugfix/4fsym/null.jpg	svn:mime-type	1e86d1bc52f24f75cdba3765b30e79519a49e5dc5c0d27605048b15591e07892	application/octet-stream
eStab_0.9/branch/0.9.20_bugfix/4fsym/nw.png	svn:mime-type	1e86d1bc52f24f75cdba3765b30e79519a49e5dc5c0d27605048b15591e07892	application/octet-stream
eStab_0.9/branch/0.9.20_bugfix/4fsym/nwa_aktiv.png	svn:mime-type	1e86d1bc52f24f75cdba3765b30e79519a49e5dc5c0d27605048b15591e07892	application/octet-stream
eStab_0.9/branch/0.9.20_bugfix/4fsym/nwe_aktiv.png	svn:mime-type	1e86d1bc52f24f75cdba3765b30e79519a49e5dc5c0d27605048b15591e07892	application/octet-stream
eStab_0.9/branch/0.9.20_bugfix/4fsym/nwea_aktiv.png	svn:mime-type	1e86d1bc52f24f75cdba3765b30e79519a49e5dc5c0d27605048b15591e07892	application/octet-stream
eStab_0.9/branch/0.9.20_bugfix/4fsym/nwea_inaktiv.png	svn:mime-type	1e86d1bc52f24f75cdba3765b30e79519a49e5dc5c0d27605048b15591e07892	application/octet-stream
eStab_0.9/branch/0.9.20_bugfix/4fsym/redlight.gif	svn:mime-type	1e86d1bc52f24f75cdba3765b30e79519a49e5dc5c0d27605048b15591e07892	application/octet-stream
eStab_0.9/branch/0.9.20_bugfix/4fsym/tbb_aktiv.png	svn:mime-type	1e86d1bc52f24f75cdba3765b30e79519a49e5dc5c0d27605048b15591e07892	application/octet-stream
eStab_0.9/branch/0.9.20_bugfix/4fsym/tbb_inaktiv.png	svn:mime-type	1e86d1bc52f24f75cdba3765b30e79519a49e5dc5c0d27605048b15591e07892	application/octet-stream
eStab_0.9/branch/0.9.20_bugfix/4fsym/vorsicht.gif	svn:mime-type	1e86d1bc52f24f75cdba3765b30e79519a49e5dc5c0d27605048b15591e07892	application/octet-stream
eStab_0.9/branch/0.9.20_bugfix/4fsym/yellowlight.gif	svn:mime-type	1e86d1bc52f24f75cdba3765b30e79519a49e5dc5c0d27605048b15591e07892	application/octet-stream
eStab_0.9/branch/0.9.20_bugfix/doku/Handbuch_eStab.pdf	svn:mime-type	1e86d1bc52f24f75cdba3765b30e79519a49e5dc5c0d27605048b15591e07892	application/octet-stream
eStab_0.9/branch/0.9.20_bugfix/favicon.ico	svn:mime-type	1e86d1bc52f24f75cdba3765b30e79519a49e5dc5c0d27605048b15591e07892	application/octet-stream
eStab_0.9/branch/0.9.20_bugfix/stabetb/null.gif	svn:mime-type	1e86d1bc52f24f75cdba3765b30e79519a49e5dc5c0d27605048b15591e07892	application/octet-stream
eStab_0.9/branch/0.9.20_bugfix/stabetb/null.jpg	svn:mime-type	1e86d1bc52f24f75cdba3765b30e79519a49e5dc5c0d27605048b15591e07892	application/octet-stream
eStab_0.9/branch/0.9.20_bugfix/stabinfo/ELStab.jpg	svn:mime-type	1e86d1bc52f24f75cdba3765b30e79519a49e5dc5c0d27605048b15591e07892	application/octet-stream
eStab_0.9/branch/0.9.20_bugfix/stabinfo/Warendorf L4112 Kartendatum ED50.png	svn:mime-type	1e86d1bc52f24f75cdba3765b30e79519a49e5dc5c0d27605048b15591e07892	application/octet-stream
eStab_0.9/branch/0.9.20_bugfix/stabinfo/Warendorf L4112 Kartendatum WGS84.png	svn:mime-type	1e86d1bc52f24f75cdba3765b30e79519a49e5dc5c0d27605048b15591e07892	application/octet-stream
eStab_0.9/branch/0.9.20_buttons_rework/4fach/design/HL0001/001.jpg	svn:mime-type	1e86d1bc52f24f75cdba3765b30e79519a49e5dc5c0d27605048b15591e07892	application/octet-stream
eStab_0.9/branch/0.9.20_buttons_rework/4fach/design/HL0001/002.jpg	svn:mime-type	1e86d1bc52f24f75cdba3765b30e79519a49e5dc5c0d27605048b15591e07892	application/octet-stream
eStab_0.9/branch/0.9.20_buttons_rework/4fach/design/HL0001/003.jpg	svn:mime-type	1e86d1bc52f24f75cdba3765b30e79519a49e5dc5c0d27605048b15591e07892	application/octet-stream
eStab_0.9/branch/0.9.20_buttons_rework/4fach/design/HL0001/004.jpg	svn:mime-type	1e86d1bc52f24f75cdba3765b30e79519a49e5dc5c0d27605048b15591e07892	application/octet-stream
eStab_0.9/branch/0.9.20_buttons_rework/4fach/design/HL0001/005.jpg	svn:mime-type	1e86d1bc52f24f75cdba3765b30e79519a49e5dc5c0d27605048b15591e07892	application/octet-stream
eStab_0.9/branch/0.9.20_buttons_rework/4fach/design/HL0001/006.jpg	svn:mime-type	1e86d1bc52f24f75cdba3765b30e79519a49e5dc5c0d27605048b15591e07892	application/octet-stream
eStab_0.9/branch/0.9.20_buttons_rework/4fach/design/HL0001/007.jpg	svn:mime-type	1e86d1bc52f24f75cdba3765b30e79519a49e5dc5c0d27605048b15591e07892	application/octet-stream
eStab_0.9/branch/0.9.20_buttons_rework/4fach/design/HL0001/008.jpg	svn:mime-type	1e86d1bc52f24f75cdba3765b30e79519a49e5dc5c0d27605048b15591e07892	application/octet-stream
eStab_0.9/branch/0.9.20_buttons_rework/4fach/design/HL0001/009.jpg	svn:mime-type	1e86d1bc52f24f75cdba3765b30e79519a49e5dc5c0d27605048b15591e07892	application/octet-stream
eStab_0.9/branch/0.9.20_buttons_rework/4fach/design/HL0001/010.jpg	svn:mime-type	1e86d1bc52f24f75cdba3765b30e79519a49e5dc5c0d27605048b15591e07892	application/octet-stream
eStab_0.9/branch/0.9.20_buttons_rework/4fach/design/HL0001/011.jpg	svn:mime-type	1e86d1bc52f24f75cdba3765b30e79519a49e5dc5c0d27605048b15591e07892	application/octet-stream
eStab_0.9/branch/0.9.20_buttons_rework/4fach/design/HL0001/013.jpg	svn:mime-type	1e86d1bc52f24f75cdba3765b30e79519a49e5dc5c0d27605048b15591e07892	application/octet-stream
eStab_0.9/branch/0.9.20_buttons_rework/4fach/design/HL0001/014.jpg	svn:mime-type	1e86d1bc52f24f75cdba3765b30e79519a49e5dc5c0d27605048b15591e07892	application/octet-stream
eStab_0.9/branch/0.9.20_buttons_rework/4fach/design/HL0001/016.jpg	svn:mime-type	1e86d1bc52f24f75cdba3765b30e79519a49e5dc5c0d27605048b15591e07892	application/octet-stream
eStab_0.9/branch/0.9.20_buttons_rework/4fach/design/HL0001/017.jpg	svn:mime-type	1e86d1bc52f24f75cdba3765b30e79519a49e5dc5c0d27605048b15591e07892	application/octet-stream
eStab_0.9/branch/0.9.20_buttons_rework/4fach/design/HL0001/018.gif	svn:mime-type	1e86d1bc52f24f75cdba3765b30e79519a49e5dc5c0d27605048b15591e07892	application/octet-stream
eStab_0.9/branch/0.9.20_buttons_rework/4fach/design/HL0001/020.gif	svn:mime-type	1e86d1bc52f24f75cdba3765b30e79519a49e5dc5c0d27605048b15591e07892	application/octet-stream
eStab_0.9/branch/0.9.20_buttons_rework/4fach/design/HL0001/021.gif	svn:mime-type	1e86d1bc52f24f75cdba3765b30e79519a49e5dc5c0d27605048b15591e07892	application/octet-stream
eStab_0.9/branch/0.9.20_buttons_rework/4fach/design/HL0001/022.gif	svn:mime-type	1e86d1bc52f24f75cdba3765b30e79519a49e5dc5c0d27605048b15591e07892	application/octet-stream
eStab_0.9/branch/0.9.20_buttons_rework/4fach/design/HL0001/Buttonvorlage.bs	svn:mime-type	1e86d1bc52f24f75cdba3765b30e79519a49e5dc5c0d27605048b15591e07892	application/octet-stream
eStab_0.9/branch/0.9.20_buttons_rework/4fach/design/HL0001/Buttonvorlage_gruen.bs	svn:mime-type	1e86d1bc52f24f75cdba3765b30e79519a49e5dc5c0d27605048b15591e07892	application/octet-stream
eStab_0.9/branch/0.9.20_buttons_rework/4fach/design/HL0001/Buttonvorlage_hellblau.bs	svn:mime-type	1e86d1bc52f24f75cdba3765b30e79519a49e5dc5c0d27605048b15591e07892	application/octet-stream
eStab_0.9/branch/0.9.20_buttons_rework/4fach/design/HL0001/Buttonvorlage_rot.bs	svn:mime-type	1e86d1bc52f24f75cdba3765b30e79519a49e5dc5c0d27605048b15591e07892	application/octet-stream
eStab_0.9/branch/0.9.20_buttons_rework/4fach/design/HL0001/Kopie von abmelden.jpg	svn:mime-type	1e86d1bc52f24f75cdba3765b30e79519a49e5dc5c0d27605048b15591e07892	application/octet-stream
eStab_0.9/branch/0.9.20_buttons_rework/4fach/design/HL0001/d_hoch01.gif	svn:mime-type	1e86d1bc52f24f75cdba3765b30e79519a49e5dc5c0d27605048b15591e07892	application/octet-stream
eStab_0.9/branch/0.9.20_buttons_rework/4fach/design/HL0001/greenlight.gif	svn:mime-type	1e86d1bc52f24f75cdba3765b30e79519a49e5dc5c0d27605048b15591e07892	application/octet-stream
eStab_0.9/branch/0.9.20_buttons_rework/4fach/design/HL0001/hochladen.JPG	svn:mime-type	1e86d1bc52f24f75cdba3765b30e79519a49e5dc5c0d27605048b15591e07892	application/octet-stream
eStab_0.9/branch/0.9.20_buttons_rework/4fach/design/HL0001/n_sichten.jpg	svn:mime-type	1e86d1bc52f24f75cdba3765b30e79519a49e5dc5c0d27605048b15591e07892	application/octet-stream
eStab_0.9/branch/0.9.20_buttons_rework/4fach/design/HL0001/null.gif	svn:mime-type	1e86d1bc52f24f75cdba3765b30e79519a49e5dc5c0d27605048b15591e07892	application/octet-stream
eStab_0.9/branch/0.9.20_buttons_rework/4fach/design/HL0001/null.jpg	svn:mime-type	1e86d1bc52f24f75cdba3765b30e79519a49e5dc5c0d27605048b15591e07892	application/octet-stream
eStab_0.9/branch/0.9.20_buttons_rework/4fach/design/HL0001/redlight.gif	svn:mime-type	1e86d1bc52f24f75cdba3765b30e79519a49e5dc5c0d27605048b15591e07892	application/octet-stream
eStab_0.9/branch/0.9.20_buttons_rework/4fach/design/HL0001/yellowlight.gif	svn:mime-type	1e86d1bc52f24f75cdba3765b30e79519a49e5dc5c0d27605048b15591e07892	application/octet-stream
eStab_0.9/branch/0.9.20_buttons_rework/4fach/design/HS/000.gif	svn:mime-type	1e86d1bc52f24f75cdba3765b30e79519a49e5dc5c0d27605048b15591e07892	application/octet-stream
eStab_0.9/branch/0.9.20_buttons_rework/4fach/design/HS/2ndAssort.gif	svn:mime-type	1e86d1bc52f24f75cdba3765b30e79519a49e5dc5c0d27605048b15591e07892	application/octet-stream
eStab_0.9/branch/0.9.20_buttons_rework/4fach/design/HS/_go_back.gif	svn:mime-type	1e86d1bc52f24f75cdba3765b30e79519a49e5dc5c0d27605048b15591e07892	application/octet-stream
eStab_0.9/branch/0.9.20_buttons_rework/4fach/design/HS/_go_end.gif	svn:mime-type	1e86d1bc52f24f75cdba3765b30e79519a49e5dc5c0d27605048b15591e07892	application/octet-stream
eStab_0.9/branch/0.9.20_buttons_rework/4fach/design/HS/_go_forward.gif	svn:mime-type	1e86d1bc52f24f75cdba3765b30e79519a49e5dc5c0d27605048b15591e07892	application/octet-stream
eStab_0.9/branch/0.9.20_buttons_rework/4fach/design/HS/_go_start.gif	svn:mime-type	1e86d1bc52f24f75cdba3765b30e79519a49e5dc5c0d27605048b15591e07892	application/octet-stream
eStab_0.9/branch/0.9.20_buttons_rework/4fach/design/HS/_status_blue.gif	svn:mime-type	1e86d1bc52f24f75cdba3765b30e79519a49e5dc5c0d27605048b15591e07892	application/octet-stream
eStab_0.9/branch/0.9.20_buttons_rework/4fach/design/HS/_status_green.gif	svn:mime-type	1e86d1bc52f24f75cdba3765b30e79519a49e5dc5c0d27605048b15591e07892	application/octet-stream
eStab_0.9/branch/0.9.20_buttons_rework/4fach/design/HS/_status_yellow.gif	svn:mime-type	1e86d1bc52f24f75cdba3765b30e79519a49e5dc5c0d27605048b15591e07892	application/octet-stream
eStab_0.9/branch/0.9.20_buttons_rework/4fach/design/HS/all.gif	svn:mime-type	1e86d1bc52f24f75cdba3765b30e79519a49e5dc5c0d27605048b15591e07892	application/octet-stream
eStab_0.9/branch/0.9.20_buttons_rework/4fach/design/HS/assort.gif	svn:mime-type	1e86d1bc52f24f75cdba3765b30e79519a49e5dc5c0d27605048b15591e07892	application/octet-stream
eStab_0.9/branch/0.9.20_buttons_rework/4fach/design/HS/attachment.gif	svn:mime-type	1e86d1bc52f24f75cdba3765b30e79519a49e5dc5c0d27605048b15591e07892	application/octet-stream
eStab_0.9/branch/0.9.20_buttons_rework/4fach/design/HS/cancel.gif	svn:mime-type	1e86d1bc52f24f75cdba3765b30e79519a49e5dc5c0d27605048b15591e07892	application/octet-stream
eStab_0.9/branch/0.9.20_buttons_rework/4fach/design/HS/checked.gif	svn:mime-type	1e86d1bc52f24f75cdba3765b30e79519a49e5dc5c0d27605048b15591e07892	application/octet-stream
eStab_0.9/branch/0.9.20_buttons_rework/4fach/design/HS/delete.gif	svn:mime-type	1e86d1bc52f24f75cdba3765b30e79519a49e5dc5c0d27605048b15591e07892	application/octet-stream
eStab_0.9/branch/0.9.20_buttons_rework/4fach/design/HS/edit.gif	svn:mime-type	1e86d1bc52f24f75cdba3765b30e79519a49e5dc5c0d27605048b15591e07892	application/octet-stream
eStab_0.9/branch/0.9.20_buttons_rework/4fach/design/HS/file_global.gif	svn:mime-type	1e86d1bc52f24f75cdba3765b30e79519a49e5dc5c0d27605048b15591e07892	application/octet-stream
eStab_0.9/branch/0.9.20_buttons_rework/4fach/design/HS/file_local.gif	svn:mime-type	1e86d1bc52f24f75cdba3765b30e79519a49e5dc5c0d27605048b15591e07892	application/octet-stream
eStab_0.9/branch/0.9.20_buttons_rework/4fach/design/HS/filethis.gif	svn:mime-type	1e86d1bc52f24f75cdba3765b30e79519a49e5dc5c0d27605048b15591e07892	application/octet-stream
eStab_0.9/branch/0.9.20_buttons_rework/4fach/design/HS/folder_global.gif	svn:mime-type	1e86d1bc52f24f75cdba3765b30e79519a49e5dc5c0d27605048b15591e07892	application/octet-stream
eStab_0.9/branch/0.9.20_buttons_rework/4fach/design/HS/folder_local.gif	svn:mime-type	1e86d1bc52f24f75cdba3765b30e79519a49e5dc5c0d27605048b15591e07892	application/octet-stream
eStab_0.9/branch/0.9.20_buttons_rework/4fach/design/HS/forward.gif	svn:mime-type	1e86d1bc52f24f75cdba3765b30e79519a49e5dc5c0d27605048b15591e07892	application/octet-stream
eStab_0.9/branch/0.9.20_buttons_rework/4fach/design/HS/go_back.gif	svn:mime-type	1e86d1bc52f24f75cdba3765b30e79519a49e5dc5c0d27605048b15591e07892	application/octet-stream
eStab_0.9/branch/0.9.20_buttons_rework/4fach/design/HS/go_end.gif	svn:mime-type	1e86d1bc52f24f75cdba3765b30e79519a49e5dc5c0d27605048b15591e07892	application/octet-stream
eStab_0.9/branch/0.9.20_buttons_rework/4fach/design/HS/go_forward.gif	svn:mime-type	1e86d1bc52f24f75cdba3765b30e79519a49e5dc5c0d27605048b15591e07892	application/octet-stream
eStab_0.9/branch/0.9.20_buttons_rework/4fach/design/HS/go_start.gif	svn:mime-type	1e86d1bc52f24f75cdba3765b30e79519a49e5dc5c0d27605048b15591e07892	application/octet-stream
eStab_0.9/branch/0.9.20_buttons_rework/4fach/design/HS/in.gif	svn:mime-type	1e86d1bc52f24f75cdba3765b30e79519a49e5dc5c0d27605048b15591e07892	application/octet-stream
eStab_0.9/branch/0.9.20_buttons_rework/4fach/design/HS/info.gif	svn:mime-type	1e86d1bc52f24f75cdba3765b30e79519a49e5dc5c0d27605048b15591e07892	application/octet-stream
eStab_0.9/branch/0.9.20_buttons_rework/4fach/design/HS/isread.gif	svn:mime-type	1e86d1bc52f24f75cdba3765b30e79519a49e5dc5c0d27605048b15591e07892	application/octet-stream
eStab_0.9/branch/0.9.20_buttons_rework/4fach/design/HS/load.gif	svn:mime-type	1e86d1bc52f24f75cdba3765b30e79519a49e5dc5c0d27605048b15591e07892	application/octet-stream
eStab_0.9/branch/0.9.20_buttons_rework/4fach/design/HS/logbook_entry.gif	svn:mime-type	1e86d1bc52f24f75cdba3765b30e79519a49e5dc5c0d27605048b15591e07892	application/octet-stream
eStab_0.9/branch/0.9.20_buttons_rework/4fach/design/HS/logon.gif	svn:mime-type	1e86d1bc52f24f75cdba3765b30e79519a49e5dc5c0d27605048b15591e07892	application/octet-stream
eStab_0.9/branch/0.9.20_buttons_rework/4fach/design/HS/logout.gif	svn:mime-type	1e86d1bc52f24f75cdba3765b30e79519a49e5dc5c0d27605048b15591e07892	application/octet-stream
eStab_0.9/branch/0.9.20_buttons_rework/4fach/design/HS/mail_prio_unread.gif	svn:mime-type	1e86d1bc52f24f75cdba3765b30e79519a49e5dc5c0d27605048b15591e07892	application/octet-stream
eStab_0.9/branch/0.9.20_buttons_rework/4fach/design/HS/mail_unread.gif	svn:mime-type	1e86d1bc52f24f75cdba3765b30e79519a49e5dc5c0d27605048b15591e07892	application/octet-stream
eStab_0.9/branch/0.9.20_buttons_rework/4fach/design/HS/notify_aw.wav	svn:mime-type	1e86d1bc52f24f75cdba3765b30e79519a49e5dc5c0d27605048b15591e07892	application/octet-stream
eStab_0.9/branch/0.9.20_buttons_rework/4fach/design/HS/notify_si.wav	svn:mime-type	1e86d1bc52f24f75cdba3765b30e79519a49e5dc5c0d27605048b15591e07892	application/octet-stream
eStab_0.9/branch/0.9.20_buttons_rework/4fach/design/HS/notify_stab.wav	svn:mime-type	1e86d1bc52f24f75cdba3765b30e79519a49e5dc5c0d27605048b15591e07892	application/octet-stream
eStab_0.9/branch/0.9.20_buttons_rework/4fach/design/HS/null.gif	svn:mime-type	1e86d1bc52f24f75cdba3765b30e79519a49e5dc5c0d27605048b15591e07892	application/octet-stream
eStab_0.9/branch/0.9.20_buttons_rework/4fach/design/HS/null.jpg	svn:mime-type	1e86d1bc52f24f75cdba3765b30e79519a49e5dc5c0d27605048b15591e07892	application/octet-stream
eStab_0.9/branch/0.9.20_buttons_rework/4fach/design/HS/ok.gif	svn:mime-type	1e86d1bc52f24f75cdba3765b30e79519a49e5dc5c0d27605048b15591e07892	application/octet-stream
eStab_0.9/branch/0.9.20_buttons_rework/4fach/design/HS/out.gif	svn:mime-type	1e86d1bc52f24f75cdba3765b30e79519a49e5dc5c0d27605048b15591e07892	application/octet-stream
eStab_0.9/branch/0.9.20_buttons_rework/4fach/design/HS/print.gif	svn:mime-type	1e86d1bc52f24f75cdba3765b30e79519a49e5dc5c0d27605048b15591e07892	application/octet-stream
eStab_0.9/branch/0.9.20_buttons_rework/4fach/design/HS/read.gif	svn:mime-type	1e86d1bc52f24f75cdba3765b30e79519a49e5dc5c0d27605048b15591e07892	application/octet-stream
eStab_0.9/branch/0.9.20_buttons_rework/4fach/design/HS/reply.gif	svn:mime-type	1e86d1bc52f24f75cdba3765b30e79519a49e5dc5c0d27605048b15591e07892	application/octet-stream
eStab_0.9/branch/0.9.20_buttons_rework/4fach/design/HS/save.gif	svn:mime-type	1e86d1bc52f24f75cdba3765b30e79519a49e5dc5c0d27605048b15591e07892	application/octet-stream
eStab_0.9/branch/0.9.20_buttons_rework/4fach/design/HS/second.bs	svn:mime-type	1e86d1bc52f24f75cdba3765b30e79519a49e5dc5c0d27605048b15591e07892	application/octet-stream
eStab_0.9/branch/0.9.20_buttons_rework/4fach/design/HS/send.gif	svn:mime-type	1e86d1bc52f24f75cdba3765b30e79519a49e5dc5c0d27605048b15591e07892	application/octet-stream
eStab_0.9/branch/0.9.20_buttons_rework/4fach/design/HS/status_green.gif	svn:mime-type	1e86d1bc52f24f75cdba3765b30e79519a49e5dc5c0d27605048b15591e07892	application/octet-stream
eStab_0.9/branch/0.9.20_buttons_rework/4fach/design/HS/status_red.gif	svn:mime-type	1e86d1bc52f24f75cdba3765b30e79519a49e5dc5c0d27605048b15591e07892	application/octet-stream
eStab_0.9/branch/0.9.20_buttons_rework/4fach/design/HS/status_yellow.gif	svn:mime-type	1e86d1bc52f24f75cdba3765b30e79519a49e5dc5c0d27605048b15591e07892	application/octet-stream
eStab_0.9/branch/0.9.20_buttons_rework/4fach/design/HS/task_done.gif	svn:mime-type	1e86d1bc52f24f75cdba3765b30e79519a49e5dc5c0d27605048b15591e07892	application/octet-stream
eStab_0.9/branch/0.9.20_buttons_rework/4fach/design/HS/task_due.gif	svn:mime-type	1e86d1bc52f24f75cdba3765b30e79519a49e5dc5c0d27605048b15591e07892	application/octet-stream
eStab_0.9/branch/0.9.20_buttons_rework/4fach/design/HS/timer.gif	svn:mime-type	1e86d1bc52f24f75cdba3765b30e79519a49e5dc5c0d27605048b15591e07892	application/octet-stream
eStab_0.9/branch/0.9.20_buttons_rework/4fach/design/HS/transport.gif	svn:mime-type	1e86d1bc52f24f75cdba3765b30e79519a49e5dc5c0d27605048b15591e07892	application/octet-stream
eStab_0.9/branch/0.9.20_buttons_rework/4fach/design/HS/upload.gif	svn:mime-type	1e86d1bc52f24f75cdba3765b30e79519a49e5dc5c0d27605048b15591e07892	application/octet-stream
eStab_0.9/branch/0.9.20_buttons_rework/4fach/design/HS/users.gif	svn:mime-type	1e86d1bc52f24f75cdba3765b30e79519a49e5dc5c0d27605048b15591e07892	application/octet-stream
eStab_0.9/branch/0.9.20_buttons_rework/4fach/design/HS/warning.gif	svn:mime-type	1e86d1bc52f24f75cdba3765b30e79519a49e5dc5c0d27605048b15591e07892	application/octet-stream
eStab_0.9/branch/0.9.20_buttons_rework/4fach/design/HS/write.gif	svn:mime-type	1e86d1bc52f24f75cdba3765b30e79519a49e5dc5c0d27605048b15591e07892	application/octet-stream
eStab_0.9/branch/0.9.20_buttons_rework/4fach/design/Symboldesign.odt	svn:mime-type	1e86d1bc52f24f75cdba3765b30e79519a49e5dc5c0d27605048b15591e07892	application/octet-stream
eStab_0.9/branch/0.9.20_buttons_rework/4fach/design/mr/000.gif	svn:mime-type	1e86d1bc52f24f75cdba3765b30e79519a49e5dc5c0d27605048b15591e07892	application/octet-stream
eStab_0.9/branch/0.9.20_buttons_rework/4fach/design/mr/2ndAssort.gif	svn:mime-type	1e86d1bc52f24f75cdba3765b30e79519a49e5dc5c0d27605048b15591e07892	application/octet-stream
eStab_0.9/branch/0.9.20_buttons_rework/4fach/design/mr/_go_back.gif	svn:mime-type	1e86d1bc52f24f75cdba3765b30e79519a49e5dc5c0d27605048b15591e07892	application/octet-stream
eStab_0.9/branch/0.9.20_buttons_rework/4fach/design/mr/_go_end.gif	svn:mime-type	1e86d1bc52f24f75cdba3765b30e79519a49e5dc5c0d27605048b15591e07892	application/octet-stream
eStab_0.9/branch/0.9.20_buttons_rework/4fach/design/mr/_go_forward.gif	svn:mime-type	1e86d1bc52f24f75cdba3765b30e79519a49e5dc5c0d27605048b15591e07892	application/octet-stream
eStab_0.9/branch/0.9.20_buttons_rework/4fach/design/mr/_go_start.gif	svn:mime-type	1e86d1bc52f24f75cdba3765b30e79519a49e5dc5c0d27605048b15591e07892	application/octet-stream
eStab_0.9/branch/0.9.20_buttons_rework/4fach/design/mr/_status_blue.gif	svn:mime-type	1e86d1bc52f24f75cdba3765b30e79519a49e5dc5c0d27605048b15591e07892	application/octet-stream
eStab_0.9/branch/0.9.20_buttons_rework/4fach/design/mr/_status_green.gif	svn:mime-type	1e86d1bc52f24f75cdba3765b30e79519a49e5dc5c0d27605048b15591e07892	application/octet-stream
eStab_0.9/branch/0.9.20_buttons_rework/4fach/design/mr/_status_yellow.gif	svn:mime-type	1e86d1bc52f24f75cdba3765b30e79519a49e5dc5c0d27605048b15591e07892	application/octet-stream
eStab_0.9/branch/0.9.20_buttons_rework/4fach/design/mr/all.gif	svn:mime-type	1e86d1bc52f24f75cdba3765b30e79519a49e5dc5c0d27605048b15591e07892	application/octet-stream
eStab_0.9/branch/0.9.20_buttons_rework/4fach/design/mr/assort.gif	svn:mime-type	1e86d1bc52f24f75cdba3765b30e79519a49e5dc5c0d27605048b15591e07892	application/octet-stream
eStab_0.9/branch/0.9.20_buttons_rework/4fach/design/mr/attachment.gif	svn:mime-type	1e86d1bc52f24f75cdba3765b30e79519a49e5dc5c0d27605048b15591e07892	application/octet-stream
eStab_0.9/branch/0.9.20_buttons_rework/4fach/design/mr/cancel.gif	svn:mime-type	1e86d1bc52f24f75cdba3765b30e79519a49e5dc5c0d27605048b15591e07892	application/octet-stream
eStab_0.9/branch/0.9.20_buttons_rework/4fach/design/mr/checked.gif	svn:mime-type	1e86d1bc52f24f75cdba3765b30e79519a49e5dc5c0d27605048b15591e07892	application/octet-stream
eStab_0.9/branch/0.9.20_buttons_rework/4fach/design/mr/delete.gif	svn:mime-type	1e86d1bc52f24f75cdba3765b30e79519a49e5dc5c0d27605048b15591e07892	application/octet-stream
eStab_0.9/branch/0.9.20_buttons_rework/4fach/design/mr/edit.gif	svn:mime-type	1e86d1bc52f24f75cdba3765b30e79519a49e5dc5c0d27605048b15591e07892	application/octet-stream
eStab_0.9/branch/0.9.20_buttons_rework/4fach/design/mr/file_global.gif	svn:mime-type	1e86d1bc52f24f75cdba3765b30e79519a49e5dc5c0d27605048b15591e07892	application/octet-stream
eStab_0.9/branch/0.9.20_buttons_rework/4fach/design/mr/file_local.gif	svn:mime-type	1e86d1bc52f24f75cdba3765b30e79519a49e5dc5c0d27605048b15591e07892	application/octet-stream
eStab_0.9/branch/0.9.20_buttons_rework/4fach/design/mr/filethis.gif	svn:mime-type	1e86d1bc52f24f75cdba3765b30e79519a49e5dc5c0d27605048b15591e07892	application/octet-stream
eStab_0.9/branch/0.9.20_buttons_rework/4fach/design/mr/folder_global.gif	svn:mime-type	1e86d1bc52f24f75cdba3765b30e79519a49e5dc5c0d27605048b15591e07892	application/octet-stream
eStab_0.9/branch/0.9.20_buttons_rework/4fach/design/mr/folder_local.gif	svn:mime-type	1e86d1bc52f24f75cdba3765b30e79519a49e5dc5c0d27605048b15591e07892	application/octet-stream
eStab_0.9/branch/0.9.20_buttons_rework/4fach/design/mr/forward.gif	svn:mime-type	1e86d1bc52f24f75cdba3765b30e79519a49e5dc5c0d27605048b15591e07892	application/octet-stream
eStab_0.9/branch/0.9.20_buttons_rework/4fach/design/mr/go_back.gif	svn:mime-type	1e86d1bc52f24f75cdba3765b30e79519a49e5dc5c0d27605048b15591e07892	application/octet-stream
eStab_0.9/branch/0.9.20_buttons_rework/4fach/design/mr/go_end.gif	svn:mime-type	1e86d1bc52f24f75cdba3765b30e79519a49e5dc5c0d27605048b15591e07892	application/octet-stream
eStab_0.9/branch/0.9.20_buttons_rework/4fach/design/mr/go_forward.gif	svn:mime-type	1e86d1bc52f24f75cdba3765b30e79519a49e5dc5c0d27605048b15591e07892	application/octet-stream
eStab_0.9/branch/0.9.20_buttons_rework/4fach/design/mr/go_start.gif	svn:mime-type	1e86d1bc52f24f75cdba3765b30e79519a49e5dc5c0d27605048b15591e07892	application/octet-stream
eStab_0.9/branch/0.9.20_buttons_rework/4fach/design/mr/in.gif	svn:mime-type	1e86d1bc52f24f75cdba3765b30e79519a49e5dc5c0d27605048b15591e07892	application/octet-stream
eStab_0.9/branch/0.9.20_buttons_rework/4fach/design/mr/info.gif	svn:mime-type	1e86d1bc52f24f75cdba3765b30e79519a49e5dc5c0d27605048b15591e07892	application/octet-stream
eStab_0.9/branch/0.9.20_buttons_rework/4fach/design/mr/isread.gif	svn:mime-type	1e86d1bc52f24f75cdba3765b30e79519a49e5dc5c0d27605048b15591e07892	application/octet-stream
eStab_0.9/branch/0.9.20_buttons_rework/4fach/design/mr/logbook_entry.gif	svn:mime-type	1e86d1bc52f24f75cdba3765b30e79519a49e5dc5c0d27605048b15591e07892	application/octet-stream
eStab_0.9/branch/0.9.20_buttons_rework/4fach/design/mr/logon.gif	svn:mime-type	1e86d1bc52f24f75cdba3765b30e79519a49e5dc5c0d27605048b15591e07892	application/octet-stream
eStab_0.9/branch/0.9.20_buttons_rework/4fach/design/mr/logout.gif	svn:mime-type	1e86d1bc52f24f75cdba3765b30e79519a49e5dc5c0d27605048b15591e07892	application/octet-stream
eStab_0.9/branch/0.9.20_buttons_rework/4fach/design/mr/mail_prio_unread.gif	svn:mime-type	1e86d1bc52f24f75cdba3765b30e79519a49e5dc5c0d27605048b15591e07892	application/octet-stream
eStab_0.9/branch/0.9.20_buttons_rework/4fach/design/mr/mail_unread.gif	svn:mime-type	1e86d1bc52f24f75cdba3765b30e79519a49e5dc5c0d27605048b15591e07892	application/octet-stream
eStab_0.9/branch/0.9.20_buttons_rework/4fach/design/mr/notify_aw.wav	svn:mime-type	1e86d1bc52f24f75cdba3765b30e79519a49e5dc5c0d27605048b15591e07892	application/octet-stream
eStab_0.9/branch/0.9.20_buttons_rework/4fach/design/mr/notify_si.wav	svn:mime-type	1e86d1bc52f24f75cdba3765b30e79519a49e5dc5c0d27605048b15591e07892	application/octet-stream
eStab_0.9/branch/0.9.20_buttons_rework/4fach/design/mr/notify_stab.wav	svn:mime-type	1e86d1bc52f24f75cdba3765b30e79519a49e5dc5c0d27605048b15591e07892	application/octet-stream
eStab_0.9/branch/0.9.20_buttons_rework/4fach/design/mr/null.gif	svn:mime-type	1e86d1bc52f24f75cdba3765b30e79519a49e5dc5c0d27605048b15591e07892	application/octet-stream
eStab_0.9/branch/0.9.20_buttons_rework/4fach/design/mr/null.jpg	svn:mime-type	1e86d1bc52f24f75cdba3765b30e79519a49e5dc5c0d27605048b15591e07892	application/octet-stream
eStab_0.9/branch/0.9.20_buttons_rework/4fach/design/mr/ok.gif	svn:mime-type	1e86d1bc52f24f75cdba3765b30e79519a49e5dc5c0d27605048b15591e07892	application/octet-stream
eStab_0.9/branch/0.9.20_buttons_rework/4fach/design/mr/out.gif	svn:mime-type	1e86d1bc52f24f75cdba3765b30e79519a49e5dc5c0d27605048b15591e07892	application/octet-stream
eStab_0.9/branch/0.9.20_buttons_rework/4fach/design/mr/print.gif	svn:mime-type	1e86d1bc52f24f75cdba3765b30e79519a49e5dc5c0d27605048b15591e07892	application/octet-stream
eStab_0.9/branch/0.9.20_buttons_rework/4fach/design/mr/read.gif	svn:mime-type	1e86d1bc52f24f75cdba3765b30e79519a49e5dc5c0d27605048b15591e07892	application/octet-stream
eStab_0.9/branch/0.9.20_buttons_rework/4fach/design/mr/reply.gif	svn:mime-type	1e86d1bc52f24f75cdba3765b30e79519a49e5dc5c0d27605048b15591e07892	application/octet-stream
eStab_0.9/branch/0.9.20_buttons_rework/4fach/design/mr/second.bs	svn:mime-type	1e86d1bc52f24f75cdba3765b30e79519a49e5dc5c0d27605048b15591e07892	application/octet-stream
eStab_0.9/branch/0.9.20_buttons_rework/4fach/design/mr/send.gif	svn:mime-type	1e86d1bc52f24f75cdba3765b30e79519a49e5dc5c0d27605048b15591e07892	application/octet-stream
eStab_0.9/branch/0.9.20_buttons_rework/4fach/design/mr/status_green.gif	svn:mime-type	1e86d1bc52f24f75cdba3765b30e79519a49e5dc5c0d27605048b15591e07892	application/octet-stream
eStab_0.9/branch/0.9.20_buttons_rework/4fach/design/mr/status_red.gif	svn:mime-type	1e86d1bc52f24f75cdba3765b30e79519a49e5dc5c0d27605048b15591e07892	application/octet-stream
eStab_0.9/branch/0.9.20_buttons_rework/4fach/design/mr/status_yellow.gif	svn:mime-type	1e86d1bc52f24f75cdba3765b30e79519a49e5dc5c0d27605048b15591e07892	application/octet-stream
eStab_0.9/branch/0.9.20_buttons_rework/4fach/design/mr/task_done.gif	svn:mime-type	1e86d1bc52f24f75cdba3765b30e79519a49e5dc5c0d27605048b15591e07892	application/octet-stream
eStab_0.9/branch/0.9.20_buttons_rework/4fach/design/mr/task_due.gif	svn:mime-type	1e86d1bc52f24f75cdba3765b30e79519a49e5dc5c0d27605048b15591e07892	application/octet-stream
eStab_0.9/branch/0.9.20_buttons_rework/4fach/design/mr/timer.gif	svn:mime-type	1e86d1bc52f24f75cdba3765b30e79519a49e5dc5c0d27605048b15591e07892	application/octet-stream
eStab_0.9/branch/0.9.20_buttons_rework/4fach/design/mr/transport.gif	svn:mime-type	1e86d1bc52f24f75cdba3765b30e79519a49e5dc5c0d27605048b15591e07892	application/octet-stream
eStab_0.9/branch/0.9.20_buttons_rework/4fach/design/mr/upload.gif	svn:mime-type	1e86d1bc52f24f75cdba3765b30e79519a49e5dc5c0d27605048b15591e07892	application/octet-stream
eStab_0.9/branch/0.9.20_buttons_rework/4fach/design/mr/users.gif	svn:mime-type	1e86d1bc52f24f75cdba3765b30e79519a49e5dc5c0d27605048b15591e07892	application/octet-stream
eStab_0.9/branch/0.9.20_buttons_rework/4fach/design/mr/warning.gif	svn:mime-type	1e86d1bc52f24f75cdba3765b30e79519a49e5dc5c0d27605048b15591e07892	application/octet-stream
eStab_0.9/branch/0.9.20_buttons_rework/4fach/design/mr/write.gif	svn:mime-type	1e86d1bc52f24f75cdba3765b30e79519a49e5dc5c0d27605048b15591e07892	application/octet-stream
eStab_0.9/branch/0.9.20_buttons_rework/4fach/design/second/000.gif	svn:mime-type	1e86d1bc52f24f75cdba3765b30e79519a49e5dc5c0d27605048b15591e07892	application/octet-stream
eStab_0.9/branch/0.9.20_buttons_rework/4fach/design/second/001.jpg	svn:mime-type	1e86d1bc52f24f75cdba3765b30e79519a49e5dc5c0d27605048b15591e07892	application/octet-stream
eStab_0.9/branch/0.9.20_buttons_rework/4fach/design/second/002.jpg	svn:mime-type	1e86d1bc52f24f75cdba3765b30e79519a49e5dc5c0d27605048b15591e07892	application/octet-stream
eStab_0.9/branch/0.9.20_buttons_rework/4fach/design/second/003.jpg	svn:mime-type	1e86d1bc52f24f75cdba3765b30e79519a49e5dc5c0d27605048b15591e07892	application/octet-stream
eStab_0.9/branch/0.9.20_buttons_rework/4fach/design/second/004.jpg	svn:mime-type	1e86d1bc52f24f75cdba3765b30e79519a49e5dc5c0d27605048b15591e07892	application/octet-stream
eStab_0.9/branch/0.9.20_buttons_rework/4fach/design/second/004a.jpg	svn:mime-type	1e86d1bc52f24f75cdba3765b30e79519a49e5dc5c0d27605048b15591e07892	application/octet-stream
eStab_0.9/branch/0.9.20_buttons_rework/4fach/design/second/005.jpg	svn:mime-type	1e86d1bc52f24f75cdba3765b30e79519a49e5dc5c0d27605048b15591e07892	application/octet-stream
eStab_0.9/branch/0.9.20_buttons_rework/4fach/design/second/006.jpg	svn:mime-type	1e86d1bc52f24f75cdba3765b30e79519a49e5dc5c0d27605048b15591e07892	application/octet-stream
eStab_0.9/branch/0.9.20_buttons_rework/4fach/design/second/007.jpg	svn:mime-type	1e86d1bc52f24f75cdba3765b30e79519a49e5dc5c0d27605048b15591e07892	application/octet-stream
eStab_0.9/branch/0.9.20_buttons_rework/4fach/design/second/008.jpg	svn:mime-type	1e86d1bc52f24f75cdba3765b30e79519a49e5dc5c0d27605048b15591e07892	application/octet-stream
eStab_0.9/branch/0.9.20_buttons_rework/4fach/design/second/009.jpg	svn:mime-type	1e86d1bc52f24f75cdba3765b30e79519a49e5dc5c0d27605048b15591e07892	application/octet-stream
eStab_0.9/branch/0.9.20_buttons_rework/4fach/design/second/010.jpg	svn:mime-type	1e86d1bc52f24f75cdba3765b30e79519a49e5dc5c0d27605048b15591e07892	application/octet-stream
eStab_0.9/branch/0.9.20_buttons_rework/4fach/design/second/011.jpg	svn:mime-type	1e86d1bc52f24f75cdba3765b30e79519a49e5dc5c0d27605048b15591e07892	application/octet-stream
eStab_0.9/branch/0.9.20_buttons_rework/4fach/design/second/012.jpg	svn:mime-type	1e86d1bc52f24f75cdba3765b30e79519a49e5dc5c0d27605048b15591e07892	application/octet-stream
eStab_0.9/branch/0.9.20_buttons_rework/4fach/design/second/012a.jpg	svn:mime-type	1e86d1bc52f24f75cdba3765b30e79519a49e5dc5c0d27605048b15591e07892	application/octet-stream
eStab_0.9/branch/0.9.20_buttons_rework/4fach/design/second/012b.jpg	svn:mime-type	1e86d1bc52f24f75cdba3765b30e79519a49e5dc5c0d27605048b15591e07892	application/octet-stream
eStab_0.9/branch/0.9.20_buttons_rework/4fach/design/second/013.jpg	svn:mime-type	1e86d1bc52f24f75cdba3765b30e79519a49e5dc5c0d27605048b15591e07892	application/octet-stream
eStab_0.9/branch/0.9.20_buttons_rework/4fach/design/second/014.jpg	svn:mime-type	1e86d1bc52f24f75cdba3765b30e79519a49e5dc5c0d27605048b15591e07892	application/octet-stream
eStab_0.9/branch/0.9.20_buttons_rework/4fach/design/second/015.jpg	svn:mime-type	1e86d1bc52f24f75cdba3765b30e79519a49e5dc5c0d27605048b15591e07892	application/octet-stream
eStab_0.9/branch/0.9.20_buttons_rework/4fach/design/second/016.jpg	svn:mime-type	1e86d1bc52f24f75cdba3765b30e79519a49e5dc5c0d27605048b15591e07892	application/octet-stream
eStab_0.9/branch/0.9.20_buttons_rework/4fach/design/second/017.jpg	svn:mime-type	1e86d1bc52f24f75cdba3765b30e79519a49e5dc5c0d27605048b15591e07892	application/octet-stream
eStab_0.9/branch/0.9.20_buttons_rework/4fach/design/second/018.gif	svn:mime-type	1e86d1bc52f24f75cdba3765b30e79519a49e5dc5c0d27605048b15591e07892	application/octet-stream
eStab_0.9/branch/0.9.20_buttons_rework/4fach/design/second/019.gif	svn:mime-type	1e86d1bc52f24f75cdba3765b30e79519a49e5dc5c0d27605048b15591e07892	application/octet-stream
eStab_0.9/branch/0.9.20_buttons_rework/4fach/design/second/020.png	svn:mime-type	1e86d1bc52f24f75cdba3765b30e79519a49e5dc5c0d27605048b15591e07892	application/octet-stream
eStab_0.9/branch/0.9.20_buttons_rework/4fach/design/second/021.png	svn:mime-type	1e86d1bc52f24f75cdba3765b30e79519a49e5dc5c0d27605048b15591e07892	application/octet-stream
eStab_0.9/branch/0.9.20_buttons_rework/4fach/design/second/022.png	svn:mime-type	1e86d1bc52f24f75cdba3765b30e79519a49e5dc5c0d27605048b15591e07892	application/octet-stream
eStab_0.9/branch/0.9.20_buttons_rework/4fach/design/second/023.png	svn:mime-type	1e86d1bc52f24f75cdba3765b30e79519a49e5dc5c0d27605048b15591e07892	application/octet-stream
eStab_0.9/branch/0.9.20_buttons_rework/4fach/design/second/024.jpg	svn:mime-type	1e86d1bc52f24f75cdba3765b30e79519a49e5dc5c0d27605048b15591e07892	application/octet-stream
eStab_0.9/branch/0.9.20_buttons_rework/4fach/design/second/025.gif	svn:mime-type	1e86d1bc52f24f75cdba3765b30e79519a49e5dc5c0d27605048b15591e07892	application/octet-stream
eStab_0.9/branch/0.9.20_buttons_rework/4fach/design/second/026.gif	svn:mime-type	1e86d1bc52f24f75cdba3765b30e79519a49e5dc5c0d27605048b15591e07892	application/octet-stream
eStab_0.9/branch/0.9.20_buttons_rework/4fach/design/second/027.gif	svn:mime-type	1e86d1bc52f24f75cdba3765b30e79519a49e5dc5c0d27605048b15591e07892	application/octet-stream
eStab_0.9/branch/0.9.20_buttons_rework/4fach/design/second/028.gif	svn:mime-type	1e86d1bc52f24f75cdba3765b30e79519a49e5dc5c0d27605048b15591e07892	application/octet-stream
eStab_0.9/branch/0.9.20_buttons_rework/4fach/design/second/028.jpg	svn:mime-type	1e86d1bc52f24f75cdba3765b30e79519a49e5dc5c0d27605048b15591e07892	application/octet-stream
eStab_0.9/branch/0.9.20_buttons_rework/4fach/design/second/029.gif	svn:mime-type	1e86d1bc52f24f75cdba3765b30e79519a49e5dc5c0d27605048b15591e07892	application/octet-stream
eStab_0.9/branch/0.9.20_buttons_rework/4fach/design/second/029.jpg	svn:mime-type	1e86d1bc52f24f75cdba3765b30e79519a49e5dc5c0d27605048b15591e07892	application/octet-stream
eStab_0.9/branch/0.9.20_buttons_rework/4fach/design/second/030.jpg	svn:mime-type	1e86d1bc52f24f75cdba3765b30e79519a49e5dc5c0d27605048b15591e07892	application/octet-stream
eStab_0.9/branch/0.9.20_buttons_rework/4fach/design/second/031.jpg	svn:mime-type	1e86d1bc52f24f75cdba3765b30e79519a49e5dc5c0d27605048b15591e07892	application/octet-stream
eStab_0.9/branch/0.9.20_buttons_rework/4fach/design/second/032.jpg	svn:mime-type	1e86d1bc52f24f75cdba3765b30e79519a49e5dc5c0d27605048b15591e07892	application/octet-stream
eStab_0.9/branch/0.9.20_buttons_rework/4fach/design/second/033.gif	svn:mime-type	1e86d1bc52f24f75cdba3765b30e79519a49e5dc5c0d27605048b15591e07892	application/octet-stream
eStab_0.9/branch/0.9.20_buttons_rework/4fach/design/second/033.png	svn:mime-type	1e86d1bc52f24f75cdba3765b30e79519a49e5dc5c0d27605048b15591e07892	application/octet-stream
eStab_0.9/branch/0.9.20_buttons_rework/4fach/design/second/034.gif	svn:mime-type	1e86d1bc52f24f75cdba3765b30e79519a49e5dc5c0d27605048b15591e07892	application/octet-stream
eStab_0.9/branch/0.9.20_buttons_rework/4fach/design/second/035.png	svn:mime-type	1e86d1bc52f24f75cdba3765b30e79519a49e5dc5c0d27605048b15591e07892	application/octet-stream
eStab_0.9/branch/0.9.20_buttons_rework/4fach/design/second/035a.png	svn:mime-type	1e86d1bc52f24f75cdba3765b30e79519a49e5dc5c0d27605048b15591e07892	application/octet-stream
eStab_0.9/branch/0.9.20_buttons_rework/4fach/design/second/038.jpg	svn:mime-type	1e86d1bc52f24f75cdba3765b30e79519a49e5dc5c0d27605048b15591e07892	application/octet-stream
eStab_0.9/branch/0.9.20_buttons_rework/4fach/design/second/040.jpg	svn:mime-type	1e86d1bc52f24f75cdba3765b30e79519a49e5dc5c0d27605048b15591e07892	application/octet-stream
eStab_0.9/branch/0.9.20_buttons_rework/4fach/design/second/050.gif	svn:mime-type	1e86d1bc52f24f75cdba3765b30e79519a49e5dc5c0d27605048b15591e07892	application/octet-stream
eStab_0.9/branch/0.9.20_buttons_rework/4fach/design/second/051.gif	svn:mime-type	1e86d1bc52f24f75cdba3765b30e79519a49e5dc5c0d27605048b15591e07892	application/octet-stream
eStab_0.9/branch/0.9.20_buttons_rework/4fach/design/second/060.jpg	svn:mime-type	1e86d1bc52f24f75cdba3765b30e79519a49e5dc5c0d27605048b15591e07892	application/octet-stream
eStab_0.9/branch/0.9.20_buttons_rework/4fach/design/second/060.png	svn:mime-type	1e86d1bc52f24f75cdba3765b30e79519a49e5dc5c0d27605048b15591e07892	application/octet-stream
eStab_0.9/branch/0.9.20_buttons_rework/4fach/design/second/061.png	svn:mime-type	1e86d1bc52f24f75cdba3765b30e79519a49e5dc5c0d27605048b15591e07892	application/octet-stream
eStab_0.9/branch/0.9.20_buttons_rework/4fach/design/second/101.gif	svn:mime-type	1e86d1bc52f24f75cdba3765b30e79519a49e5dc5c0d27605048b15591e07892	application/octet-stream
eStab_0.9/branch/0.9.20_buttons_rework/4fach/design/second/102.gif	svn:mime-type	1e86d1bc52f24f75cdba3765b30e79519a49e5dc5c0d27605048b15591e07892	application/octet-stream
eStab_0.9/branch/0.9.20_buttons_rework/4fach/design/second/103.gif	svn:mime-type	1e86d1bc52f24f75cdba3765b30e79519a49e5dc5c0d27605048b15591e07892	application/octet-stream
eStab_0.9/branch/0.9.20_buttons_rework/4fach/design/second/104.gif	svn:mime-type	1e86d1bc52f24f75cdba3765b30e79519a49e5dc5c0d27605048b15591e07892	application/octet-stream
eStab_0.9/branch/0.9.20_buttons_rework/4fach/design/second/110.gif	svn:mime-type	1e86d1bc52f24f75cdba3765b30e79519a49e5dc5c0d27605048b15591e07892	application/octet-stream
eStab_0.9/branch/0.9.20_buttons_rework/4fach/design/second/111.gif	svn:mime-type	1e86d1bc52f24f75cdba3765b30e79519a49e5dc5c0d27605048b15591e07892	application/octet-stream
eStab_0.9/branch/0.9.20_buttons_rework/4fach/design/second/112.png	svn:mime-type	1e86d1bc52f24f75cdba3765b30e79519a49e5dc5c0d27605048b15591e07892	application/octet-stream
eStab_0.9/branch/0.9.20_buttons_rework/4fach/design/second/113.png	svn:mime-type	1e86d1bc52f24f75cdba3765b30e79519a49e5dc5c0d27605048b15591e07892	application/octet-stream
eStab_0.9/branch/0.9.20_buttons_rework/4fach/design/second/115.gif	svn:mime-type	1e86d1bc52f24f75cdba3765b30e79519a49e5dc5c0d27605048b15591e07892	application/octet-stream
eStab_0.9/branch/0.9.20_buttons_rework/4fach/design/second/116.jpg	svn:mime-type	1e86d1bc52f24f75cdba3765b30e79519a49e5dc5c0d27605048b15591e07892	application/octet-stream
eStab_0.9/branch/0.9.20_buttons_rework/4fach/design/second/117.jpg	svn:mime-type	1e86d1bc52f24f75cdba3765b30e79519a49e5dc5c0d27605048b15591e07892	application/octet-stream
eStab_0.9/branch/0.9.20_buttons_rework/4fach/design/second/118.jpg	svn:mime-type	1e86d1bc52f24f75cdba3765b30e79519a49e5dc5c0d27605048b15591e07892	application/octet-stream
eStab_0.9/branch/0.9.20_buttons_rework/4fach/design/second/119.jpg	svn:mime-type	1e86d1bc52f24f75cdba3765b30e79519a49e5dc5c0d27605048b15591e07892	application/octet-stream
eStab_0.9/branch/0.9.20_buttons_rework/4fach/design/second/120.gif	svn:mime-type	1e86d1bc52f24f75cdba3765b30e79519a49e5dc5c0d27605048b15591e07892	application/octet-stream
eStab_0.9/branch/0.9.20_buttons_rework/4fach/design/second/120.jpg	svn:mime-type	1e86d1bc52f24f75cdba3765b30e79519a49e5dc5c0d27605048b15591e07892	application/octet-stream
eStab_0.9/branch/0.9.20_buttons_rework/4fach/design/second/121.jpg	svn:mime-type	1e86d1bc52f24f75cdba3765b30e79519a49e5dc5c0d27605048b15591e07892	application/octet-stream
eStab_0.9/branch/0.9.20_buttons_rework/4fach/design/second/1255.jpg	svn:mime-type	1e86d1bc52f24f75cdba3765b30e79519a49e5dc5c0d27605048b15591e07892	application/octet-stream
eStab_0.9/branch/0.9.20_buttons_rework/4fach/design/second/24-book-blue-check.png	svn:mime-type	1e86d1bc52f24f75cdba3765b30e79519a49e5dc5c0d27605048b15591e07892	application/octet-stream
eStab_0.9/branch/0.9.20_buttons_rework/4fach/design/second/A025.png	svn:mime-type	1e86d1bc52f24f75cdba3765b30e79519a49e5dc5c0d27605048b15591e07892	application/octet-stream
eStab_0.9/branch/0.9.20_buttons_rework/4fach/design/second/A026.png	svn:mime-type	1e86d1bc52f24f75cdba3765b30e79519a49e5dc5c0d27605048b15591e07892	application/octet-stream
eStab_0.9/branch/0.9.20_buttons_rework/4fach/design/second/A027.png	svn:mime-type	1e86d1bc52f24f75cdba3765b30e79519a49e5dc5c0d27605048b15591e07892	application/octet-stream
eStab_0.9/branch/0.9.20_buttons_rework/4fach/design/second/A028.gif	svn:mime-type	1e86d1bc52f24f75cdba3765b30e79519a49e5dc5c0d27605048b15591e07892	application/octet-stream
eStab_0.9/branch/0.9.20_buttons_rework/4fach/design/second/bl.png	svn:mime-type	1e86d1bc52f24f75cdba3765b30e79519a49e5dc5c0d27605048b15591e07892	application/octet-stream
eStab_0.9/branch/0.9.20_buttons_rework/4fach/design/second/checked.gif	svn:mime-type	1e86d1bc52f24f75cdba3765b30e79519a49e5dc5c0d27605048b15591e07892	application/octet-stream
eStab_0.9/branch/0.9.20_buttons_rework/4fach/design/second/gn.png	svn:mime-type	1e86d1bc52f24f75cdba3765b30e79519a49e5dc5c0d27605048b15591e07892	application/octet-stream
eStab_0.9/branch/0.9.20_buttons_rework/4fach/design/second/info.gif	svn:mime-type	1e86d1bc52f24f75cdba3765b30e79519a49e5dc5c0d27605048b15591e07892	application/octet-stream
eStab_0.9/branch/0.9.20_buttons_rework/4fach/design/second/move.gif	svn:mime-type	1e86d1bc52f24f75cdba3765b30e79519a49e5dc5c0d27605048b15591e07892	application/octet-stream
eStab_0.9/branch/0.9.20_buttons_rework/4fach/design/second/null.gif	svn:mime-type	1e86d1bc52f24f75cdba3765b30e79519a49e5dc5c0d27605048b15591e07892	application/octet-stream
eStab_0.9/branch/0.9.20_buttons_rework/4fach/design/second/null.jpg	svn:mime-type	1e86d1bc52f24f75cdba3765b30e79519a49e5dc5c0d27605048b15591e07892	application/octet-stream
eStab_0.9/branch/0.9.20_buttons_rework/4fach/design/second/second.bs	svn:mime-type	1e86d1bc52f24f75cdba3765b30e79519a49e5dc5c0d27605048b15591e07892	application/octet-stream
eStab_0.9/branch/0.9.20_buttons_rework/4fach/design/second/vor.gif	svn:mime-type	1e86d1bc52f24f75cdba3765b30e79519a49e5dc5c0d27605048b15591e07892	application/octet-stream
eStab_0.9/branch/0.9.20_buttons_rework/4fach/design/simple/001.jpg	svn:mime-type	1e86d1bc52f24f75cdba3765b30e79519a49e5dc5c0d27605048b15591e07892	application/octet-stream
eStab_0.9/branch/0.9.20_buttons_rework/4fach/design/simple/002.jpg	svn:mime-type	1e86d1bc52f24f75cdba3765b30e79519a49e5dc5c0d27605048b15591e07892	application/octet-stream
eStab_0.9/branch/0.9.20_buttons_rework/4fach/design/simple/003.jpg	svn:mime-type	1e86d1bc52f24f75cdba3765b30e79519a49e5dc5c0d27605048b15591e07892	application/octet-stream
eStab_0.9/branch/0.9.20_buttons_rework/4fach/design/simple/004.jpg	svn:mime-type	1e86d1bc52f24f75cdba3765b30e79519a49e5dc5c0d27605048b15591e07892	application/octet-stream
eStab_0.9/branch/0.9.20_buttons_rework/4fach/design/simple/004a.jpg	svn:mime-type	1e86d1bc52f24f75cdba3765b30e79519a49e5dc5c0d27605048b15591e07892	application/octet-stream
eStab_0.9/branch/0.9.20_buttons_rework/4fach/design/simple/005.jpg	svn:mime-type	1e86d1bc52f24f75cdba3765b30e79519a49e5dc5c0d27605048b15591e07892	application/octet-stream
eStab_0.9/branch/0.9.20_buttons_rework/4fach/design/simple/006.jpg	svn:mime-type	1e86d1bc52f24f75cdba3765b30e79519a49e5dc5c0d27605048b15591e07892	application/octet-stream
eStab_0.9/branch/0.9.20_buttons_rework/4fach/design/simple/007.jpg	svn:mime-type	1e86d1bc52f24f75cdba3765b30e79519a49e5dc5c0d27605048b15591e07892	application/octet-stream
eStab_0.9/branch/0.9.20_buttons_rework/4fach/design/simple/008.jpg	svn:mime-type	1e86d1bc52f24f75cdba3765b30e79519a49e5dc5c0d27605048b15591e07892	application/octet-stream
eStab_0.9/branch/0.9.20_buttons_rework/4fach/design/simple/009.jpg	svn:mime-type	1e86d1bc52f24f75cdba3765b30e79519a49e5dc5c0d27605048b15591e07892	application/octet-stream
eStab_0.9/branch/0.9.20_buttons_rework/4fach/design/simple/010.jpg	svn:mime-type	1e86d1bc52f24f75cdba3765b30e79519a49e5dc5c0d27605048b15591e07892	application/octet-stream
eStab_0.9/branch/0.9.20_buttons_rework/4fach/design/simple/011.jpg	svn:mime-type	1e86d1bc52f24f75cdba3765b30e79519a49e5dc5c0d27605048b15591e07892	application/octet-stream
eStab_0.9/branch/0.9.20_buttons_rework/4fach/design/simple/012.jpg	svn:mime-type	1e86d1bc52f24f75cdba3765b30e79519a49e5dc5c0d27605048b15591e07892	application/octet-stream
eStab_0.9/branch/0.9.20_buttons_rework/4fach/design/simple/012a.jpg	svn:mime-type	1e86d1bc52f24f75cdba3765b30e79519a49e5dc5c0d27605048b15591e07892	application/octet-stream
eStab_0.9/branch/0.9.20_buttons_rework/4fach/design/simple/012b.jpg	svn:mime-type	1e86d1bc52f24f75cdba3765b30e79519a49e5dc5c0d27605048b15591e07892	application/octet-stream
eStab_0.9/branch/0.9.20_buttons_rework/4fach/design/simple/013.jpg	svn:mime-type	1e86d1bc52f24f75cdba3765b30e79519a49e5dc5c0d27605048b15591e07892	application/octet-stream
eStab_0.9/branch/0.9.20_buttons_rework/4fach/design/simple/014.jpg	svn:mime-type	1e86d1bc52f24f75cdba3765b30e79519a49e5dc5c0d27605048b15591e07892	application/octet-stream
eStab_0.9/branch/0.9.20_buttons_rework/4fach/design/simple/015.jpg	svn:mime-type	1e86d1bc52f24f75cdba3765b30e79519a49e5dc5c0d27605048b15591e07892	application/octet-stream
eStab_0.9/branch/0.9.20_buttons_rework/4fach/design/simple/016.jpg	svn:mime-type	1e86d1bc52f24f75cdba3765b30e79519a49e5dc5c0d27605048b15591e07892	application/octet-stream
eStab_0.9/branch/0.9.20_buttons_rework/4fach/design/simple/017.jpg	svn:mime-type	1e86d1bc52f24f75cdba3765b30e79519a49e5dc5c0d27605048b15591e07892	application/octet-stream
eStab_0.9/branch/0.9.20_buttons_rework/4fach/design/simple/018.gif	svn:mime-type	1e86d1bc52f24f75cdba3765b30e79519a49e5dc5c0d27605048b15591e07892	application/octet-stream
eStab_0.9/branch/0.9.20_buttons_rework/4fach/design/simple/019.gif	svn:mime-type	1e86d1bc52f24f75cdba3765b30e79519a49e5dc5c0d27605048b15591e07892	application/octet-stream
eStab_0.9/branch/0.9.20_buttons_rework/4fach/design/simple/020.png	svn:mime-type	1e86d1bc52f24f75cdba3765b30e79519a49e5dc5c0d27605048b15591e07892	application/octet-stream
eStab_0.9/branch/0.9.20_buttons_rework/4fach/design/simple/021.png	svn:mime-type	1e86d1bc52f24f75cdba3765b30e79519a49e5dc5c0d27605048b15591e07892	application/octet-stream
eStab_0.9/branch/0.9.20_buttons_rework/4fach/design/simple/022.png	svn:mime-type	1e86d1bc52f24f75cdba3765b30e79519a49e5dc5c0d27605048b15591e07892	application/octet-stream
eStab_0.9/branch/0.9.20_buttons_rework/4fach/design/simple/023.png	svn:mime-type	1e86d1bc52f24f75cdba3765b30e79519a49e5dc5c0d27605048b15591e07892	application/octet-stream
eStab_0.9/branch/0.9.20_buttons_rework/4fach/design/simple/024.jpg	svn:mime-type	1e86d1bc52f24f75cdba3765b30e79519a49e5dc5c0d27605048b15591e07892	application/octet-stream
eStab_0.9/branch/0.9.20_buttons_rework/4fach/design/simple/025.gif	svn:mime-type	1e86d1bc52f24f75cdba3765b30e79519a49e5dc5c0d27605048b15591e07892	application/octet-stream
eStab_0.9/branch/0.9.20_buttons_rework/4fach/design/simple/026.gif	svn:mime-type	1e86d1bc52f24f75cdba3765b30e79519a49e5dc5c0d27605048b15591e07892	application/octet-stream
eStab_0.9/branch/0.9.20_buttons_rework/4fach/design/simple/027.gif	svn:mime-type	1e86d1bc52f24f75cdba3765b30e79519a49e5dc5c0d27605048b15591e07892	application/octet-stream
eStab_0.9/branch/0.9.20_buttons_rework/4fach/design/simple/028.gif	svn:mime-type	1e86d1bc52f24f75cdba3765b30e79519a49e5dc5c0d27605048b15591e07892	application/octet-stream
eStab_0.9/branch/0.9.20_buttons_rework/4fach/design/simple/028.jpg	svn:mime-type	1e86d1bc52f24f75cdba3765b30e79519a49e5dc5c0d27605048b15591e07892	application/octet-stream
eStab_0.9/branch/0.9.20_buttons_rework/4fach/design/simple/029.gif	svn:mime-type	1e86d1bc52f24f75cdba3765b30e79519a49e5dc5c0d27605048b15591e07892	application/octet-stream
eStab_0.9/branch/0.9.20_buttons_rework/4fach/design/simple/029.jpg	svn:mime-type	1e86d1bc52f24f75cdba3765b30e79519a49e5dc5c0d27605048b15591e07892	application/octet-stream
eStab_0.9/branch/0.9.20_buttons_rework/4fach/design/simple/030.jpg	svn:mime-type	1e86d1bc52f24f75cdba3765b30e79519a49e5dc5c0d27605048b15591e07892	application/octet-stream
eStab_0.9/branch/0.9.20_buttons_rework/4fach/design/simple/031.JPG	svn:mime-type	1e86d1bc52f24f75cdba3765b30e79519a49e5dc5c0d27605048b15591e07892	application/octet-stream
eStab_0.9/branch/0.9.20_buttons_rework/4fach/design/simple/035.jpg	svn:mime-type	1e86d1bc52f24f75cdba3765b30e79519a49e5dc5c0d27605048b15591e07892	application/octet-stream
eStab_0.9/branch/0.9.20_buttons_rework/4fach/design/simple/040.jpg	svn:mime-type	1e86d1bc52f24f75cdba3765b30e79519a49e5dc5c0d27605048b15591e07892	application/octet-stream
eStab_0.9/branch/0.9.20_buttons_rework/4fach/design/simple/050.gif	svn:mime-type	1e86d1bc52f24f75cdba3765b30e79519a49e5dc5c0d27605048b15591e07892	application/octet-stream
eStab_0.9/branch/0.9.20_buttons_rework/4fach/design/simple/051.gif	svn:mime-type	1e86d1bc52f24f75cdba3765b30e79519a49e5dc5c0d27605048b15591e07892	application/octet-stream
eStab_0.9/branch/0.9.20_buttons_rework/4fach/design/simple/A025.png	svn:mime-type	1e86d1bc52f24f75cdba3765b30e79519a49e5dc5c0d27605048b15591e07892	application/octet-stream
eStab_0.9/branch/0.9.20_buttons_rework/4fach/design/simple/A026.png	svn:mime-type	1e86d1bc52f24f75cdba3765b30e79519a49e5dc5c0d27605048b15591e07892	application/octet-stream
eStab_0.9/branch/0.9.20_buttons_rework/4fach/design/simple/A027.png	svn:mime-type	1e86d1bc52f24f75cdba3765b30e79519a49e5dc5c0d27605048b15591e07892	application/octet-stream
eStab_0.9/branch/0.9.20_buttons_rework/4fach/design/simple/A028.gif	svn:mime-type	1e86d1bc52f24f75cdba3765b30e79519a49e5dc5c0d27605048b15591e07892	application/octet-stream
eStab_0.9/branch/0.9.20_buttons_rework/4fach/design/simple/bl.png	svn:mime-type	1e86d1bc52f24f75cdba3765b30e79519a49e5dc5c0d27605048b15591e07892	application/octet-stream
eStab_0.9/branch/0.9.20_buttons_rework/4fach/design/simple/gn.png	svn:mime-type	1e86d1bc52f24f75cdba3765b30e79519a49e5dc5c0d27605048b15591e07892	application/octet-stream
eStab_0.9/branch/0.9.20_buttons_rework/4fach/design/simple/info.gif	svn:mime-type	1e86d1bc52f24f75cdba3765b30e79519a49e5dc5c0d27605048b15591e07892	application/octet-stream
eStab_0.9/branch/0.9.20_buttons_rework/4fach/design/simple/move.gif	svn:mime-type	1e86d1bc52f24f75cdba3765b30e79519a49e5dc5c0d27605048b15591e07892	application/octet-stream
eStab_0.9/branch/0.9.20_buttons_rework/4fach/design/simple/notify.wav	svn:mime-type	1e86d1bc52f24f75cdba3765b30e79519a49e5dc5c0d27605048b15591e07892	application/octet-stream
eStab_0.9/branch/0.9.20_buttons_rework/4fach/design/simple/null.gif	svn:mime-type	1e86d1bc52f24f75cdba3765b30e79519a49e5dc5c0d27605048b15591e07892	application/octet-stream
eStab_0.9/branch/0.9.20_buttons_rework/4fach/design/simple/null.jpg	svn:mime-type	1e86d1bc52f24f75cdba3765b30e79519a49e5dc5c0d27605048b15591e07892	application/octet-stream
eStab_0.9/branch/0.9.20_buttons_rework/4fach/design/simple/simple.bs	svn:mime-type	1e86d1bc52f24f75cdba3765b30e79519a49e5dc5c0d27605048b15591e07892	application/octet-stream
eStab_0.9/branch/0.9.20_buttons_rework/4fach/design/simple/vor.gif	svn:mime-type	1e86d1bc52f24f75cdba3765b30e79519a49e5dc5c0d27605048b15591e07892	application/octet-stream
eStab_0.9/branch/0.9.20_buttons_rework/4fach/null.gif	svn:mime-type	1e86d1bc52f24f75cdba3765b30e79519a49e5dc5c0d27605048b15591e07892	application/octet-stream
eStab_0.9/branch/0.9.20_buttons_rework/4fach/null.jpg	svn:mime-type	1e86d1bc52f24f75cdba3765b30e79519a49e5dc5c0d27605048b15591e07892	application/octet-stream
eStab_0.9/branch/0.9.20_buttons_rework/4fbak/ELHS.png	svn:mime-type	1e86d1bc52f24f75cdba3765b30e79519a49e5dc5c0d27605048b15591e07892	application/octet-stream
eStab_0.9/branch/0.9.20_buttons_rework/4fbak/Heinsberg.png	svn:mime-type	1e86d1bc52f24f75cdba3765b30e79519a49e5dc5c0d27605048b15591e07892	application/octet-stream
eStab_0.9/branch/0.9.20_buttons_rework/4fbak/fonts/Activa.ttf	svn:mime-type	1e86d1bc52f24f75cdba3765b30e79519a49e5dc5c0d27605048b15591e07892	application/octet-stream
eStab_0.9/branch/0.9.20_buttons_rework/4fbak/fonts/Alpha Beta BRK.ttf	svn:mime-type	1e86d1bc52f24f75cdba3765b30e79519a49e5dc5c0d27605048b15591e07892	application/octet-stream
eStab_0.9/branch/0.9.20_buttons_rework/4fbak/fonts/Alpha Romanie G98.ttf	svn:mime-type	1e86d1bc52f24f75cdba3765b30e79519a49e5dc5c0d27605048b15591e07892	application/octet-stream
eStab_0.9/branch/0.9.20_buttons_rework/4fbak/fonts/Garrison Cond. Sans BOLD.ttf	svn:mime-type	1e86d1bc52f24f75cdba3765b30e79519a49e5dc5c0d27605048b15591e07892	application/octet-stream
eStab_0.9/branch/0.9.20_buttons_rework/4fbak/fonts/Garrison Cond. Sans.ttf	svn:mime-type	1e86d1bc52f24f75cdba3765b30e79519a49e5dc5c0d27605048b15591e07892	application/octet-stream
eStab_0.9/branch/0.9.20_buttons_rework/4fbak/fonts/Garrison ExtraBold Sans BOLD.ttf	svn:mime-type	1e86d1bc52f24f75cdba3765b30e79519a49e5dc5c0d27605048b15591e07892	application/octet-stream
eStab_0.9/branch/0.9.20_buttons_rework/4fbak/fonts/Garrison ExtraCond. Sans.ttf	svn:mime-type	1e86d1bc52f24f75cdba3765b30e79519a49e5dc5c0d27605048b15591e07892	application/octet-stream
eStab_0.9/branch/0.9.20_buttons_rework/4fbak/fonts/Garrison Light Sans BOLD.ttf	svn:mime-type	1e86d1bc52f24f75cdba3765b30e79519a49e5dc5c0d27605048b15591e07892	application/octet-stream
eStab_0.9/branch/0.9.20_buttons_rework/4fbak/fonts/Garrison Light Sans BOLDITALIC.ttf	svn:mime-type	1e86d1bc52f24f75cdba3765b30e79519a49e5dc5c0d27605048b15591e07892	application/octet-stream
eStab_0.9/branch/0.9.20_buttons_rework/4fbak/fonts/Garrison Light Sans ITALIC.ttf	svn:mime-type	1e86d1bc52f24f75cdba3765b30e79519a49e5dc5c0d27605048b15591e07892	application/octet-stream
eStab_0.9/branch/0.9.20_buttons_rework/4fbak/fonts/Garrison Light Sans.ttf	svn:mime-type	1e86d1bc52f24f75cdba3765b30e79519a49e5dc5c0d27605048b15591e07892	application/octet-stream
eStab_0.9/branch/0.9.20_buttons_rework/4fbak/fonts/Garrison Sans BOLD.ttf	svn:mime-type	1e86d1bc52f24f75cdba3765b30e79519a49e5dc5c0d27605048b15591e07892	application/octet-stream
eStab_0.9/branch/0.9.20_buttons_rework/4fbak/fonts/Garrison Sans BOLDITALIC.ttf	svn:mime-type	1e86d1bc52f24f75cdba3765b30e79519a49e5dc5c0d27605048b15591e07892	application/octet-stream
eStab_0.9/branch/0.9.20_buttons_rework/4fbak/fonts/Garrison Sans ITALIC.ttf	svn:mime-type	1e86d1bc52f24f75cdba3765b30e79519a49e5dc5c0d27605048b15591e07892	application/octet-stream
eStab_0.9/branch/0.9.20_buttons_rework/4fbak/fonts/Garrison Sans.ttf	svn:mime-type	1e86d1bc52f24f75cdba3765b30e79519a49e5dc5c0d27605048b15591e07892	application/octet-stream
eStab_0.9/branch/0.9.20_buttons_rework/4fbak/fonts/georgia.ttf	svn:mime-type	1e86d1bc52f24f75cdba3765b30e79519a49e5dc5c0d27605048b15591e07892	application/octet-stream
eStab_0.9/branch/0.9.20_buttons_rework/4fbak/fonts/georgiab.ttf	svn:mime-type	1e86d1bc52f24f75cdba3765b30e79519a49e5dc5c0d27605048b15591e07892	application/octet-stream
eStab_0.9/branch/0.9.20_buttons_rework/4fbak/fonts/georgiai.ttf	svn:mime-type	1e86d1bc52f24f75cdba3765b30e79519a49e5dc5c0d27605048b15591e07892	application/octet-stream
eStab_0.9/branch/0.9.20_buttons_rework/4fbak/fonts/georgiaz.ttf	svn:mime-type	1e86d1bc52f24f75cdba3765b30e79519a49e5dc5c0d27605048b15591e07892	application/octet-stream
eStab_0.9/branch/0.9.20_buttons_rework/4fbak/fpdf/ex.pdf	svn:mime-type	1e86d1bc52f24f75cdba3765b30e79519a49e5dc5c0d27605048b15591e07892	application/octet-stream
eStab_0.9/branch/0.9.20_buttons_rework/4fbak/fpdf/tutorial/calligra.ttf	svn:mime-type	1e86d1bc52f24f75cdba3765b30e79519a49e5dc5c0d27605048b15591e07892	application/octet-stream
eStab_0.9/branch/0.9.20_buttons_rework/4fbak/fpdf/tutorial/calligra.z	svn:mime-type	1e86d1bc52f24f75cdba3765b30e79519a49e5dc5c0d27605048b15591e07892	application/octet-stream
eStab_0.9/branch/0.9.20_buttons_rework/4fbak/fpdf/tutorial/logo.png	svn:mime-type	1e86d1bc52f24f75cdba3765b30e79519a49e5dc5c0d27605048b15591e07892	application/octet-stream
eStab_0.9/branch/0.9.20_buttons_rework/4fbak/fpdf/tutorial/logo_pb.png	svn:mime-type	1e86d1bc52f24f75cdba3765b30e79519a49e5dc5c0d27605048b15591e07892	application/octet-stream
eStab_0.9/branch/0.9.20_buttons_rework/4fbak/logo.png	svn:mime-type	1e86d1bc52f24f75cdba3765b30e79519a49e5dc5c0d27605048b15591e07892	application/octet-stream
eStab_0.9/branch/0.9.20_buttons_rework/4fbak/thw.png	svn:mime-type	1e86d1bc52f24f75cdba3765b30e79519a49e5dc5c0d27605048b15591e07892	application/octet-stream
eStab_0.9/branch/0.9.20_buttons_rework/4fsym/4fach_aktiv.png	svn:mime-type	1e86d1bc52f24f75cdba3765b30e79519a49e5dc5c0d27605048b15591e07892	application/octet-stream
eStab_0.9/branch/0.9.20_buttons_rework/4fsym/4fach_inaktiv.png	svn:mime-type	1e86d1bc52f24f75cdba3765b30e79519a49e5dc5c0d27605048b15591e07892	application/octet-stream
eStab_0.9/branch/0.9.20_buttons_rework/4fsym/IuK.bmp	svn:mime-type	1e86d1bc52f24f75cdba3765b30e79519a49e5dc5c0d27605048b15591e07892	application/octet-stream
eStab_0.9/branch/0.9.20_buttons_rework/4fsym/abc_aktiv.png	svn:mime-type	1e86d1bc52f24f75cdba3765b30e79519a49e5dc5c0d27605048b15591e07892	application/octet-stream
eStab_0.9/branch/0.9.20_buttons_rework/4fsym/abc_inaktiv.png	svn:mime-type	1e86d1bc52f24f75cdba3765b30e79519a49e5dc5c0d27605048b15591e07892	application/octet-stream
eStab_0.9/branch/0.9.20_buttons_rework/4fsym/achtung.gif	svn:mime-type	1e86d1bc52f24f75cdba3765b30e79519a49e5dc5c0d27605048b15591e07892	application/octet-stream
eStab_0.9/branch/0.9.20_buttons_rework/4fsym/achtung01.gif	svn:mime-type	1e86d1bc52f24f75cdba3765b30e79519a49e5dc5c0d27605048b15591e07892	application/octet-stream
eStab_0.9/branch/0.9.20_buttons_rework/4fsym/adm_aktiv.png	svn:mime-type	1e86d1bc52f24f75cdba3765b30e79519a49e5dc5c0d27605048b15591e07892	application/octet-stream
eStab_0.9/branch/0.9.20_buttons_rework/4fsym/adm_inaktiv.png	svn:mime-type	1e86d1bc52f24f75cdba3765b30e79519a49e5dc5c0d27605048b15591e07892	application/octet-stream
eStab_0.9/branch/0.9.20_buttons_rework/4fsym/all_msg.png	svn:mime-type	1e86d1bc52f24f75cdba3765b30e79519a49e5dc5c0d27605048b15591e07892	application/octet-stream
eStab_0.9/branch/0.9.20_buttons_rework/4fsym/bhp_aktiv.png	svn:mime-type	1e86d1bc52f24f75cdba3765b30e79519a49e5dc5c0d27605048b15591e07892	application/octet-stream
eStab_0.9/branch/0.9.20_buttons_rework/4fsym/bhp_inaktiv.png	svn:mime-type	1e86d1bc52f24f75cdba3765b30e79519a49e5dc5c0d27605048b15591e07892	application/octet-stream
eStab_0.9/branch/0.9.20_buttons_rework/4fsym/br.jpg	svn:mime-type	1e86d1bc52f24f75cdba3765b30e79519a49e5dc5c0d27605048b15591e07892	application/octet-stream
eStab_0.9/branch/0.9.20_buttons_rework/4fsym/db_aktiv.png	svn:mime-type	1e86d1bc52f24f75cdba3765b30e79519a49e5dc5c0d27605048b15591e07892	application/octet-stream
eStab_0.9/branch/0.9.20_buttons_rework/4fsym/db_inaktiv.png	svn:mime-type	1e86d1bc52f24f75cdba3765b30e79519a49e5dc5c0d27605048b15591e07892	application/octet-stream
eStab_0.9/branch/0.9.20_buttons_rework/4fsym/el80.gif	svn:mime-type	1e86d1bc52f24f75cdba3765b30e79519a49e5dc5c0d27605048b15591e07892	application/octet-stream
eStab_0.9/branch/0.9.20_buttons_rework/4fsym/el80.jpg	svn:mime-type	1e86d1bc52f24f75cdba3765b30e79519a49e5dc5c0d27605048b15591e07892	application/octet-stream
eStab_0.9/branch/0.9.20_buttons_rework/4fsym/el8001.jpg	svn:mime-type	1e86d1bc52f24f75cdba3765b30e79519a49e5dc5c0d27605048b15591e07892	application/octet-stream
eStab_0.9/branch/0.9.20_buttons_rework/4fsym/etb_aktiv.png	svn:mime-type	1e86d1bc52f24f75cdba3765b30e79519a49e5dc5c0d27605048b15591e07892	application/octet-stream
eStab_0.9/branch/0.9.20_buttons_rework/4fsym/etb_inaktiv.png	svn:mime-type	1e86d1bc52f24f75cdba3765b30e79519a49e5dc5c0d27605048b15591e07892	application/octet-stream
eStab_0.9/branch/0.9.20_buttons_rework/4fsym/greenlight.gif	svn:mime-type	1e86d1bc52f24f75cdba3765b30e79519a49e5dc5c0d27605048b15591e07892	application/octet-stream
eStab_0.9/branch/0.9.20_buttons_rework/4fsym/icon_handbuch.gif	svn:mime-type	1e86d1bc52f24f75cdba3765b30e79519a49e5dc5c0d27605048b15591e07892	application/octet-stream
eStab_0.9/branch/0.9.20_buttons_rework/4fsym/iuk_80.jpg	svn:mime-type	1e86d1bc52f24f75cdba3765b30e79519a49e5dc5c0d27605048b15591e07892	application/octet-stream
eStab_0.9/branch/0.9.20_buttons_rework/4fsym/iuk_hs80.jpg	svn:mime-type	1e86d1bc52f24f75cdba3765b30e79519a49e5dc5c0d27605048b15591e07892	application/octet-stream
eStab_0.9/branch/0.9.20_buttons_rework/4fsym/iuk_hs80.png	svn:mime-type	1e86d1bc52f24f75cdba3765b30e79519a49e5dc5c0d27605048b15591e07892	application/octet-stream
eStab_0.9/branch/0.9.20_buttons_rework/4fsym/kh_aktiv.jpg	svn:mime-type	1e86d1bc52f24f75cdba3765b30e79519a49e5dc5c0d27605048b15591e07892	application/octet-stream
eStab_0.9/branch/0.9.20_buttons_rework/4fsym/kh_inaktiv.jpg	svn:mime-type	1e86d1bc52f24f75cdba3765b30e79519a49e5dc5c0d27605048b15591e07892	application/octet-stream
eStab_0.9/branch/0.9.20_buttons_rework/4fsym/merke.gif	svn:mime-type	1e86d1bc52f24f75cdba3765b30e79519a49e5dc5c0d27605048b15591e07892	application/octet-stream
eStab_0.9/branch/0.9.20_buttons_rework/4fsym/merke.jpg	svn:mime-type	1e86d1bc52f24f75cdba3765b30e79519a49e5dc5c0d27605048b15591e07892	application/octet-stream
eStab_0.9/branch/0.9.20_buttons_rework/4fsym/merke32.gif	svn:mime-type	1e86d1bc52f24f75cdba3765b30e79519a49e5dc5c0d27605048b15591e07892	application/octet-stream
eStab_0.9/branch/0.9.20_buttons_rework/4fsym/null.gif	svn:mime-type	1e86d1bc52f24f75cdba3765b30e79519a49e5dc5c0d27605048b15591e07892	application/octet-stream
eStab_0.9/branch/0.9.20_buttons_rework/4fsym/null.jpg	svn:mime-type	1e86d1bc52f24f75cdba3765b30e79519a49e5dc5c0d27605048b15591e07892	application/octet-stream
eStab_0.9/branch/0.9.20_buttons_rework/4fsym/nw.png	svn:mime-type	1e86d1bc52f24f75cdba3765b30e79519a49e5dc5c0d27605048b15591e07892	application/octet-stream
eStab_0.9/branch/0.9.20_buttons_rework/4fsym/nwa_aktiv.png	svn:mime-type	1e86d1bc52f24f75cdba3765b30e79519a49e5dc5c0d27605048b15591e07892	application/octet-stream
eStab_0.9/branch/0.9.20_buttons_rework/4fsym/nwe_aktiv.png	svn:mime-type	1e86d1bc52f24f75cdba3765b30e79519a49e5dc5c0d27605048b15591e07892	application/octet-stream
eStab_0.9/branch/0.9.20_buttons_rework/4fsym/nwea_aktiv.png	svn:mime-type	1e86d1bc52f24f75cdba3765b30e79519a49e5dc5c0d27605048b15591e07892	application/octet-stream
eStab_0.9/branch/0.9.20_buttons_rework/4fsym/nwea_inaktiv.png	svn:mime-type	1e86d1bc52f24f75cdba3765b30e79519a49e5dc5c0d27605048b15591e07892	application/octet-stream
eStab_0.9/branch/0.9.20_buttons_rework/4fsym/redlight.gif	svn:mime-type	1e86d1bc52f24f75cdba3765b30e79519a49e5dc5c0d27605048b15591e07892	application/octet-stream
eStab_0.9/branch/0.9.20_buttons_rework/4fsym/tbb_aktiv.png	svn:mime-type	1e86d1bc52f24f75cdba3765b30e79519a49e5dc5c0d27605048b15591e07892	application/octet-stream
eStab_0.9/branch/0.9.20_buttons_rework/4fsym/tbb_inaktiv.png	svn:mime-type	1e86d1bc52f24f75cdba3765b30e79519a49e5dc5c0d27605048b15591e07892	application/octet-stream
eStab_0.9/branch/0.9.20_buttons_rework/4fsym/vorsicht.gif	svn:mime-type	1e86d1bc52f24f75cdba3765b30e79519a49e5dc5c0d27605048b15591e07892	application/octet-stream
eStab_0.9/branch/0.9.20_buttons_rework/4fsym/yellowlight.gif	svn:mime-type	1e86d1bc52f24f75cdba3765b30e79519a49e5dc5c0d27605048b15591e07892	application/octet-stream
eStab_0.9/branch/0.9.20_buttons_rework/Handbuch_eStab.pdf	svn:mime-type	1e86d1bc52f24f75cdba3765b30e79519a49e5dc5c0d27605048b15591e07892	application/octet-stream
eStab_0.9/branch/0.9.20_buttons_rework/stabetb/null.gif	svn:mime-type	1e86d1bc52f24f75cdba3765b30e79519a49e5dc5c0d27605048b15591e07892	application/octet-stream
eStab_0.9/branch/0.9.20_buttons_rework/stabetb/null.jpg	svn:mime-type	1e86d1bc52f24f75cdba3765b30e79519a49e5dc5c0d27605048b15591e07892	application/octet-stream
eStab_0.9/branch/0.9.20_buttons_rework/stabinfo/ELStab.jpg	svn:mime-type	1e86d1bc52f24f75cdba3765b30e79519a49e5dc5c0d27605048b15591e07892	application/octet-stream
eStab_0.9/branch/0.9.20_buttons_rework/stabinfo/Warendorf L4112 Kartendatum ED50.png	svn:mime-type	1e86d1bc52f24f75cdba3765b30e79519a49e5dc5c0d27605048b15591e07892	application/octet-stream
eStab_0.9/branch/0.9.20_buttons_rework/stabinfo/Warendorf L4112 Kartendatum WGS84.png	svn:mime-type	1e86d1bc52f24f75cdba3765b30e79519a49e5dc5c0d27605048b15591e07892	application/octet-stream
eStab_0.9/branch/0.9.20_kto_usr_fkt/4fach/design/HL0001/001.jpg	svn:mime-type	1e86d1bc52f24f75cdba3765b30e79519a49e5dc5c0d27605048b15591e07892	application/octet-stream
eStab_0.9/branch/0.9.20_kto_usr_fkt/4fach/design/HL0001/002.jpg	svn:mime-type	1e86d1bc52f24f75cdba3765b30e79519a49e5dc5c0d27605048b15591e07892	application/octet-stream
eStab_0.9/branch/0.9.20_kto_usr_fkt/4fach/design/HL0001/003.jpg	svn:mime-type	1e86d1bc52f24f75cdba3765b30e79519a49e5dc5c0d27605048b15591e07892	application/octet-stream
eStab_0.9/branch/0.9.20_kto_usr_fkt/4fach/design/HL0001/004.jpg	svn:mime-type	1e86d1bc52f24f75cdba3765b30e79519a49e5dc5c0d27605048b15591e07892	application/octet-stream
eStab_0.9/branch/0.9.20_kto_usr_fkt/4fach/design/HL0001/005.jpg	svn:mime-type	1e86d1bc52f24f75cdba3765b30e79519a49e5dc5c0d27605048b15591e07892	application/octet-stream
eStab_0.9/branch/0.9.20_kto_usr_fkt/4fach/design/HL0001/006.jpg	svn:mime-type	1e86d1bc52f24f75cdba3765b30e79519a49e5dc5c0d27605048b15591e07892	application/octet-stream
eStab_0.9/branch/0.9.20_kto_usr_fkt/4fach/design/HL0001/007.jpg	svn:mime-type	1e86d1bc52f24f75cdba3765b30e79519a49e5dc5c0d27605048b15591e07892	application/octet-stream
eStab_0.9/branch/0.9.20_kto_usr_fkt/4fach/design/HL0001/008.jpg	svn:mime-type	1e86d1bc52f24f75cdba3765b30e79519a49e5dc5c0d27605048b15591e07892	application/octet-stream
eStab_0.9/branch/0.9.20_kto_usr_fkt/4fach/design/HL0001/009.jpg	svn:mime-type	1e86d1bc52f24f75cdba3765b30e79519a49e5dc5c0d27605048b15591e07892	application/octet-stream
eStab_0.9/branch/0.9.20_kto_usr_fkt/4fach/design/HL0001/010.jpg	svn:mime-type	1e86d1bc52f24f75cdba3765b30e79519a49e5dc5c0d27605048b15591e07892	application/octet-stream
eStab_0.9/branch/0.9.20_kto_usr_fkt/4fach/design/HL0001/011.jpg	svn:mime-type	1e86d1bc52f24f75cdba3765b30e79519a49e5dc5c0d27605048b15591e07892	application/octet-stream
eStab_0.9/branch/0.9.20_kto_usr_fkt/4fach/design/HL0001/013.jpg	svn:mime-type	1e86d1bc52f24f75cdba3765b30e79519a49e5dc5c0d27605048b15591e07892	application/octet-stream
eStab_0.9/branch/0.9.20_kto_usr_fkt/4fach/design/HL0001/014.jpg	svn:mime-type	1e86d1bc52f24f75cdba3765b30e79519a49e5dc5c0d27605048b15591e07892	application/octet-stream
eStab_0.9/branch/0.9.20_kto_usr_fkt/4fach/design/HL0001/016.jpg	svn:mime-type	1e86d1bc52f24f75cdba3765b30e79519a49e5dc5c0d27605048b15591e07892	application/octet-stream
eStab_0.9/branch/0.9.20_kto_usr_fkt/4fach/design/HL0001/017.jpg	svn:mime-type	1e86d1bc52f24f75cdba3765b30e79519a49e5dc5c0d27605048b15591e07892	application/octet-stream
eStab_0.9/branch/0.9.20_kto_usr_fkt/4fach/design/HL0001/018.gif	svn:mime-type	1e86d1bc52f24f75cdba3765b30e79519a49e5dc5c0d27605048b15591e07892	application/octet-stream
eStab_0.9/branch/0.9.20_kto_usr_fkt/4fach/design/HL0001/020.gif	svn:mime-type	1e86d1bc52f24f75cdba3765b30e79519a49e5dc5c0d27605048b15591e07892	application/octet-stream
eStab_0.9/branch/0.9.20_kto_usr_fkt/4fach/design/HL0001/021.gif	svn:mime-type	1e86d1bc52f24f75cdba3765b30e79519a49e5dc5c0d27605048b15591e07892	application/octet-stream
eStab_0.9/branch/0.9.20_kto_usr_fkt/4fach/design/HL0001/022.gif	svn:mime-type	1e86d1bc52f24f75cdba3765b30e79519a49e5dc5c0d27605048b15591e07892	application/octet-stream
eStab_0.9/branch/0.9.20_kto_usr_fkt/4fach/design/HL0001/Buttonvorlage.bs	svn:mime-type	1e86d1bc52f24f75cdba3765b30e79519a49e5dc5c0d27605048b15591e07892	application/octet-stream
eStab_0.9/branch/0.9.20_kto_usr_fkt/4fach/design/HL0001/Buttonvorlage_gruen.bs	svn:mime-type	1e86d1bc52f24f75cdba3765b30e79519a49e5dc5c0d27605048b15591e07892	application/octet-stream
eStab_0.9/branch/0.9.20_kto_usr_fkt/4fach/design/HL0001/Buttonvorlage_hellblau.bs	svn:mime-type	1e86d1bc52f24f75cdba3765b30e79519a49e5dc5c0d27605048b15591e07892	application/octet-stream
eStab_0.9/branch/0.9.20_kto_usr_fkt/4fach/design/HL0001/Buttonvorlage_rot.bs	svn:mime-type	1e86d1bc52f24f75cdba3765b30e79519a49e5dc5c0d27605048b15591e07892	application/octet-stream
eStab_0.9/branch/0.9.20_kto_usr_fkt/4fach/design/HL0001/Kopie von abmelden.jpg	svn:mime-type	1e86d1bc52f24f75cdba3765b30e79519a49e5dc5c0d27605048b15591e07892	application/octet-stream
eStab_0.9/branch/0.9.20_kto_usr_fkt/4fach/design/HL0001/d_hoch01.gif	svn:mime-type	1e86d1bc52f24f75cdba3765b30e79519a49e5dc5c0d27605048b15591e07892	application/octet-stream
eStab_0.9/branch/0.9.20_kto_usr_fkt/4fach/design/HL0001/greenlight.gif	svn:mime-type	1e86d1bc52f24f75cdba3765b30e79519a49e5dc5c0d27605048b15591e07892	application/octet-stream
eStab_0.9/branch/0.9.20_kto_usr_fkt/4fach/design/HL0001/hochladen.JPG	svn:mime-type	1e86d1bc52f24f75cdba3765b30e79519a49e5dc5c0d27605048b15591e07892	application/octet-stream
eStab_0.9/branch/0.9.20_kto_usr_fkt/4fach/design/HL0001/n_sichten.jpg	svn:mime-type	1e86d1bc52f24f75cdba3765b30e79519a49e5dc5c0d27605048b15591e07892	application/octet-stream
eStab_0.9/branch/0.9.20_kto_usr_fkt/4fach/design/HL0001/null.gif	svn:mime-type	1e86d1bc52f24f75cdba3765b30e79519a49e5dc5c0d27605048b15591e07892	application/octet-stream
eStab_0.9/branch/0.9.20_kto_usr_fkt/4fach/design/HL0001/null.jpg	svn:mime-type	1e86d1bc52f24f75cdba3765b30e79519a49e5dc5c0d27605048b15591e07892	application/octet-stream
eStab_0.9/branch/0.9.20_kto_usr_fkt/4fach/design/HL0001/redlight.gif	svn:mime-type	1e86d1bc52f24f75cdba3765b30e79519a49e5dc5c0d27605048b15591e07892	application/octet-stream
eStab_0.9/branch/0.9.20_kto_usr_fkt/4fach/design/HL0001/yellowlight.gif	svn:mime-type	1e86d1bc52f24f75cdba3765b30e79519a49e5dc5c0d27605048b15591e07892	application/octet-stream
eStab_0.9/branch/0.9.20_kto_usr_fkt/4fach/design/HS/000.gif	svn:mime-type	1e86d1bc52f24f75cdba3765b30e79519a49e5dc5c0d27605048b15591e07892	application/octet-stream
eStab_0.9/branch/0.9.20_kto_usr_fkt/4fach/design/HS/2ndAssort.gif	svn:mime-type	1e86d1bc52f24f75cdba3765b30e79519a49e5dc5c0d27605048b15591e07892	application/octet-stream
eStab_0.9/branch/0.9.20_kto_usr_fkt/4fach/design/HS/_go_back.gif	svn:mime-type	1e86d1bc52f24f75cdba3765b30e79519a49e5dc5c0d27605048b15591e07892	application/octet-stream
eStab_0.9/branch/0.9.20_kto_usr_fkt/4fach/design/HS/_go_end.gif	svn:mime-type	1e86d1bc52f24f75cdba3765b30e79519a49e5dc5c0d27605048b15591e07892	application/octet-stream
eStab_0.9/branch/0.9.20_kto_usr_fkt/4fach/design/HS/_go_forward.gif	svn:mime-type	1e86d1bc52f24f75cdba3765b30e79519a49e5dc5c0d27605048b15591e07892	application/octet-stream
eStab_0.9/branch/0.9.20_kto_usr_fkt/4fach/design/HS/_go_start.gif	svn:mime-type	1e86d1bc52f24f75cdba3765b30e79519a49e5dc5c0d27605048b15591e07892	application/octet-stream
eStab_0.9/branch/0.9.20_kto_usr_fkt/4fach/design/HS/_status_blue.gif	svn:mime-type	1e86d1bc52f24f75cdba3765b30e79519a49e5dc5c0d27605048b15591e07892	application/octet-stream
eStab_0.9/branch/0.9.20_kto_usr_fkt/4fach/design/HS/_status_green.gif	svn:mime-type	1e86d1bc52f24f75cdba3765b30e79519a49e5dc5c0d27605048b15591e07892	application/octet-stream
eStab_0.9/branch/0.9.20_kto_usr_fkt/4fach/design/HS/_status_yellow.gif	svn:mime-type	1e86d1bc52f24f75cdba3765b30e79519a49e5dc5c0d27605048b15591e07892	application/octet-stream
eStab_0.9/branch/0.9.20_kto_usr_fkt/4fach/design/HS/all.gif	svn:mime-type	1e86d1bc52f24f75cdba3765b30e79519a49e5dc5c0d27605048b15591e07892	application/octet-stream
eStab_0.9/branch/0.9.20_kto_usr_fkt/4fach/design/HS/assort.gif	svn:mime-type	1e86d1bc52f24f75cdba3765b30e79519a49e5dc5c0d27605048b15591e07892	application/octet-stream
eStab_0.9/branch/0.9.20_kto_usr_fkt/4fach/design/HS/attachment.gif	svn:mime-type	1e86d1bc52f24f75cdba3765b30e79519a49e5dc5c0d27605048b15591e07892	application/octet-stream
eStab_0.9/branch/0.9.20_kto_usr_fkt/4fach/design/HS/cancel.gif	svn:mime-type	1e86d1bc52f24f75cdba3765b30e79519a49e5dc5c0d27605048b15591e07892	application/octet-stream
eStab_0.9/branch/0.9.20_kto_usr_fkt/4fach/design/HS/checked.gif	svn:mime-type	1e86d1bc52f24f75cdba3765b30e79519a49e5dc5c0d27605048b15591e07892	application/octet-stream
eStab_0.9/branch/0.9.20_kto_usr_fkt/4fach/design/HS/delete.gif	svn:mime-type	1e86d1bc52f24f75cdba3765b30e79519a49e5dc5c0d27605048b15591e07892	application/octet-stream
eStab_0.9/branch/0.9.20_kto_usr_fkt/4fach/design/HS/edit.gif	svn:mime-type	1e86d1bc52f24f75cdba3765b30e79519a49e5dc5c0d27605048b15591e07892	application/octet-stream
eStab_0.9/branch/0.9.20_kto_usr_fkt/4fach/design/HS/file_global.gif	svn:mime-type	1e86d1bc52f24f75cdba3765b30e79519a49e5dc5c0d27605048b15591e07892	application/octet-stream
eStab_0.9/branch/0.9.20_kto_usr_fkt/4fach/design/HS/file_local.gif	svn:mime-type	1e86d1bc52f24f75cdba3765b30e79519a49e5dc5c0d27605048b15591e07892	application/octet-stream
eStab_0.9/branch/0.9.20_kto_usr_fkt/4fach/design/HS/filethis.gif	svn:mime-type	1e86d1bc52f24f75cdba3765b30e79519a49e5dc5c0d27605048b15591e07892	application/octet-stream
eStab_0.9/branch/0.9.20_kto_usr_fkt/4fach/design/HS/folder_global.gif	svn:mime-type	1e86d1bc52f24f75cdba3765b30e79519a49e5dc5c0d27605048b15591e07892	application/octet-stream
eStab_0.9/branch/0.9.20_kto_usr_fkt/4fach/design/HS/folder_local.gif	svn:mime-type	1e86d1bc52f24f75cdba3765b30e79519a49e5dc5c0d27605048b15591e07892	application/octet-stream
eStab_0.9/branch/0.9.20_kto_usr_fkt/4fach/design/HS/forward.gif	svn:mime-type	1e86d1bc52f24f75cdba3765b30e79519a49e5dc5c0d27605048b15591e07892	application/octet-stream
eStab_0.9/branch/0.9.20_kto_usr_fkt/4fach/design/HS/go_back.gif	svn:mime-type	1e86d1bc52f24f75cdba3765b30e79519a49e5dc5c0d27605048b15591e07892	application/octet-stream
eStab_0.9/branch/0.9.20_kto_usr_fkt/4fach/design/HS/go_end.gif	svn:mime-type	1e86d1bc52f24f75cdba3765b30e79519a49e5dc5c0d27605048b15591e07892	application/octet-stream
eStab_0.9/branch/0.9.20_kto_usr_fkt/4fach/design/HS/go_forward.gif	svn:mime-type	1e86d1bc52f24f75cdba3765b30e79519a49e5dc5c0d27605048b15591e07892	application/octet-stream
eStab_0.9/branch/0.9.20_kto_usr_fkt/4fach/design/HS/go_start.gif	svn:mime-type	1e86d1bc52f24f75cdba3765b30e79519a49e5dc5c0d27605048b15591e07892	application/octet-stream
eStab_0.9/branch/0.9.20_kto_usr_fkt/4fach/design/HS/in.gif	svn:mime-type	1e86d1bc52f24f75cdba3765b30e79519a49e5dc5c0d27605048b15591e07892	application/octet-stream
eStab_0.9/branch/0.9.20_kto_usr_fkt/4fach/design/HS/info.gif	svn:mime-type	1e86d1bc52f24f75cdba3765b30e79519a49e5dc5c0d27605048b15591e07892	application/octet-stream
eStab_0.9/branch/0.9.20_kto_usr_fkt/4fach/design/HS/isread.gif	svn:mime-type	1e86d1bc52f24f75cdba3765b30e79519a49e5dc5c0d27605048b15591e07892	application/octet-stream
eStab_0.9/branch/0.9.20_kto_usr_fkt/4fach/design/HS/load.gif	svn:mime-type	1e86d1bc52f24f75cdba3765b30e79519a49e5dc5c0d27605048b15591e07892	application/octet-stream
eStab_0.9/branch/0.9.20_kto_usr_fkt/4fach/design/HS/logbook_entry.gif	svn:mime-type	1e86d1bc52f24f75cdba3765b30e79519a49e5dc5c0d27605048b15591e07892	application/octet-stream
eStab_0.9/branch/0.9.20_kto_usr_fkt/4fach/design/HS/logon.gif	svn:mime-type	1e86d1bc52f24f75cdba3765b30e79519a49e5dc5c0d27605048b15591e07892	application/octet-stream
eStab_0.9/branch/0.9.20_kto_usr_fkt/4fach/design/HS/logout.gif	svn:mime-type	1e86d1bc52f24f75cdba3765b30e79519a49e5dc5c0d27605048b15591e07892	application/octet-stream
eStab_0.9/branch/0.9.20_kto_usr_fkt/4fach/design/HS/mail_prio_unread.gif	svn:mime-type	1e86d1bc52f24f75cdba3765b30e79519a49e5dc5c0d27605048b15591e07892	application/octet-stream
eStab_0.9/branch/0.9.20_kto_usr_fkt/4fach/design/HS/mail_unread.gif	svn:mime-type	1e86d1bc52f24f75cdba3765b30e79519a49e5dc5c0d27605048b15591e07892	application/octet-stream
eStab_0.9/branch/0.9.20_kto_usr_fkt/4fach/design/HS/notify_aw.wav	svn:mime-type	1e86d1bc52f24f75cdba3765b30e79519a49e5dc5c0d27605048b15591e07892	application/octet-stream
eStab_0.9/branch/0.9.20_kto_usr_fkt/4fach/design/HS/notify_si.wav	svn:mime-type	1e86d1bc52f24f75cdba3765b30e79519a49e5dc5c0d27605048b15591e07892	application/octet-stream
eStab_0.9/branch/0.9.20_kto_usr_fkt/4fach/design/HS/notify_stab.wav	svn:mime-type	1e86d1bc52f24f75cdba3765b30e79519a49e5dc5c0d27605048b15591e07892	application/octet-stream
eStab_0.9/branch/0.9.20_kto_usr_fkt/4fach/design/HS/null.gif	svn:mime-type	1e86d1bc52f24f75cdba3765b30e79519a49e5dc5c0d27605048b15591e07892	application/octet-stream
eStab_0.9/branch/0.9.20_kto_usr_fkt/4fach/design/HS/null.jpg	svn:mime-type	1e86d1bc52f24f75cdba3765b30e79519a49e5dc5c0d27605048b15591e07892	application/octet-stream
eStab_0.9/branch/0.9.20_kto_usr_fkt/4fach/design/HS/ok.gif	svn:mime-type	1e86d1bc52f24f75cdba3765b30e79519a49e5dc5c0d27605048b15591e07892	application/octet-stream
eStab_0.9/branch/0.9.20_kto_usr_fkt/4fach/design/HS/out.gif	svn:mime-type	1e86d1bc52f24f75cdba3765b30e79519a49e5dc5c0d27605048b15591e07892	application/octet-stream
eStab_0.9/branch/0.9.20_kto_usr_fkt/4fach/design/HS/print.gif	svn:mime-type	1e86d1bc52f24f75cdba3765b30e79519a49e5dc5c0d27605048b15591e07892	application/octet-stream
eStab_0.9/branch/0.9.20_kto_usr_fkt/4fach/design/HS/read.gif	svn:mime-type	1e86d1bc52f24f75cdba3765b30e79519a49e5dc5c0d27605048b15591e07892	application/octet-stream
eStab_0.9/branch/0.9.20_kto_usr_fkt/4fach/design/HS/reply.gif	svn:mime-type	1e86d1bc52f24f75cdba3765b30e79519a49e5dc5c0d27605048b15591e07892	application/octet-stream
eStab_0.9/branch/0.9.20_kto_usr_fkt/4fach/design/HS/save.gif	svn:mime-type	1e86d1bc52f24f75cdba3765b30e79519a49e5dc5c0d27605048b15591e07892	application/octet-stream
eStab_0.9/branch/0.9.20_kto_usr_fkt/4fach/design/HS/second.bs	svn:mime-type	1e86d1bc52f24f75cdba3765b30e79519a49e5dc5c0d27605048b15591e07892	application/octet-stream
eStab_0.9/branch/0.9.20_kto_usr_fkt/4fach/design/HS/send.gif	svn:mime-type	1e86d1bc52f24f75cdba3765b30e79519a49e5dc5c0d27605048b15591e07892	application/octet-stream
eStab_0.9/branch/0.9.20_kto_usr_fkt/4fach/design/HS/status_green.gif	svn:mime-type	1e86d1bc52f24f75cdba3765b30e79519a49e5dc5c0d27605048b15591e07892	application/octet-stream
eStab_0.9/branch/0.9.20_kto_usr_fkt/4fach/design/HS/status_red.gif	svn:mime-type	1e86d1bc52f24f75cdba3765b30e79519a49e5dc5c0d27605048b15591e07892	application/octet-stream
eStab_0.9/branch/0.9.20_kto_usr_fkt/4fach/design/HS/status_yellow.gif	svn:mime-type	1e86d1bc52f24f75cdba3765b30e79519a49e5dc5c0d27605048b15591e07892	application/octet-stream
eStab_0.9/branch/0.9.20_kto_usr_fkt/4fach/design/HS/task_done.gif	svn:mime-type	1e86d1bc52f24f75cdba3765b30e79519a49e5dc5c0d27605048b15591e07892	application/octet-stream
eStab_0.9/branch/0.9.20_kto_usr_fkt/4fach/design/HS/task_due.gif	svn:mime-type	1e86d1bc52f24f75cdba3765b30e79519a49e5dc5c0d27605048b15591e07892	application/octet-stream
eStab_0.9/branch/0.9.20_kto_usr_fkt/4fach/design/HS/timer.gif	svn:mime-type	1e86d1bc52f24f75cdba3765b30e79519a49e5dc5c0d27605048b15591e07892	application/octet-stream
eStab_0.9/branch/0.9.20_kto_usr_fkt/4fach/design/HS/transport.gif	svn:mime-type	1e86d1bc52f24f75cdba3765b30e79519a49e5dc5c0d27605048b15591e07892	application/octet-stream
eStab_0.9/branch/0.9.20_kto_usr_fkt/4fach/design/HS/upload.gif	svn:mime-type	1e86d1bc52f24f75cdba3765b30e79519a49e5dc5c0d27605048b15591e07892	application/octet-stream
eStab_0.9/branch/0.9.20_kto_usr_fkt/4fach/design/HS/users.gif	svn:mime-type	1e86d1bc52f24f75cdba3765b30e79519a49e5dc5c0d27605048b15591e07892	application/octet-stream
eStab_0.9/branch/0.9.20_kto_usr_fkt/4fach/design/HS/warning.gif	svn:mime-type	1e86d1bc52f24f75cdba3765b30e79519a49e5dc5c0d27605048b15591e07892	application/octet-stream
eStab_0.9/branch/0.9.20_kto_usr_fkt/4fach/design/HS/write.gif	svn:mime-type	1e86d1bc52f24f75cdba3765b30e79519a49e5dc5c0d27605048b15591e07892	application/octet-stream
eStab_0.9/branch/0.9.20_kto_usr_fkt/4fach/design/Symboldesign.odt	svn:mime-type	1e86d1bc52f24f75cdba3765b30e79519a49e5dc5c0d27605048b15591e07892	application/octet-stream
eStab_0.9/branch/0.9.20_kto_usr_fkt/4fach/design/mr/000.gif	svn:mime-type	1e86d1bc52f24f75cdba3765b30e79519a49e5dc5c0d27605048b15591e07892	application/octet-stream
eStab_0.9/branch/0.9.20_kto_usr_fkt/4fach/design/mr/2ndAssort.gif	svn:mime-type	1e86d1bc52f24f75cdba3765b30e79519a49e5dc5c0d27605048b15591e07892	application/octet-stream
eStab_0.9/branch/0.9.20_kto_usr_fkt/4fach/design/mr/_go_back.gif	svn:mime-type	1e86d1bc52f24f75cdba3765b30e79519a49e5dc5c0d27605048b15591e07892	application/octet-stream
eStab_0.9/branch/0.9.20_kto_usr_fkt/4fach/design/mr/_go_end.gif	svn:mime-type	1e86d1bc52f24f75cdba3765b30e79519a49e5dc5c0d27605048b15591e07892	application/octet-stream
eStab_0.9/branch/0.9.20_kto_usr_fkt/4fach/design/mr/_go_forward.gif	svn:mime-type	1e86d1bc52f24f75cdba3765b30e79519a49e5dc5c0d27605048b15591e07892	application/octet-stream
eStab_0.9/branch/0.9.20_kto_usr_fkt/4fach/design/mr/_go_start.gif	svn:mime-type	1e86d1bc52f24f75cdba3765b30e79519a49e5dc5c0d27605048b15591e07892	application/octet-stream
eStab_0.9/branch/0.9.20_kto_usr_fkt/4fach/design/mr/_status_blue.gif	svn:mime-type	1e86d1bc52f24f75cdba3765b30e79519a49e5dc5c0d27605048b15591e07892	application/octet-stream
eStab_0.9/branch/0.9.20_kto_usr_fkt/4fach/design/mr/_status_green.gif	svn:mime-type	1e86d1bc52f24f75cdba3765b30e79519a49e5dc5c0d27605048b15591e07892	application/octet-stream
eStab_0.9/branch/0.9.20_kto_usr_fkt/4fach/design/mr/_status_yellow.gif	svn:mime-type	1e86d1bc52f24f75cdba3765b30e79519a49e5dc5c0d27605048b15591e07892	application/octet-stream
eStab_0.9/branch/0.9.20_kto_usr_fkt/4fach/design/mr/all.gif	svn:mime-type	1e86d1bc52f24f75cdba3765b30e79519a49e5dc5c0d27605048b15591e07892	application/octet-stream
eStab_0.9/branch/0.9.20_kto_usr_fkt/4fach/design/mr/assort.gif	svn:mime-type	1e86d1bc52f24f75cdba3765b30e79519a49e5dc5c0d27605048b15591e07892	application/octet-stream
eStab_0.9/branch/0.9.20_kto_usr_fkt/4fach/design/mr/attachment.gif	svn:mime-type	1e86d1bc52f24f75cdba3765b30e79519a49e5dc5c0d27605048b15591e07892	application/octet-stream
eStab_0.9/branch/0.9.20_kto_usr_fkt/4fach/design/mr/cancel.gif	svn:mime-type	1e86d1bc52f24f75cdba3765b30e79519a49e5dc5c0d27605048b15591e07892	application/octet-stream
eStab_0.9/branch/0.9.20_kto_usr_fkt/4fach/design/mr/checked.gif	svn:mime-type	1e86d1bc52f24f75cdba3765b30e79519a49e5dc5c0d27605048b15591e07892	application/octet-stream
eStab_0.9/branch/0.9.20_kto_usr_fkt/4fach/design/mr/delete.gif	svn:mime-type	1e86d1bc52f24f75cdba3765b30e79519a49e5dc5c0d27605048b15591e07892	application/octet-stream
eStab_0.9/branch/0.9.20_kto_usr_fkt/4fach/design/mr/edit.gif	svn:mime-type	1e86d1bc52f24f75cdba3765b30e79519a49e5dc5c0d27605048b15591e07892	application/octet-stream
eStab_0.9/branch/0.9.20_kto_usr_fkt/4fach/design/mr/file_global.gif	svn:mime-type	1e86d1bc52f24f75cdba3765b30e79519a49e5dc5c0d27605048b15591e07892	application/octet-stream
eStab_0.9/branch/0.9.20_kto_usr_fkt/4fach/design/mr/file_local.gif	svn:mime-type	1e86d1bc52f24f75cdba3765b30e79519a49e5dc5c0d27605048b15591e07892	application/octet-stream
eStab_0.9/branch/0.9.20_kto_usr_fkt/4fach/design/mr/filethis.gif	svn:mime-type	1e86d1bc52f24f75cdba3765b30e79519a49e5dc5c0d27605048b15591e07892	application/octet-stream
eStab_0.9/branch/0.9.20_kto_usr_fkt/4fach/design/mr/folder_global.gif	svn:mime-type	1e86d1bc52f24f75cdba3765b30e79519a49e5dc5c0d27605048b15591e07892	application/octet-stream
eStab_0.9/branch/0.9.20_kto_usr_fkt/4fach/design/mr/folder_local.gif	svn:mime-type	1e86d1bc52f24f75cdba3765b30e79519a49e5dc5c0d27605048b15591e07892	application/octet-stream
eStab_0.9/branch/0.9.20_kto_usr_fkt/4fach/design/mr/forward.gif	svn:mime-type	1e86d1bc52f24f75cdba3765b30e79519a49e5dc5c0d27605048b15591e07892	application/octet-stream
eStab_0.9/branch/0.9.20_kto_usr_fkt/4fach/design/mr/go_back.gif	svn:mime-type	1e86d1bc52f24f75cdba3765b30e79519a49e5dc5c0d27605048b15591e07892	application/octet-stream
eStab_0.9/branch/0.9.20_kto_usr_fkt/4fach/design/mr/go_end.gif	svn:mime-type	1e86d1bc52f24f75cdba3765b30e79519a49e5dc5c0d27605048b15591e07892	application/octet-stream
eStab_0.9/branch/0.9.20_kto_usr_fkt/4fach/design/mr/go_forward.gif	svn:mime-type	1e86d1bc52f24f75cdba3765b30e79519a49e5dc5c0d27605048b15591e07892	application/octet-stream
eStab_0.9/branch/0.9.20_kto_usr_fkt/4fach/design/mr/go_start.gif	svn:mime-type	1e86d1bc52f24f75cdba3765b30e79519a49e5dc5c0d27605048b15591e07892	application/octet-stream
eStab_0.9/branch/0.9.20_kto_usr_fkt/4fach/design/mr/in.gif	svn:mime-type	1e86d1bc52f24f75cdba3765b30e79519a49e5dc5c0d27605048b15591e07892	application/octet-stream
eStab_0.9/branch/0.9.20_kto_usr_fkt/4fach/design/mr/info.gif	svn:mime-type	1e86d1bc52f24f75cdba3765b30e79519a49e5dc5c0d27605048b15591e07892	application/octet-stream
eStab_0.9/branch/0.9.20_kto_usr_fkt/4fach/design/mr/isread.gif	svn:mime-type	1e86d1bc52f24f75cdba3765b30e79519a49e5dc5c0d27605048b15591e07892	application/octet-stream
eStab_0.9/branch/0.9.20_kto_usr_fkt/4fach/design/mr/logbook_entry.gif	svn:mime-type	1e86d1bc52f24f75cdba3765b30e79519a49e5dc5c0d27605048b15591e07892	application/octet-stream
eStab_0.9/branch/0.9.20_kto_usr_fkt/4fach/design/mr/logon.gif	svn:mime-type	1e86d1bc52f24f75cdba3765b30e79519a49e5dc5c0d27605048b15591e07892	application/octet-stream
eStab_0.9/branch/0.9.20_kto_usr_fkt/4fach/design/mr/logout.gif	svn:mime-type	1e86d1bc52f24f75cdba3765b30e79519a49e5dc5c0d27605048b15591e07892	application/octet-stream
eStab_0.9/branch/0.9.20_kto_usr_fkt/4fach/design/mr/mail_prio_unread.gif	svn:mime-type	1e86d1bc52f24f75cdba3765b30e79519a49e5dc5c0d27605048b15591e07892	application/octet-stream
eStab_0.9/branch/0.9.20_kto_usr_fkt/4fach/design/mr/mail_unread.gif	svn:mime-type	1e86d1bc52f24f75cdba3765b30e79519a49e5dc5c0d27605048b15591e07892	application/octet-stream
eStab_0.9/branch/0.9.20_kto_usr_fkt/4fach/design/mr/notify_aw.wav	svn:mime-type	1e86d1bc52f24f75cdba3765b30e79519a49e5dc5c0d27605048b15591e07892	application/octet-stream
eStab_0.9/branch/0.9.20_kto_usr_fkt/4fach/design/mr/notify_si.wav	svn:mime-type	1e86d1bc52f24f75cdba3765b30e79519a49e5dc5c0d27605048b15591e07892	application/octet-stream
eStab_0.9/branch/0.9.20_kto_usr_fkt/4fach/design/mr/notify_stab.wav	svn:mime-type	1e86d1bc52f24f75cdba3765b30e79519a49e5dc5c0d27605048b15591e07892	application/octet-stream
eStab_0.9/branch/0.9.20_kto_usr_fkt/4fach/design/mr/null.gif	svn:mime-type	1e86d1bc52f24f75cdba3765b30e79519a49e5dc5c0d27605048b15591e07892	application/octet-stream
eStab_0.9/branch/0.9.20_kto_usr_fkt/4fach/design/mr/null.jpg	svn:mime-type	1e86d1bc52f24f75cdba3765b30e79519a49e5dc5c0d27605048b15591e07892	application/octet-stream
eStab_0.9/branch/0.9.20_kto_usr_fkt/4fach/design/mr/ok.gif	svn:mime-type	1e86d1bc52f24f75cdba3765b30e79519a49e5dc5c0d27605048b15591e07892	application/octet-stream
eStab_0.9/branch/0.9.20_kto_usr_fkt/4fach/design/mr/out.gif	svn:mime-type	1e86d1bc52f24f75cdba3765b30e79519a49e5dc5c0d27605048b15591e07892	application/octet-stream
eStab_0.9/branch/0.9.20_kto_usr_fkt/4fach/design/mr/print.gif	svn:mime-type	1e86d1bc52f24f75cdba3765b30e79519a49e5dc5c0d27605048b15591e07892	application/octet-stream
eStab_0.9/branch/0.9.20_kto_usr_fkt/4fach/design/mr/read.gif	svn:mime-type	1e86d1bc52f24f75cdba3765b30e79519a49e5dc5c0d27605048b15591e07892	application/octet-stream
eStab_0.9/branch/0.9.20_kto_usr_fkt/4fach/design/mr/reply.gif	svn:mime-type	1e86d1bc52f24f75cdba3765b30e79519a49e5dc5c0d27605048b15591e07892	application/octet-stream
eStab_0.9/branch/0.9.20_kto_usr_fkt/4fach/design/mr/second.bs	svn:mime-type	1e86d1bc52f24f75cdba3765b30e79519a49e5dc5c0d27605048b15591e07892	application/octet-stream
eStab_0.9/branch/0.9.20_kto_usr_fkt/4fach/design/mr/send.gif	svn:mime-type	1e86d1bc52f24f75cdba3765b30e79519a49e5dc5c0d27605048b15591e07892	application/octet-stream
eStab_0.9/branch/0.9.20_kto_usr_fkt/4fach/design/mr/status_green.gif	svn:mime-type	1e86d1bc52f24f75cdba3765b30e79519a49e5dc5c0d27605048b15591e07892	application/octet-stream
eStab_0.9/branch/0.9.20_kto_usr_fkt/4fach/design/mr/status_red.gif	svn:mime-type	1e86d1bc52f24f75cdba3765b30e79519a49e5dc5c0d27605048b15591e07892	application/octet-stream
eStab_0.9/branch/0.9.20_kto_usr_fkt/4fach/design/mr/status_yellow.gif	svn:mime-type	1e86d1bc52f24f75cdba3765b30e79519a49e5dc5c0d27605048b15591e07892	application/octet-stream
eStab_0.9/branch/0.9.20_kto_usr_fkt/4fach/design/mr/task_done.gif	svn:mime-type	1e86d1bc52f24f75cdba3765b30e79519a49e5dc5c0d27605048b15591e07892	application/octet-stream
eStab_0.9/branch/0.9.20_kto_usr_fkt/4fach/design/mr/task_due.gif	svn:mime-type	1e86d1bc52f24f75cdba3765b30e79519a49e5dc5c0d27605048b15591e07892	application/octet-stream
eStab_0.9/branch/0.9.20_kto_usr_fkt/4fach/design/mr/timer.gif	svn:mime-type	1e86d1bc52f24f75cdba3765b30e79519a49e5dc5c0d27605048b15591e07892	application/octet-stream
eStab_0.9/branch/0.9.20_kto_usr_fkt/4fach/design/mr/transport.gif	svn:mime-type	1e86d1bc52f24f75cdba3765b30e79519a49e5dc5c0d27605048b15591e07892	application/octet-stream
eStab_0.9/branch/0.9.20_kto_usr_fkt/4fach/design/mr/upload.gif	svn:mime-type	1e86d1bc52f24f75cdba3765b30e79519a49e5dc5c0d27605048b15591e07892	application/octet-stream
eStab_0.9/branch/0.9.20_kto_usr_fkt/4fach/design/mr/users.gif	svn:mime-type	1e86d1bc52f24f75cdba3765b30e79519a49e5dc5c0d27605048b15591e07892	application/octet-stream
eStab_0.9/branch/0.9.20_kto_usr_fkt/4fach/design/mr/warning.gif	svn:mime-type	1e86d1bc52f24f75cdba3765b30e79519a49e5dc5c0d27605048b15591e07892	application/octet-stream
eStab_0.9/branch/0.9.20_kto_usr_fkt/4fach/design/mr/write.gif	svn:mime-type	1e86d1bc52f24f75cdba3765b30e79519a49e5dc5c0d27605048b15591e07892	application/octet-stream
eStab_0.9/branch/0.9.20_kto_usr_fkt/4fach/design/second/000.gif	svn:mime-type	1e86d1bc52f24f75cdba3765b30e79519a49e5dc5c0d27605048b15591e07892	application/octet-stream
eStab_0.9/branch/0.9.20_kto_usr_fkt/4fach/design/second/001.jpg	svn:mime-type	1e86d1bc52f24f75cdba3765b30e79519a49e5dc5c0d27605048b15591e07892	application/octet-stream
eStab_0.9/branch/0.9.20_kto_usr_fkt/4fach/design/second/002.jpg	svn:mime-type	1e86d1bc52f24f75cdba3765b30e79519a49e5dc5c0d27605048b15591e07892	application/octet-stream
eStab_0.9/branch/0.9.20_kto_usr_fkt/4fach/design/second/003.jpg	svn:mime-type	1e86d1bc52f24f75cdba3765b30e79519a49e5dc5c0d27605048b15591e07892	application/octet-stream
eStab_0.9/branch/0.9.20_kto_usr_fkt/4fach/design/second/004.jpg	svn:mime-type	1e86d1bc52f24f75cdba3765b30e79519a49e5dc5c0d27605048b15591e07892	application/octet-stream
eStab_0.9/branch/0.9.20_kto_usr_fkt/4fach/design/second/004a.jpg	svn:mime-type	1e86d1bc52f24f75cdba3765b30e79519a49e5dc5c0d27605048b15591e07892	application/octet-stream
eStab_0.9/branch/0.9.20_kto_usr_fkt/4fach/design/second/005.jpg	svn:mime-type	1e86d1bc52f24f75cdba3765b30e79519a49e5dc5c0d27605048b15591e07892	application/octet-stream
eStab_0.9/branch/0.9.20_kto_usr_fkt/4fach/design/second/006.jpg	svn:mime-type	1e86d1bc52f24f75cdba3765b30e79519a49e5dc5c0d27605048b15591e07892	application/octet-stream
eStab_0.9/branch/0.9.20_kto_usr_fkt/4fach/design/second/007.jpg	svn:mime-type	1e86d1bc52f24f75cdba3765b30e79519a49e5dc5c0d27605048b15591e07892	application/octet-stream
eStab_0.9/branch/0.9.20_kto_usr_fkt/4fach/design/second/008.jpg	svn:mime-type	1e86d1bc52f24f75cdba3765b30e79519a49e5dc5c0d27605048b15591e07892	application/octet-stream
eStab_0.9/branch/0.9.20_kto_usr_fkt/4fach/design/second/009.jpg	svn:mime-type	1e86d1bc52f24f75cdba3765b30e79519a49e5dc5c0d27605048b15591e07892	application/octet-stream
eStab_0.9/branch/0.9.20_kto_usr_fkt/4fach/design/second/010.jpg	svn:mime-type	1e86d1bc52f24f75cdba3765b30e79519a49e5dc5c0d27605048b15591e07892	application/octet-stream
eStab_0.9/branch/0.9.20_kto_usr_fkt/4fach/design/second/011.jpg	svn:mime-type	1e86d1bc52f24f75cdba3765b30e79519a49e5dc5c0d27605048b15591e07892	application/octet-stream
eStab_0.9/branch/0.9.20_kto_usr_fkt/4fach/design/second/012.jpg	svn:mime-type	1e86d1bc52f24f75cdba3765b30e79519a49e5dc5c0d27605048b15591e07892	application/octet-stream
eStab_0.9/branch/0.9.20_kto_usr_fkt/4fach/design/second/012a.jpg	svn:mime-type	1e86d1bc52f24f75cdba3765b30e79519a49e5dc5c0d27605048b15591e07892	application/octet-stream
eStab_0.9/branch/0.9.20_kto_usr_fkt/4fach/design/second/012b.jpg	svn:mime-type	1e86d1bc52f24f75cdba3765b30e79519a49e5dc5c0d27605048b15591e07892	application/octet-stream
eStab_0.9/branch/0.9.20_kto_usr_fkt/4fach/design/second/013.jpg	svn:mime-type	1e86d1bc52f24f75cdba3765b30e79519a49e5dc5c0d27605048b15591e07892	application/octet-stream
eStab_0.9/branch/0.9.20_kto_usr_fkt/4fach/design/second/014.jpg	svn:mime-type	1e86d1bc52f24f75cdba3765b30e79519a49e5dc5c0d27605048b15591e07892	application/octet-stream
eStab_0.9/branch/0.9.20_kto_usr_fkt/4fach/design/second/015.jpg	svn:mime-type	1e86d1bc52f24f75cdba3765b30e79519a49e5dc5c0d27605048b15591e07892	application/octet-stream
eStab_0.9/branch/0.9.20_kto_usr_fkt/4fach/design/second/016.jpg	svn:mime-type	1e86d1bc52f24f75cdba3765b30e79519a49e5dc5c0d27605048b15591e07892	application/octet-stream
eStab_0.9/branch/0.9.20_kto_usr_fkt/4fach/design/second/017.jpg	svn:mime-type	1e86d1bc52f24f75cdba3765b30e79519a49e5dc5c0d27605048b15591e07892	application/octet-stream
eStab_0.9/branch/0.9.20_kto_usr_fkt/4fach/design/second/018.gif	svn:mime-type	1e86d1bc52f24f75cdba3765b30e79519a49e5dc5c0d27605048b15591e07892	application/octet-stream
eStab_0.9/branch/0.9.20_kto_usr_fkt/4fach/design/second/019.gif	svn:mime-type	1e86d1bc52f24f75cdba3765b30e79519a49e5dc5c0d27605048b15591e07892	application/octet-stream
eStab_0.9/branch/0.9.20_kto_usr_fkt/4fach/design/second/020.png	svn:mime-type	1e86d1bc52f24f75cdba3765b30e79519a49e5dc5c0d27605048b15591e07892	application/octet-stream
eStab_0.9/branch/0.9.20_kto_usr_fkt/4fach/design/second/021.png	svn:mime-type	1e86d1bc52f24f75cdba3765b30e79519a49e5dc5c0d27605048b15591e07892	application/octet-stream
eStab_0.9/branch/0.9.20_kto_usr_fkt/4fach/design/second/022.png	svn:mime-type	1e86d1bc52f24f75cdba3765b30e79519a49e5dc5c0d27605048b15591e07892	application/octet-stream
eStab_0.9/branch/0.9.20_kto_usr_fkt/4fach/design/second/023.png	svn:mime-type	1e86d1bc52f24f75cdba3765b30e79519a49e5dc5c0d27605048b15591e07892	application/octet-stream
eStab_0.9/branch/0.9.20_kto_usr_fkt/4fach/design/second/024.jpg	svn:mime-type	1e86d1bc52f24f75cdba3765b30e79519a49e5dc5c0d27605048b15591e07892	application/octet-stream
eStab_0.9/branch/0.9.20_kto_usr_fkt/4fach/design/second/025.gif	svn:mime-type	1e86d1bc52f24f75cdba3765b30e79519a49e5dc5c0d27605048b15591e07892	application/octet-stream
eStab_0.9/branch/0.9.20_kto_usr_fkt/4fach/design/second/026.gif	svn:mime-type	1e86d1bc52f24f75cdba3765b30e79519a49e5dc5c0d27605048b15591e07892	application/octet-stream
eStab_0.9/branch/0.9.20_kto_usr_fkt/4fach/design/second/027.gif	svn:mime-type	1e86d1bc52f24f75cdba3765b30e79519a49e5dc5c0d27605048b15591e07892	application/octet-stream
eStab_0.9/branch/0.9.20_kto_usr_fkt/4fach/design/second/028.gif	svn:mime-type	1e86d1bc52f24f75cdba3765b30e79519a49e5dc5c0d27605048b15591e07892	application/octet-stream
eStab_0.9/branch/0.9.20_kto_usr_fkt/4fach/design/second/028.jpg	svn:mime-type	1e86d1bc52f24f75cdba3765b30e79519a49e5dc5c0d27605048b15591e07892	application/octet-stream
eStab_0.9/branch/0.9.20_kto_usr_fkt/4fach/design/second/029.gif	svn:mime-type	1e86d1bc52f24f75cdba3765b30e79519a49e5dc5c0d27605048b15591e07892	application/octet-stream
eStab_0.9/branch/0.9.20_kto_usr_fkt/4fach/design/second/029.jpg	svn:mime-type	1e86d1bc52f24f75cdba3765b30e79519a49e5dc5c0d27605048b15591e07892	application/octet-stream
eStab_0.9/branch/0.9.20_kto_usr_fkt/4fach/design/second/030.jpg	svn:mime-type	1e86d1bc52f24f75cdba3765b30e79519a49e5dc5c0d27605048b15591e07892	application/octet-stream
eStab_0.9/branch/0.9.20_kto_usr_fkt/4fach/design/second/031.jpg	svn:mime-type	1e86d1bc52f24f75cdba3765b30e79519a49e5dc5c0d27605048b15591e07892	application/octet-stream
eStab_0.9/branch/0.9.20_kto_usr_fkt/4fach/design/second/032.jpg	svn:mime-type	1e86d1bc52f24f75cdba3765b30e79519a49e5dc5c0d27605048b15591e07892	application/octet-stream
eStab_0.9/branch/0.9.20_kto_usr_fkt/4fach/design/second/033.gif	svn:mime-type	1e86d1bc52f24f75cdba3765b30e79519a49e5dc5c0d27605048b15591e07892	application/octet-stream
eStab_0.9/branch/0.9.20_kto_usr_fkt/4fach/design/second/033.png	svn:mime-type	1e86d1bc52f24f75cdba3765b30e79519a49e5dc5c0d27605048b15591e07892	application/octet-stream
eStab_0.9/branch/0.9.20_kto_usr_fkt/4fach/design/second/034.gif	svn:mime-type	1e86d1bc52f24f75cdba3765b30e79519a49e5dc5c0d27605048b15591e07892	application/octet-stream
eStab_0.9/branch/0.9.20_kto_usr_fkt/4fach/design/second/035.png	svn:mime-type	1e86d1bc52f24f75cdba3765b30e79519a49e5dc5c0d27605048b15591e07892	application/octet-stream
eStab_0.9/branch/0.9.20_kto_usr_fkt/4fach/design/second/035a.png	svn:mime-type	1e86d1bc52f24f75cdba3765b30e79519a49e5dc5c0d27605048b15591e07892	application/octet-stream
eStab_0.9/branch/0.9.20_kto_usr_fkt/4fach/design/second/038.jpg	svn:mime-type	1e86d1bc52f24f75cdba3765b30e79519a49e5dc5c0d27605048b15591e07892	application/octet-stream
eStab_0.9/branch/0.9.20_kto_usr_fkt/4fach/design/second/040.jpg	svn:mime-type	1e86d1bc52f24f75cdba3765b30e79519a49e5dc5c0d27605048b15591e07892	application/octet-stream
eStab_0.9/branch/0.9.20_kto_usr_fkt/4fach/design/second/050.gif	svn:mime-type	1e86d1bc52f24f75cdba3765b30e79519a49e5dc5c0d27605048b15591e07892	application/octet-stream
eStab_0.9/branch/0.9.20_kto_usr_fkt/4fach/design/second/051.gif	svn:mime-type	1e86d1bc52f24f75cdba3765b30e79519a49e5dc5c0d27605048b15591e07892	application/octet-stream
eStab_0.9/branch/0.9.20_kto_usr_fkt/4fach/design/second/060.jpg	svn:mime-type	1e86d1bc52f24f75cdba3765b30e79519a49e5dc5c0d27605048b15591e07892	application/octet-stream
eStab_0.9/branch/0.9.20_kto_usr_fkt/4fach/design/second/060.png	svn:mime-type	1e86d1bc52f24f75cdba3765b30e79519a49e5dc5c0d27605048b15591e07892	application/octet-stream
eStab_0.9/branch/0.9.20_kto_usr_fkt/4fach/design/second/061.png	svn:mime-type	1e86d1bc52f24f75cdba3765b30e79519a49e5dc5c0d27605048b15591e07892	application/octet-stream
eStab_0.9/branch/0.9.20_kto_usr_fkt/4fach/design/second/101.gif	svn:mime-type	1e86d1bc52f24f75cdba3765b30e79519a49e5dc5c0d27605048b15591e07892	application/octet-stream
eStab_0.9/branch/0.9.20_kto_usr_fkt/4fach/design/second/102.gif	svn:mime-type	1e86d1bc52f24f75cdba3765b30e79519a49e5dc5c0d27605048b15591e07892	application/octet-stream
eStab_0.9/branch/0.9.20_kto_usr_fkt/4fach/design/second/103.gif	svn:mime-type	1e86d1bc52f24f75cdba3765b30e79519a49e5dc5c0d27605048b15591e07892	application/octet-stream
eStab_0.9/branch/0.9.20_kto_usr_fkt/4fach/design/second/104.gif	svn:mime-type	1e86d1bc52f24f75cdba3765b30e79519a49e5dc5c0d27605048b15591e07892	application/octet-stream
eStab_0.9/branch/0.9.20_kto_usr_fkt/4fach/design/second/110.gif	svn:mime-type	1e86d1bc52f24f75cdba3765b30e79519a49e5dc5c0d27605048b15591e07892	application/octet-stream
eStab_0.9/branch/0.9.20_kto_usr_fkt/4fach/design/second/111.gif	svn:mime-type	1e86d1bc52f24f75cdba3765b30e79519a49e5dc5c0d27605048b15591e07892	application/octet-stream
eStab_0.9/branch/0.9.20_kto_usr_fkt/4fach/design/second/112.png	svn:mime-type	1e86d1bc52f24f75cdba3765b30e79519a49e5dc5c0d27605048b15591e07892	application/octet-stream
eStab_0.9/branch/0.9.20_kto_usr_fkt/4fach/design/second/113.png	svn:mime-type	1e86d1bc52f24f75cdba3765b30e79519a49e5dc5c0d27605048b15591e07892	application/octet-stream
eStab_0.9/branch/0.9.20_kto_usr_fkt/4fach/design/second/115.gif	svn:mime-type	1e86d1bc52f24f75cdba3765b30e79519a49e5dc5c0d27605048b15591e07892	application/octet-stream
eStab_0.9/branch/0.9.20_kto_usr_fkt/4fach/design/second/116.jpg	svn:mime-type	1e86d1bc52f24f75cdba3765b30e79519a49e5dc5c0d27605048b15591e07892	application/octet-stream
eStab_0.9/branch/0.9.20_kto_usr_fkt/4fach/design/second/117.jpg	svn:mime-type	1e86d1bc52f24f75cdba3765b30e79519a49e5dc5c0d27605048b15591e07892	application/octet-stream
eStab_0.9/branch/0.9.20_kto_usr_fkt/4fach/design/second/118.jpg	svn:mime-type	1e86d1bc52f24f75cdba3765b30e79519a49e5dc5c0d27605048b15591e07892	application/octet-stream
eStab_0.9/branch/0.9.20_kto_usr_fkt/4fach/design/second/119.jpg	svn:mime-type	1e86d1bc52f24f75cdba3765b30e79519a49e5dc5c0d27605048b15591e07892	application/octet-stream
eStab_0.9/branch/0.9.20_kto_usr_fkt/4fach/design/second/120.gif	svn:mime-type	1e86d1bc52f24f75cdba3765b30e79519a49e5dc5c0d27605048b15591e07892	application/octet-stream
eStab_0.9/branch/0.9.20_kto_usr_fkt/4fach/design/second/120.jpg	svn:mime-type	1e86d1bc52f24f75cdba3765b30e79519a49e5dc5c0d27605048b15591e07892	application/octet-stream
eStab_0.9/branch/0.9.20_kto_usr_fkt/4fach/design/second/121.jpg	svn:mime-type	1e86d1bc52f24f75cdba3765b30e79519a49e5dc5c0d27605048b15591e07892	application/octet-stream
eStab_0.9/branch/0.9.20_kto_usr_fkt/4fach/design/second/1255.jpg	svn:mime-type	1e86d1bc52f24f75cdba3765b30e79519a49e5dc5c0d27605048b15591e07892	application/octet-stream
eStab_0.9/branch/0.9.20_kto_usr_fkt/4fach/design/second/24-book-blue-check.png	svn:mime-type	1e86d1bc52f24f75cdba3765b30e79519a49e5dc5c0d27605048b15591e07892	application/octet-stream
eStab_0.9/branch/0.9.20_kto_usr_fkt/4fach/design/second/A025.png	svn:mime-type	1e86d1bc52f24f75cdba3765b30e79519a49e5dc5c0d27605048b15591e07892	application/octet-stream
eStab_0.9/branch/0.9.20_kto_usr_fkt/4fach/design/second/A026.png	svn:mime-type	1e86d1bc52f24f75cdba3765b30e79519a49e5dc5c0d27605048b15591e07892	application/octet-stream
eStab_0.9/branch/0.9.20_kto_usr_fkt/4fach/design/second/A027.png	svn:mime-type	1e86d1bc52f24f75cdba3765b30e79519a49e5dc5c0d27605048b15591e07892	application/octet-stream
eStab_0.9/branch/0.9.20_kto_usr_fkt/4fach/design/second/A028.gif	svn:mime-type	1e86d1bc52f24f75cdba3765b30e79519a49e5dc5c0d27605048b15591e07892	application/octet-stream
eStab_0.9/branch/0.9.20_kto_usr_fkt/4fach/design/second/bl.png	svn:mime-type	1e86d1bc52f24f75cdba3765b30e79519a49e5dc5c0d27605048b15591e07892	application/octet-stream
eStab_0.9/branch/0.9.20_kto_usr_fkt/4fach/design/second/checked.gif	svn:mime-type	1e86d1bc52f24f75cdba3765b30e79519a49e5dc5c0d27605048b15591e07892	application/octet-stream
eStab_0.9/branch/0.9.20_kto_usr_fkt/4fach/design/second/gn.png	svn:mime-type	1e86d1bc52f24f75cdba3765b30e79519a49e5dc5c0d27605048b15591e07892	application/octet-stream
eStab_0.9/branch/0.9.20_kto_usr_fkt/4fach/design/second/info.gif	svn:mime-type	1e86d1bc52f24f75cdba3765b30e79519a49e5dc5c0d27605048b15591e07892	application/octet-stream
eStab_0.9/branch/0.9.20_kto_usr_fkt/4fach/design/second/move.gif	svn:mime-type	1e86d1bc52f24f75cdba3765b30e79519a49e5dc5c0d27605048b15591e07892	application/octet-stream
eStab_0.9/branch/0.9.20_kto_usr_fkt/4fach/design/second/null.gif	svn:mime-type	1e86d1bc52f24f75cdba3765b30e79519a49e5dc5c0d27605048b15591e07892	application/octet-stream
eStab_0.9/branch/0.9.20_kto_usr_fkt/4fach/design/second/null.jpg	svn:mime-type	1e86d1bc52f24f75cdba3765b30e79519a49e5dc5c0d27605048b15591e07892	application/octet-stream
eStab_0.9/branch/0.9.20_kto_usr_fkt/4fach/design/second/second.bs	svn:mime-type	1e86d1bc52f24f75cdba3765b30e79519a49e5dc5c0d27605048b15591e07892	application/octet-stream
eStab_0.9/branch/0.9.20_kto_usr_fkt/4fach/design/second/vor.gif	svn:mime-type	1e86d1bc52f24f75cdba3765b30e79519a49e5dc5c0d27605048b15591e07892	application/octet-stream
eStab_0.9/branch/0.9.20_kto_usr_fkt/4fach/design/simple/001.jpg	svn:mime-type	1e86d1bc52f24f75cdba3765b30e79519a49e5dc5c0d27605048b15591e07892	application/octet-stream
eStab_0.9/branch/0.9.20_kto_usr_fkt/4fach/design/simple/002.jpg	svn:mime-type	1e86d1bc52f24f75cdba3765b30e79519a49e5dc5c0d27605048b15591e07892	application/octet-stream
eStab_0.9/branch/0.9.20_kto_usr_fkt/4fach/design/simple/003.jpg	svn:mime-type	1e86d1bc52f24f75cdba3765b30e79519a49e5dc5c0d27605048b15591e07892	application/octet-stream
eStab_0.9/branch/0.9.20_kto_usr_fkt/4fach/design/simple/004.jpg	svn:mime-type	1e86d1bc52f24f75cdba3765b30e79519a49e5dc5c0d27605048b15591e07892	application/octet-stream
eStab_0.9/branch/0.9.20_kto_usr_fkt/4fach/design/simple/004a.jpg	svn:mime-type	1e86d1bc52f24f75cdba3765b30e79519a49e5dc5c0d27605048b15591e07892	application/octet-stream
eStab_0.9/branch/0.9.20_kto_usr_fkt/4fach/design/simple/005.jpg	svn:mime-type	1e86d1bc52f24f75cdba3765b30e79519a49e5dc5c0d27605048b15591e07892	application/octet-stream
eStab_0.9/branch/0.9.20_kto_usr_fkt/4fach/design/simple/006.jpg	svn:mime-type	1e86d1bc52f24f75cdba3765b30e79519a49e5dc5c0d27605048b15591e07892	application/octet-stream
eStab_0.9/branch/0.9.20_kto_usr_fkt/4fach/design/simple/007.jpg	svn:mime-type	1e86d1bc52f24f75cdba3765b30e79519a49e5dc5c0d27605048b15591e07892	application/octet-stream
eStab_0.9/branch/0.9.20_kto_usr_fkt/4fach/design/simple/008.jpg	svn:mime-type	1e86d1bc52f24f75cdba3765b30e79519a49e5dc5c0d27605048b15591e07892	application/octet-stream
eStab_0.9/branch/0.9.20_kto_usr_fkt/4fach/design/simple/009.jpg	svn:mime-type	1e86d1bc52f24f75cdba3765b30e79519a49e5dc5c0d27605048b15591e07892	application/octet-stream
eStab_0.9/branch/0.9.20_kto_usr_fkt/4fach/design/simple/010.jpg	svn:mime-type	1e86d1bc52f24f75cdba3765b30e79519a49e5dc5c0d27605048b15591e07892	application/octet-stream
eStab_0.9/branch/0.9.20_kto_usr_fkt/4fach/design/simple/011.jpg	svn:mime-type	1e86d1bc52f24f75cdba3765b30e79519a49e5dc5c0d27605048b15591e07892	application/octet-stream
eStab_0.9/branch/0.9.20_kto_usr_fkt/4fach/design/simple/012.jpg	svn:mime-type	1e86d1bc52f24f75cdba3765b30e79519a49e5dc5c0d27605048b15591e07892	application/octet-stream
eStab_0.9/branch/0.9.20_kto_usr_fkt/4fach/design/simple/012a.jpg	svn:mime-type	1e86d1bc52f24f75cdba3765b30e79519a49e5dc5c0d27605048b15591e07892	application/octet-stream
eStab_0.9/branch/0.9.20_kto_usr_fkt/4fach/design/simple/012b.jpg	svn:mime-type	1e86d1bc52f24f75cdba3765b30e79519a49e5dc5c0d27605048b15591e07892	application/octet-stream
eStab_0.9/branch/0.9.20_kto_usr_fkt/4fach/design/simple/013.jpg	svn:mime-type	1e86d1bc52f24f75cdba3765b30e79519a49e5dc5c0d27605048b15591e07892	application/octet-stream
eStab_0.9/branch/0.9.20_kto_usr_fkt/4fach/design/simple/014.jpg	svn:mime-type	1e86d1bc52f24f75cdba3765b30e79519a49e5dc5c0d27605048b15591e07892	application/octet-stream
eStab_0.9/branch/0.9.20_kto_usr_fkt/4fach/design/simple/015.jpg	svn:mime-type	1e86d1bc52f24f75cdba3765b30e79519a49e5dc5c0d27605048b15591e07892	application/octet-stream
eStab_0.9/branch/0.9.20_kto_usr_fkt/4fach/design/simple/016.jpg	svn:mime-type	1e86d1bc52f24f75cdba3765b30e79519a49e5dc5c0d27605048b15591e07892	application/octet-stream
eStab_0.9/branch/0.9.20_kto_usr_fkt/4fach/design/simple/017.jpg	svn:mime-type	1e86d1bc52f24f75cdba3765b30e79519a49e5dc5c0d27605048b15591e07892	application/octet-stream
eStab_0.9/branch/0.9.20_kto_usr_fkt/4fach/design/simple/018.gif	svn:mime-type	1e86d1bc52f24f75cdba3765b30e79519a49e5dc5c0d27605048b15591e07892	application/octet-stream
eStab_0.9/branch/0.9.20_kto_usr_fkt/4fach/design/simple/019.gif	svn:mime-type	1e86d1bc52f24f75cdba3765b30e79519a49e5dc5c0d27605048b15591e07892	application/octet-stream
eStab_0.9/branch/0.9.20_kto_usr_fkt/4fach/design/simple/020.png	svn:mime-type	1e86d1bc52f24f75cdba3765b30e79519a49e5dc5c0d27605048b15591e07892	application/octet-stream
eStab_0.9/branch/0.9.20_kto_usr_fkt/4fach/design/simple/021.png	svn:mime-type	1e86d1bc52f24f75cdba3765b30e79519a49e5dc5c0d27605048b15591e07892	application/octet-stream
eStab_0.9/branch/0.9.20_kto_usr_fkt/4fach/design/simple/022.png	svn:mime-type	1e86d1bc52f24f75cdba3765b30e79519a49e5dc5c0d27605048b15591e07892	application/octet-stream
eStab_0.9/branch/0.9.20_kto_usr_fkt/4fach/design/simple/023.png	svn:mime-type	1e86d1bc52f24f75cdba3765b30e79519a49e5dc5c0d27605048b15591e07892	application/octet-stream
eStab_0.9/branch/0.9.20_kto_usr_fkt/4fach/design/simple/024.jpg	svn:mime-type	1e86d1bc52f24f75cdba3765b30e79519a49e5dc5c0d27605048b15591e07892	application/octet-stream
eStab_0.9/branch/0.9.20_kto_usr_fkt/4fach/design/simple/025.gif	svn:mime-type	1e86d1bc52f24f75cdba3765b30e79519a49e5dc5c0d27605048b15591e07892	application/octet-stream
eStab_0.9/branch/0.9.20_kto_usr_fkt/4fach/design/simple/026.gif	svn:mime-type	1e86d1bc52f24f75cdba3765b30e79519a49e5dc5c0d27605048b15591e07892	application/octet-stream
eStab_0.9/branch/0.9.20_kto_usr_fkt/4fach/design/simple/027.gif	svn:mime-type	1e86d1bc52f24f75cdba3765b30e79519a49e5dc5c0d27605048b15591e07892	application/octet-stream
eStab_0.9/branch/0.9.20_kto_usr_fkt/4fach/design/simple/028.gif	svn:mime-type	1e86d1bc52f24f75cdba3765b30e79519a49e5dc5c0d27605048b15591e07892	application/octet-stream
eStab_0.9/branch/0.9.20_kto_usr_fkt/4fach/design/simple/028.jpg	svn:mime-type	1e86d1bc52f24f75cdba3765b30e79519a49e5dc5c0d27605048b15591e07892	application/octet-stream
eStab_0.9/branch/0.9.20_kto_usr_fkt/4fach/design/simple/029.gif	svn:mime-type	1e86d1bc52f24f75cdba3765b30e79519a49e5dc5c0d27605048b15591e07892	application/octet-stream
eStab_0.9/branch/0.9.20_kto_usr_fkt/4fach/design/simple/029.jpg	svn:mime-type	1e86d1bc52f24f75cdba3765b30e79519a49e5dc5c0d27605048b15591e07892	application/octet-stream
eStab_0.9/branch/0.9.20_kto_usr_fkt/4fach/design/simple/030.jpg	svn:mime-type	1e86d1bc52f24f75cdba3765b30e79519a49e5dc5c0d27605048b15591e07892	application/octet-stream
eStab_0.9/branch/0.9.20_kto_usr_fkt/4fach/design/simple/031.JPG	svn:mime-type	1e86d1bc52f24f75cdba3765b30e79519a49e5dc5c0d27605048b15591e07892	application/octet-stream
eStab_0.9/branch/0.9.20_kto_usr_fkt/4fach/design/simple/035.jpg	svn:mime-type	1e86d1bc52f24f75cdba3765b30e79519a49e5dc5c0d27605048b15591e07892	application/octet-stream
eStab_0.9/branch/0.9.20_kto_usr_fkt/4fach/design/simple/040.jpg	svn:mime-type	1e86d1bc52f24f75cdba3765b30e79519a49e5dc5c0d27605048b15591e07892	application/octet-stream
eStab_0.9/branch/0.9.20_kto_usr_fkt/4fach/design/simple/050.gif	svn:mime-type	1e86d1bc52f24f75cdba3765b30e79519a49e5dc5c0d27605048b15591e07892	application/octet-stream
eStab_0.9/branch/0.9.20_kto_usr_fkt/4fach/design/simple/051.gif	svn:mime-type	1e86d1bc52f24f75cdba3765b30e79519a49e5dc5c0d27605048b15591e07892	application/octet-stream
eStab_0.9/branch/0.9.20_kto_usr_fkt/4fach/design/simple/A025.png	svn:mime-type	1e86d1bc52f24f75cdba3765b30e79519a49e5dc5c0d27605048b15591e07892	application/octet-stream
eStab_0.9/branch/0.9.20_kto_usr_fkt/4fach/design/simple/A026.png	svn:mime-type	1e86d1bc52f24f75cdba3765b30e79519a49e5dc5c0d27605048b15591e07892	application/octet-stream
eStab_0.9/branch/0.9.20_kto_usr_fkt/4fach/design/simple/A027.png	svn:mime-type	1e86d1bc52f24f75cdba3765b30e79519a49e5dc5c0d27605048b15591e07892	application/octet-stream
eStab_0.9/branch/0.9.20_kto_usr_fkt/4fach/design/simple/A028.gif	svn:mime-type	1e86d1bc52f24f75cdba3765b30e79519a49e5dc5c0d27605048b15591e07892	application/octet-stream
eStab_0.9/branch/0.9.20_kto_usr_fkt/4fach/design/simple/bl.png	svn:mime-type	1e86d1bc52f24f75cdba3765b30e79519a49e5dc5c0d27605048b15591e07892	application/octet-stream
eStab_0.9/branch/0.9.20_kto_usr_fkt/4fach/design/simple/gn.png	svn:mime-type	1e86d1bc52f24f75cdba3765b30e79519a49e5dc5c0d27605048b15591e07892	application/octet-stream
eStab_0.9/branch/0.9.20_kto_usr_fkt/4fach/design/simple/info.gif	svn:mime-type	1e86d1bc52f24f75cdba3765b30e79519a49e5dc5c0d27605048b15591e07892	application/octet-stream
eStab_0.9/branch/0.9.20_kto_usr_fkt/4fach/design/simple/move.gif	svn:mime-type	1e86d1bc52f24f75cdba3765b30e79519a49e5dc5c0d27605048b15591e07892	application/octet-stream
eStab_0.9/branch/0.9.20_kto_usr_fkt/4fach/design/simple/notify.wav	svn:mime-type	1e86d1bc52f24f75cdba3765b30e79519a49e5dc5c0d27605048b15591e07892	application/octet-stream
eStab_0.9/branch/0.9.20_kto_usr_fkt/4fach/design/simple/null.gif	svn:mime-type	1e86d1bc52f24f75cdba3765b30e79519a49e5dc5c0d27605048b15591e07892	application/octet-stream
eStab_0.9/branch/0.9.20_kto_usr_fkt/4fach/design/simple/null.jpg	svn:mime-type	1e86d1bc52f24f75cdba3765b30e79519a49e5dc5c0d27605048b15591e07892	application/octet-stream
eStab_0.9/branch/0.9.20_kto_usr_fkt/4fach/design/simple/simple.bs	svn:mime-type	1e86d1bc52f24f75cdba3765b30e79519a49e5dc5c0d27605048b15591e07892	application/octet-stream
eStab_0.9/branch/0.9.20_kto_usr_fkt/4fach/design/simple/vor.gif	svn:mime-type	1e86d1bc52f24f75cdba3765b30e79519a49e5dc5c0d27605048b15591e07892	application/octet-stream
eStab_0.9/branch/0.9.20_kto_usr_fkt/4fach/null.gif	svn:mime-type	1e86d1bc52f24f75cdba3765b30e79519a49e5dc5c0d27605048b15591e07892	application/octet-stream
eStab_0.9/branch/0.9.20_kto_usr_fkt/4fach/null.jpg	svn:mime-type	1e86d1bc52f24f75cdba3765b30e79519a49e5dc5c0d27605048b15591e07892	application/octet-stream
eStab_0.9/branch/0.9.20_kto_usr_fkt/4fadm	svn:mergeinfo	6be2f9a27ba90bcfe1a17faaa35aaa48ffbf3257e69efadf120e4e05f981ba19	/eStab/branch/0.9.20_ticket20/4fadm:42
eStab_0.9/branch/0.9.20_kto_usr_fkt/4fbak/ELHS.png	svn:mime-type	1e86d1bc52f24f75cdba3765b30e79519a49e5dc5c0d27605048b15591e07892	application/octet-stream
eStab_0.9/branch/0.9.20_kto_usr_fkt/4fbak/fonts/Activa.ttf	svn:mime-type	1e86d1bc52f24f75cdba3765b30e79519a49e5dc5c0d27605048b15591e07892	application/octet-stream
eStab_0.9/branch/0.9.20_kto_usr_fkt/4fbak/fonts/Alpha Beta BRK.ttf	svn:mime-type	1e86d1bc52f24f75cdba3765b30e79519a49e5dc5c0d27605048b15591e07892	application/octet-stream
eStab_0.9/branch/0.9.20_kto_usr_fkt/4fbak/fonts/Alpha Romanie G98.ttf	svn:mime-type	1e86d1bc52f24f75cdba3765b30e79519a49e5dc5c0d27605048b15591e07892	application/octet-stream
eStab_0.9/branch/0.9.20_kto_usr_fkt/4fbak/fonts/Garrison Cond. Sans BOLD.ttf	svn:mime-type	1e86d1bc52f24f75cdba3765b30e79519a49e5dc5c0d27605048b15591e07892	application/octet-stream
eStab_0.9/branch/0.9.20_kto_usr_fkt/4fbak/fonts/Garrison Cond. Sans.ttf	svn:mime-type	1e86d1bc52f24f75cdba3765b30e79519a49e5dc5c0d27605048b15591e07892	application/octet-stream
eStab_0.9/branch/0.9.20_kto_usr_fkt/4fbak/fonts/Garrison ExtraBold Sans BOLD.ttf	svn:mime-type	1e86d1bc52f24f75cdba3765b30e79519a49e5dc5c0d27605048b15591e07892	application/octet-stream
eStab_0.9/branch/0.9.20_kto_usr_fkt/4fbak/fonts/Garrison ExtraCond. Sans.ttf	svn:mime-type	1e86d1bc52f24f75cdba3765b30e79519a49e5dc5c0d27605048b15591e07892	application/octet-stream
eStab_0.9/branch/0.9.20_kto_usr_fkt/4fbak/fonts/Garrison Light Sans BOLD.ttf	svn:mime-type	1e86d1bc52f24f75cdba3765b30e79519a49e5dc5c0d27605048b15591e07892	application/octet-stream
eStab_0.9/branch/0.9.20_kto_usr_fkt/4fbak/fonts/Garrison Light Sans BOLDITALIC.ttf	svn:mime-type	1e86d1bc52f24f75cdba3765b30e79519a49e5dc5c0d27605048b15591e07892	application/octet-stream
eStab_0.9/branch/0.9.20_kto_usr_fkt/4fbak/fonts/Garrison Light Sans ITALIC.ttf	svn:mime-type	1e86d1bc52f24f75cdba3765b30e79519a49e5dc5c0d27605048b15591e07892	application/octet-stream
eStab_0.9/branch/0.9.20_kto_usr_fkt/4fbak/fonts/Garrison Light Sans.ttf	svn:mime-type	1e86d1bc52f24f75cdba3765b30e79519a49e5dc5c0d27605048b15591e07892	application/octet-stream
eStab_0.9/branch/0.9.20_kto_usr_fkt/4fbak/fonts/Garrison Sans BOLD.ttf	svn:mime-type	1e86d1bc52f24f75cdba3765b30e79519a49e5dc5c0d27605048b15591e07892	application/octet-stream
eStab_0.9/branch/0.9.20_kto_usr_fkt/4fbak/fonts/Garrison Sans BOLDITALIC.ttf	svn:mime-type	1e86d1bc52f24f75cdba3765b30e79519a49e5dc5c0d27605048b15591e07892	application/octet-stream
eStab_0.9/branch/0.9.20_kto_usr_fkt/4fbak/fonts/Garrison Sans ITALIC.ttf	svn:mime-type	1e86d1bc52f24f75cdba3765b30e79519a49e5dc5c0d27605048b15591e07892	application/octet-stream
eStab_0.9/branch/0.9.20_kto_usr_fkt/4fbak/fonts/Garrison Sans.ttf	svn:mime-type	1e86d1bc52f24f75cdba3765b30e79519a49e5dc5c0d27605048b15591e07892	application/octet-stream
eStab_0.9/branch/0.9.20_kto_usr_fkt/4fbak/fonts/georgia.ttf	svn:mime-type	1e86d1bc52f24f75cdba3765b30e79519a49e5dc5c0d27605048b15591e07892	application/octet-stream
eStab_0.9/branch/0.9.20_kto_usr_fkt/4fbak/fonts/georgiab.ttf	svn:mime-type	1e86d1bc52f24f75cdba3765b30e79519a49e5dc5c0d27605048b15591e07892	application/octet-stream
eStab_0.9/branch/0.9.20_kto_usr_fkt/4fbak/fonts/georgiai.ttf	svn:mime-type	1e86d1bc52f24f75cdba3765b30e79519a49e5dc5c0d27605048b15591e07892	application/octet-stream
eStab_0.9/branch/0.9.20_kto_usr_fkt/4fbak/fonts/georgiaz.ttf	svn:mime-type	1e86d1bc52f24f75cdba3765b30e79519a49e5dc5c0d27605048b15591e07892	application/octet-stream
eStab_0.9/branch/0.9.20_kto_usr_fkt/4fbak/fpdf/ex.pdf	svn:mime-type	1e86d1bc52f24f75cdba3765b30e79519a49e5dc5c0d27605048b15591e07892	application/octet-stream
eStab_0.9/branch/0.9.20_kto_usr_fkt/4fbak/fpdf/tutorial/calligra.ttf	svn:mime-type	1e86d1bc52f24f75cdba3765b30e79519a49e5dc5c0d27605048b15591e07892	application/octet-stream
eStab_0.9/branch/0.9.20_kto_usr_fkt/4fbak/fpdf/tutorial/calligra.z	svn:mime-type	1e86d1bc52f24f75cdba3765b30e79519a49e5dc5c0d27605048b15591e07892	application/octet-stream
eStab_0.9/branch/0.9.20_kto_usr_fkt/4fbak/fpdf/tutorial/logo.png	svn:mime-type	1e86d1bc52f24f75cdba3765b30e79519a49e5dc5c0d27605048b15591e07892	application/octet-stream
eStab_0.9/branch/0.9.20_kto_usr_fkt/4fbak/fpdf/tutorial/logo_pb.png	svn:mime-type	1e86d1bc52f24f75cdba3765b30e79519a49e5dc5c0d27605048b15591e07892	application/octet-stream
eStab_0.9/branch/0.9.20_kto_usr_fkt/4fbak/logo.png	svn:mime-type	1e86d1bc52f24f75cdba3765b30e79519a49e5dc5c0d27605048b15591e07892	application/octet-stream
eStab_0.9/branch/0.9.20_kto_usr_fkt/4fbak/thw.png	svn:mime-type	1e86d1bc52f24f75cdba3765b30e79519a49e5dc5c0d27605048b15591e07892	application/octet-stream
eStab_0.9/branch/0.9.20_kto_usr_fkt/4fsym/4fach_aktiv.png	svn:mime-type	1e86d1bc52f24f75cdba3765b30e79519a49e5dc5c0d27605048b15591e07892	application/octet-stream
eStab_0.9/branch/0.9.20_kto_usr_fkt/4fsym/4fach_inaktiv.png	svn:mime-type	1e86d1bc52f24f75cdba3765b30e79519a49e5dc5c0d27605048b15591e07892	application/octet-stream
eStab_0.9/branch/0.9.20_kto_usr_fkt/4fsym/IuK.bmp	svn:mime-type	1e86d1bc52f24f75cdba3765b30e79519a49e5dc5c0d27605048b15591e07892	application/octet-stream
eStab_0.9/branch/0.9.20_kto_usr_fkt/4fsym/abc_aktiv.png	svn:mime-type	1e86d1bc52f24f75cdba3765b30e79519a49e5dc5c0d27605048b15591e07892	application/octet-stream
eStab_0.9/branch/0.9.20_kto_usr_fkt/4fsym/abc_inaktiv.png	svn:mime-type	1e86d1bc52f24f75cdba3765b30e79519a49e5dc5c0d27605048b15591e07892	application/octet-stream
eStab_0.9/branch/0.9.20_kto_usr_fkt/4fsym/achtung.gif	svn:mime-type	1e86d1bc52f24f75cdba3765b30e79519a49e5dc5c0d27605048b15591e07892	application/octet-stream
eStab_0.9/branch/0.9.20_kto_usr_fkt/4fsym/achtung01.gif	svn:mime-type	1e86d1bc52f24f75cdba3765b30e79519a49e5dc5c0d27605048b15591e07892	application/octet-stream
eStab_0.9/branch/0.9.20_kto_usr_fkt/4fsym/adm_aktiv.png	svn:mime-type	1e86d1bc52f24f75cdba3765b30e79519a49e5dc5c0d27605048b15591e07892	application/octet-stream
eStab_0.9/branch/0.9.20_kto_usr_fkt/4fsym/adm_inaktiv.png	svn:mime-type	1e86d1bc52f24f75cdba3765b30e79519a49e5dc5c0d27605048b15591e07892	application/octet-stream
eStab_0.9/branch/0.9.20_kto_usr_fkt/4fsym/all_msg.png	svn:mime-type	1e86d1bc52f24f75cdba3765b30e79519a49e5dc5c0d27605048b15591e07892	application/octet-stream
eStab_0.9/branch/0.9.20_kto_usr_fkt/4fsym/bhp_aktiv.png	svn:mime-type	1e86d1bc52f24f75cdba3765b30e79519a49e5dc5c0d27605048b15591e07892	application/octet-stream
eStab_0.9/branch/0.9.20_kto_usr_fkt/4fsym/bhp_inaktiv.png	svn:mime-type	1e86d1bc52f24f75cdba3765b30e79519a49e5dc5c0d27605048b15591e07892	application/octet-stream
eStab_0.9/branch/0.9.20_kto_usr_fkt/4fsym/br.jpg	svn:mime-type	1e86d1bc52f24f75cdba3765b30e79519a49e5dc5c0d27605048b15591e07892	application/octet-stream
eStab_0.9/branch/0.9.20_kto_usr_fkt/4fsym/db_aktiv.png	svn:mime-type	1e86d1bc52f24f75cdba3765b30e79519a49e5dc5c0d27605048b15591e07892	application/octet-stream
eStab_0.9/branch/0.9.20_kto_usr_fkt/4fsym/db_inaktiv.png	svn:mime-type	1e86d1bc52f24f75cdba3765b30e79519a49e5dc5c0d27605048b15591e07892	application/octet-stream
eStab_0.9/branch/0.9.20_kto_usr_fkt/4fsym/el80.gif	svn:mime-type	1e86d1bc52f24f75cdba3765b30e79519a49e5dc5c0d27605048b15591e07892	application/octet-stream
eStab_0.9/branch/0.9.20_kto_usr_fkt/4fsym/el80.jpg	svn:mime-type	1e86d1bc52f24f75cdba3765b30e79519a49e5dc5c0d27605048b15591e07892	application/octet-stream
eStab_0.9/branch/0.9.20_kto_usr_fkt/4fsym/el8001.jpg	svn:mime-type	1e86d1bc52f24f75cdba3765b30e79519a49e5dc5c0d27605048b15591e07892	application/octet-stream
eStab_0.9/branch/0.9.20_kto_usr_fkt/4fsym/etb_aktiv.png	svn:mime-type	1e86d1bc52f24f75cdba3765b30e79519a49e5dc5c0d27605048b15591e07892	application/octet-stream
eStab_0.9/branch/0.9.20_kto_usr_fkt/4fsym/etb_inaktiv.png	svn:mime-type	1e86d1bc52f24f75cdba3765b30e79519a49e5dc5c0d27605048b15591e07892	application/octet-stream
eStab_0.9/branch/0.9.20_kto_usr_fkt/4fsym/greenlight.gif	svn:mime-type	1e86d1bc52f24f75cdba3765b30e79519a49e5dc5c0d27605048b15591e07892	application/octet-stream
eStab_0.9/branch/0.9.20_kto_usr_fkt/4fsym/icon_handbuch.gif	svn:mime-type	1e86d1bc52f24f75cdba3765b30e79519a49e5dc5c0d27605048b15591e07892	application/octet-stream
eStab_0.9/branch/0.9.20_kto_usr_fkt/4fsym/iuk_80.jpg	svn:mime-type	1e86d1bc52f24f75cdba3765b30e79519a49e5dc5c0d27605048b15591e07892	application/octet-stream
eStab_0.9/branch/0.9.20_kto_usr_fkt/4fsym/iuk_hs80.jpg	svn:mime-type	1e86d1bc52f24f75cdba3765b30e79519a49e5dc5c0d27605048b15591e07892	application/octet-stream
eStab_0.9/branch/0.9.20_kto_usr_fkt/4fsym/kh_aktiv.jpg	svn:mime-type	1e86d1bc52f24f75cdba3765b30e79519a49e5dc5c0d27605048b15591e07892	application/octet-stream
eStab_0.9/branch/0.9.20_kto_usr_fkt/4fsym/kh_inaktiv.jpg	svn:mime-type	1e86d1bc52f24f75cdba3765b30e79519a49e5dc5c0d27605048b15591e07892	application/octet-stream
eStab_0.9/branch/0.9.20_kto_usr_fkt/4fsym/merke.gif	svn:mime-type	1e86d1bc52f24f75cdba3765b30e79519a49e5dc5c0d27605048b15591e07892	application/octet-stream
eStab_0.9/branch/0.9.20_kto_usr_fkt/4fsym/merke.jpg	svn:mime-type	1e86d1bc52f24f75cdba3765b30e79519a49e5dc5c0d27605048b15591e07892	application/octet-stream
eStab_0.9/branch/0.9.20_kto_usr_fkt/4fsym/merke32.gif	svn:mime-type	1e86d1bc52f24f75cdba3765b30e79519a49e5dc5c0d27605048b15591e07892	application/octet-stream
eStab_0.9/branch/0.9.20_kto_usr_fkt/4fsym/null.gif	svn:mime-type	1e86d1bc52f24f75cdba3765b30e79519a49e5dc5c0d27605048b15591e07892	application/octet-stream
eStab_0.9/branch/0.9.20_kto_usr_fkt/4fsym/null.jpg	svn:mime-type	1e86d1bc52f24f75cdba3765b30e79519a49e5dc5c0d27605048b15591e07892	application/octet-stream
eStab_0.9/branch/0.9.20_kto_usr_fkt/4fsym/nw.png	svn:mime-type	1e86d1bc52f24f75cdba3765b30e79519a49e5dc5c0d27605048b15591e07892	application/octet-stream
eStab_0.9/branch/0.9.20_kto_usr_fkt/4fsym/nwa_aktiv.png	svn:mime-type	1e86d1bc52f24f75cdba3765b30e79519a49e5dc5c0d27605048b15591e07892	application/octet-stream
eStab_0.9/branch/0.9.20_kto_usr_fkt/4fsym/nwe_aktiv.png	svn:mime-type	1e86d1bc52f24f75cdba3765b30e79519a49e5dc5c0d27605048b15591e07892	application/octet-stream
eStab_0.9/branch/0.9.20_kto_usr_fkt/4fsym/nwea_aktiv.png	svn:mime-type	1e86d1bc52f24f75cdba3765b30e79519a49e5dc5c0d27605048b15591e07892	application/octet-stream
eStab_0.9/branch/0.9.20_kto_usr_fkt/4fsym/nwea_inaktiv.png	svn:mime-type	1e86d1bc52f24f75cdba3765b30e79519a49e5dc5c0d27605048b15591e07892	application/octet-stream
eStab_0.9/branch/0.9.20_kto_usr_fkt/4fsym/redlight.gif	svn:mime-type	1e86d1bc52f24f75cdba3765b30e79519a49e5dc5c0d27605048b15591e07892	application/octet-stream
eStab_0.9/branch/0.9.20_kto_usr_fkt/4fsym/tbb_aktiv.png	svn:mime-type	1e86d1bc52f24f75cdba3765b30e79519a49e5dc5c0d27605048b15591e07892	application/octet-stream
eStab_0.9/branch/0.9.20_kto_usr_fkt/4fsym/tbb_inaktiv.png	svn:mime-type	1e86d1bc52f24f75cdba3765b30e79519a49e5dc5c0d27605048b15591e07892	application/octet-stream
eStab_0.9/branch/0.9.20_kto_usr_fkt/4fsym/vorsicht.gif	svn:mime-type	1e86d1bc52f24f75cdba3765b30e79519a49e5dc5c0d27605048b15591e07892	application/octet-stream
eStab_0.9/branch/0.9.20_kto_usr_fkt/4fsym/yellowlight.gif	svn:mime-type	1e86d1bc52f24f75cdba3765b30e79519a49e5dc5c0d27605048b15591e07892	application/octet-stream
eStab_0.9/branch/0.9.20_kto_usr_fkt/Handbuch_eStab.pdf	svn:mime-type	1e86d1bc52f24f75cdba3765b30e79519a49e5dc5c0d27605048b15591e07892	application/octet-stream
eStab_0.9/branch/0.9.20_kto_usr_fkt/stabetb/null.gif	svn:mime-type	1e86d1bc52f24f75cdba3765b30e79519a49e5dc5c0d27605048b15591e07892	application/octet-stream
eStab_0.9/branch/0.9.20_kto_usr_fkt/stabetb/null.jpg	svn:mime-type	1e86d1bc52f24f75cdba3765b30e79519a49e5dc5c0d27605048b15591e07892	application/octet-stream
eStab_0.9/branch/0.9.20_kto_usr_fkt/stabinfo/ELStab.jpg	svn:mime-type	1e86d1bc52f24f75cdba3765b30e79519a49e5dc5c0d27605048b15591e07892	application/octet-stream
eStab_0.9/branch/0.9.20_kto_usr_fkt/stabinfo/Warendorf L4112 Kartendatum ED50.png	svn:mime-type	1e86d1bc52f24f75cdba3765b30e79519a49e5dc5c0d27605048b15591e07892	application/octet-stream
eStab_0.9/branch/0.9.20_kto_usr_fkt/stabinfo/Warendorf L4112 Kartendatum WGS84.png	svn:mime-type	1e86d1bc52f24f75cdba3765b30e79519a49e5dc5c0d27605048b15591e07892	application/octet-stream
eStab_0.9/branch/0.9.20_ticket20/4fach/design/HL0001/001.jpg	svn:mime-type	1e86d1bc52f24f75cdba3765b30e79519a49e5dc5c0d27605048b15591e07892	application/octet-stream
eStab_0.9/branch/0.9.20_ticket20/4fach/design/HL0001/002.jpg	svn:mime-type	1e86d1bc52f24f75cdba3765b30e79519a49e5dc5c0d27605048b15591e07892	application/octet-stream
eStab_0.9/branch/0.9.20_ticket20/4fach/design/HL0001/003.jpg	svn:mime-type	1e86d1bc52f24f75cdba3765b30e79519a49e5dc5c0d27605048b15591e07892	application/octet-stream
eStab_0.9/branch/0.9.20_ticket20/4fach/design/HL0001/004.jpg	svn:mime-type	1e86d1bc52f24f75cdba3765b30e79519a49e5dc5c0d27605048b15591e07892	application/octet-stream
eStab_0.9/branch/0.9.20_ticket20/4fach/design/HL0001/005.jpg	svn:mime-type	1e86d1bc52f24f75cdba3765b30e79519a49e5dc5c0d27605048b15591e07892	application/octet-stream
eStab_0.9/branch/0.9.20_ticket20/4fach/design/HL0001/006.jpg	svn:mime-type	1e86d1bc52f24f75cdba3765b30e79519a49e5dc5c0d27605048b15591e07892	application/octet-stream
eStab_0.9/branch/0.9.20_ticket20/4fach/design/HL0001/007.jpg	svn:mime-type	1e86d1bc52f24f75cdba3765b30e79519a49e5dc5c0d27605048b15591e07892	application/octet-stream
eStab_0.9/branch/0.9.20_ticket20/4fach/design/HL0001/008.jpg	svn:mime-type	1e86d1bc52f24f75cdba3765b30e79519a49e5dc5c0d27605048b15591e07892	application/octet-stream
eStab_0.9/branch/0.9.20_ticket20/4fach/design/HL0001/009.jpg	svn:mime-type	1e86d1bc52f24f75cdba3765b30e79519a49e5dc5c0d27605048b15591e07892	application/octet-stream
eStab_0.9/branch/0.9.20_ticket20/4fach/design/HL0001/010.jpg	svn:mime-type	1e86d1bc52f24f75cdba3765b30e79519a49e5dc5c0d27605048b15591e07892	application/octet-stream
eStab_0.9/branch/0.9.20_ticket20/4fach/design/HL0001/011.jpg	svn:mime-type	1e86d1bc52f24f75cdba3765b30e79519a49e5dc5c0d27605048b15591e07892	application/octet-stream
eStab_0.9/branch/0.9.20_ticket20/4fach/design/HL0001/013.jpg	svn:mime-type	1e86d1bc52f24f75cdba3765b30e79519a49e5dc5c0d27605048b15591e07892	application/octet-stream
eStab_0.9/branch/0.9.20_ticket20/4fach/design/HL0001/014.jpg	svn:mime-type	1e86d1bc52f24f75cdba3765b30e79519a49e5dc5c0d27605048b15591e07892	application/octet-stream
eStab_0.9/branch/0.9.20_ticket20/4fach/design/HL0001/016.jpg	svn:mime-type	1e86d1bc52f24f75cdba3765b30e79519a49e5dc5c0d27605048b15591e07892	application/octet-stream
eStab_0.9/branch/0.9.20_ticket20/4fach/design/HL0001/017.jpg	svn:mime-type	1e86d1bc52f24f75cdba3765b30e79519a49e5dc5c0d27605048b15591e07892	application/octet-stream
eStab_0.9/branch/0.9.20_ticket20/4fach/design/HL0001/018.gif	svn:mime-type	1e86d1bc52f24f75cdba3765b30e79519a49e5dc5c0d27605048b15591e07892	application/octet-stream
eStab_0.9/branch/0.9.20_ticket20/4fach/design/HL0001/020.gif	svn:mime-type	1e86d1bc52f24f75cdba3765b30e79519a49e5dc5c0d27605048b15591e07892	application/octet-stream
eStab_0.9/branch/0.9.20_ticket20/4fach/design/HL0001/021.gif	svn:mime-type	1e86d1bc52f24f75cdba3765b30e79519a49e5dc5c0d27605048b15591e07892	application/octet-stream
eStab_0.9/branch/0.9.20_ticket20/4fach/design/HL0001/022.gif	svn:mime-type	1e86d1bc52f24f75cdba3765b30e79519a49e5dc5c0d27605048b15591e07892	application/octet-stream
eStab_0.9/branch/0.9.20_ticket20/4fach/design/HL0001/Buttonvorlage.bs	svn:mime-type	1e86d1bc52f24f75cdba3765b30e79519a49e5dc5c0d27605048b15591e07892	application/octet-stream
eStab_0.9/branch/0.9.20_ticket20/4fach/design/HL0001/Buttonvorlage_gruen.bs	svn:mime-type	1e86d1bc52f24f75cdba3765b30e79519a49e5dc5c0d27605048b15591e07892	application/octet-stream
eStab_0.9/branch/0.9.20_ticket20/4fach/design/HL0001/Buttonvorlage_hellblau.bs	svn:mime-type	1e86d1bc52f24f75cdba3765b30e79519a49e5dc5c0d27605048b15591e07892	application/octet-stream
eStab_0.9/branch/0.9.20_ticket20/4fach/design/HL0001/Buttonvorlage_rot.bs	svn:mime-type	1e86d1bc52f24f75cdba3765b30e79519a49e5dc5c0d27605048b15591e07892	application/octet-stream
eStab_0.9/branch/0.9.20_ticket20/4fach/design/HL0001/Kopie von abmelden.jpg	svn:mime-type	1e86d1bc52f24f75cdba3765b30e79519a49e5dc5c0d27605048b15591e07892	application/octet-stream
eStab_0.9/branch/0.9.20_ticket20/4fach/design/HL0001/d_hoch01.gif	svn:mime-type	1e86d1bc52f24f75cdba3765b30e79519a49e5dc5c0d27605048b15591e07892	application/octet-stream
eStab_0.9/branch/0.9.20_ticket20/4fach/design/HL0001/greenlight.gif	svn:mime-type	1e86d1bc52f24f75cdba3765b30e79519a49e5dc5c0d27605048b15591e07892	application/octet-stream
eStab_0.9/branch/0.9.20_ticket20/4fach/design/HL0001/hochladen.JPG	svn:mime-type	1e86d1bc52f24f75cdba3765b30e79519a49e5dc5c0d27605048b15591e07892	application/octet-stream
eStab_0.9/branch/0.9.20_ticket20/4fach/design/HL0001/n_sichten.jpg	svn:mime-type	1e86d1bc52f24f75cdba3765b30e79519a49e5dc5c0d27605048b15591e07892	application/octet-stream
eStab_0.9/branch/0.9.20_ticket20/4fach/design/HL0001/null.gif	svn:mime-type	1e86d1bc52f24f75cdba3765b30e79519a49e5dc5c0d27605048b15591e07892	application/octet-stream
eStab_0.9/branch/0.9.20_ticket20/4fach/design/HL0001/null.jpg	svn:mime-type	1e86d1bc52f24f75cdba3765b30e79519a49e5dc5c0d27605048b15591e07892	application/octet-stream
eStab_0.9/branch/0.9.20_ticket20/4fach/design/HL0001/redlight.gif	svn:mime-type	1e86d1bc52f24f75cdba3765b30e79519a49e5dc5c0d27605048b15591e07892	application/octet-stream
eStab_0.9/branch/0.9.20_ticket20/4fach/design/HL0001/yellowlight.gif	svn:mime-type	1e86d1bc52f24f75cdba3765b30e79519a49e5dc5c0d27605048b15591e07892	application/octet-stream
eStab_0.9/branch/0.9.20_ticket20/4fach/design/HS/000.gif	svn:mime-type	1e86d1bc52f24f75cdba3765b30e79519a49e5dc5c0d27605048b15591e07892	application/octet-stream
eStab_0.9/branch/0.9.20_ticket20/4fach/design/HS/2ndAssort.gif	svn:mime-type	1e86d1bc52f24f75cdba3765b30e79519a49e5dc5c0d27605048b15591e07892	application/octet-stream
eStab_0.9/branch/0.9.20_ticket20/4fach/design/HS/_go_back.gif	svn:mime-type	1e86d1bc52f24f75cdba3765b30e79519a49e5dc5c0d27605048b15591e07892	application/octet-stream
eStab_0.9/branch/0.9.20_ticket20/4fach/design/HS/_go_end.gif	svn:mime-type	1e86d1bc52f24f75cdba3765b30e79519a49e5dc5c0d27605048b15591e07892	application/octet-stream
eStab_0.9/branch/0.9.20_ticket20/4fach/design/HS/_go_forward.gif	svn:mime-type	1e86d1bc52f24f75cdba3765b30e79519a49e5dc5c0d27605048b15591e07892	application/octet-stream
eStab_0.9/branch/0.9.20_ticket20/4fach/design/HS/_go_start.gif	svn:mime-type	1e86d1bc52f24f75cdba3765b30e79519a49e5dc5c0d27605048b15591e07892	application/octet-stream
eStab_0.9/branch/0.9.20_ticket20/4fach/design/HS/_status_blue.gif	svn:mime-type	1e86d1bc52f24f75cdba3765b30e79519a49e5dc5c0d27605048b15591e07892	application/octet-stream
eStab_0.9/branch/0.9.20_ticket20/4fach/design/HS/_status_green.gif	svn:mime-type	1e86d1bc52f24f75cdba3765b30e79519a49e5dc5c0d27605048b15591e07892	application/octet-stream
eStab_0.9/branch/0.9.20_ticket20/4fach/design/HS/_status_yellow.gif	svn:mime-type	1e86d1bc52f24f75cdba3765b30e79519a49e5dc5c0d27605048b15591e07892	application/octet-stream
eStab_0.9/branch/0.9.20_ticket20/4fach/design/HS/all.gif	svn:mime-type	1e86d1bc52f24f75cdba3765b30e79519a49e5dc5c0d27605048b15591e07892	application/octet-stream
eStab_0.9/branch/0.9.20_ticket20/4fach/design/HS/assort.gif	svn:mime-type	1e86d1bc52f24f75cdba3765b30e79519a49e5dc5c0d27605048b15591e07892	application/octet-stream
eStab_0.9/branch/0.9.20_ticket20/4fach/design/HS/attachment.gif	svn:mime-type	1e86d1bc52f24f75cdba3765b30e79519a49e5dc5c0d27605048b15591e07892	application/octet-stream
eStab_0.9/branch/0.9.20_ticket20/4fach/design/HS/cancel.gif	svn:mime-type	1e86d1bc52f24f75cdba3765b30e79519a49e5dc5c0d27605048b15591e07892	application/octet-stream
eStab_0.9/branch/0.9.20_ticket20/4fach/design/HS/checked.gif	svn:mime-type	1e86d1bc52f24f75cdba3765b30e79519a49e5dc5c0d27605048b15591e07892	application/octet-stream
eStab_0.9/branch/0.9.20_ticket20/4fach/design/HS/delete.gif	svn:mime-type	1e86d1bc52f24f75cdba3765b30e79519a49e5dc5c0d27605048b15591e07892	application/octet-stream
eStab_0.9/branch/0.9.20_ticket20/4fach/design/HS/edit.gif	svn:mime-type	1e86d1bc52f24f75cdba3765b30e79519a49e5dc5c0d27605048b15591e07892	application/octet-stream
eStab_0.9/branch/0.9.20_ticket20/4fach/design/HS/file_global.gif	svn:mime-type	1e86d1bc52f24f75cdba3765b30e79519a49e5dc5c0d27605048b15591e07892	application/octet-stream
eStab_0.9/branch/0.9.20_ticket20/4fach/design/HS/file_local.gif	svn:mime-type	1e86d1bc52f24f75cdba3765b30e79519a49e5dc5c0d27605048b15591e07892	application/octet-stream
eStab_0.9/branch/0.9.20_ticket20/4fach/design/HS/filethis.gif	svn:mime-type	1e86d1bc52f24f75cdba3765b30e79519a49e5dc5c0d27605048b15591e07892	application/octet-stream
eStab_0.9/branch/0.9.20_ticket20/4fach/design/HS/folder_global.gif	svn:mime-type	1e86d1bc52f24f75cdba3765b30e79519a49e5dc5c0d27605048b15591e07892	application/octet-stream
eStab_0.9/branch/0.9.20_ticket20/4fach/design/HS/folder_local.gif	svn:mime-type	1e86d1bc52f24f75cdba3765b30e79519a49e5dc5c0d27605048b15591e07892	application/octet-stream
eStab_0.9/branch/0.9.20_ticket20/4fach/design/HS/forward.gif	svn:mime-type	1e86d1bc52f24f75cdba3765b30e79519a49e5dc5c0d27605048b15591e07892	application/octet-stream
eStab_0.9/branch/0.9.20_ticket20/4fach/design/HS/go_back.gif	svn:mime-type	1e86d1bc52f24f75cdba3765b30e79519a49e5dc5c0d27605048b15591e07892	application/octet-stream
eStab_0.9/branch/0.9.20_ticket20/4fach/design/HS/go_end.gif	svn:mime-type	1e86d1bc52f24f75cdba3765b30e79519a49e5dc5c0d27605048b15591e07892	application/octet-stream
eStab_0.9/branch/0.9.20_ticket20/4fach/design/HS/go_forward.gif	svn:mime-type	1e86d1bc52f24f75cdba3765b30e79519a49e5dc5c0d27605048b15591e07892	application/octet-stream
eStab_0.9/branch/0.9.20_ticket20/4fach/design/HS/go_start.gif	svn:mime-type	1e86d1bc52f24f75cdba3765b30e79519a49e5dc5c0d27605048b15591e07892	application/octet-stream
eStab_0.9/branch/0.9.20_ticket20/4fach/design/HS/in.gif	svn:mime-type	1e86d1bc52f24f75cdba3765b30e79519a49e5dc5c0d27605048b15591e07892	application/octet-stream
eStab_0.9/branch/0.9.20_ticket20/4fach/design/HS/info.gif	svn:mime-type	1e86d1bc52f24f75cdba3765b30e79519a49e5dc5c0d27605048b15591e07892	application/octet-stream
eStab_0.9/branch/0.9.20_ticket20/4fach/design/HS/isread.gif	svn:mime-type	1e86d1bc52f24f75cdba3765b30e79519a49e5dc5c0d27605048b15591e07892	application/octet-stream
eStab_0.9/branch/0.9.20_ticket20/4fach/design/HS/load.gif	svn:mime-type	1e86d1bc52f24f75cdba3765b30e79519a49e5dc5c0d27605048b15591e07892	application/octet-stream
eStab_0.9/branch/0.9.20_ticket20/4fach/design/HS/logbook_entry.gif	svn:mime-type	1e86d1bc52f24f75cdba3765b30e79519a49e5dc5c0d27605048b15591e07892	application/octet-stream
eStab_0.9/branch/0.9.20_ticket20/4fach/design/HS/logon.gif	svn:mime-type	1e86d1bc52f24f75cdba3765b30e79519a49e5dc5c0d27605048b15591e07892	application/octet-stream
eStab_0.9/branch/0.9.20_ticket20/4fach/design/HS/logout.gif	svn:mime-type	1e86d1bc52f24f75cdba3765b30e79519a49e5dc5c0d27605048b15591e07892	application/octet-stream
eStab_0.9/branch/0.9.20_ticket20/4fach/design/HS/mail_prio_unread.gif	svn:mime-type	1e86d1bc52f24f75cdba3765b30e79519a49e5dc5c0d27605048b15591e07892	application/octet-stream
eStab_0.9/branch/0.9.20_ticket20/4fach/design/HS/mail_unread.gif	svn:mime-type	1e86d1bc52f24f75cdba3765b30e79519a49e5dc5c0d27605048b15591e07892	application/octet-stream
eStab_0.9/branch/0.9.20_ticket20/4fach/design/HS/notify_aw.wav	svn:mime-type	1e86d1bc52f24f75cdba3765b30e79519a49e5dc5c0d27605048b15591e07892	application/octet-stream
eStab_0.9/branch/0.9.20_ticket20/4fach/design/HS/notify_si.wav	svn:mime-type	1e86d1bc52f24f75cdba3765b30e79519a49e5dc5c0d27605048b15591e07892	application/octet-stream
eStab_0.9/branch/0.9.20_ticket20/4fach/design/HS/notify_stab.wav	svn:mime-type	1e86d1bc52f24f75cdba3765b30e79519a49e5dc5c0d27605048b15591e07892	application/octet-stream
eStab_0.9/branch/0.9.20_ticket20/4fach/design/HS/null.gif	svn:mime-type	1e86d1bc52f24f75cdba3765b30e79519a49e5dc5c0d27605048b15591e07892	application/octet-stream
eStab_0.9/branch/0.9.20_ticket20/4fach/design/HS/null.jpg	svn:mime-type	1e86d1bc52f24f75cdba3765b30e79519a49e5dc5c0d27605048b15591e07892	application/octet-stream
eStab_0.9/branch/0.9.20_ticket20/4fach/design/HS/ok.gif	svn:mime-type	1e86d1bc52f24f75cdba3765b30e79519a49e5dc5c0d27605048b15591e07892	application/octet-stream
eStab_0.9/branch/0.9.20_ticket20/4fach/design/HS/out.gif	svn:mime-type	1e86d1bc52f24f75cdba3765b30e79519a49e5dc5c0d27605048b15591e07892	application/octet-stream
eStab_0.9/branch/0.9.20_ticket20/4fach/design/HS/print.gif	svn:mime-type	1e86d1bc52f24f75cdba3765b30e79519a49e5dc5c0d27605048b15591e07892	application/octet-stream
eStab_0.9/branch/0.9.20_ticket20/4fach/design/HS/read.gif	svn:mime-type	1e86d1bc52f24f75cdba3765b30e79519a49e5dc5c0d27605048b15591e07892	application/octet-stream
eStab_0.9/branch/0.9.20_ticket20/4fach/design/HS/reply.gif	svn:mime-type	1e86d1bc52f24f75cdba3765b30e79519a49e5dc5c0d27605048b15591e07892	application/octet-stream
eStab_0.9/branch/0.9.20_ticket20/4fach/design/HS/save.gif	svn:mime-type	1e86d1bc52f24f75cdba3765b30e79519a49e5dc5c0d27605048b15591e07892	application/octet-stream
eStab_0.9/branch/0.9.20_ticket20/4fach/design/HS/second.bs	svn:mime-type	1e86d1bc52f24f75cdba3765b30e79519a49e5dc5c0d27605048b15591e07892	application/octet-stream
eStab_0.9/branch/0.9.20_ticket20/4fach/design/HS/send.gif	svn:mime-type	1e86d1bc52f24f75cdba3765b30e79519a49e5dc5c0d27605048b15591e07892	application/octet-stream
eStab_0.9/branch/0.9.20_ticket20/4fach/design/HS/status_green.gif	svn:mime-type	1e86d1bc52f24f75cdba3765b30e79519a49e5dc5c0d27605048b15591e07892	application/octet-stream
eStab_0.9/branch/0.9.20_ticket20/4fach/design/HS/status_red.gif	svn:mime-type	1e86d1bc52f24f75cdba3765b30e79519a49e5dc5c0d27605048b15591e07892	application/octet-stream
eStab_0.9/branch/0.9.20_ticket20/4fach/design/HS/status_yellow.gif	svn:mime-type	1e86d1bc52f24f75cdba3765b30e79519a49e5dc5c0d27605048b15591e07892	application/octet-stream
eStab_0.9/branch/0.9.20_ticket20/4fach/design/HS/task_done.gif	svn:mime-type	1e86d1bc52f24f75cdba3765b30e79519a49e5dc5c0d27605048b15591e07892	application/octet-stream
eStab_0.9/branch/0.9.20_ticket20/4fach/design/HS/task_due.gif	svn:mime-type	1e86d1bc52f24f75cdba3765b30e79519a49e5dc5c0d27605048b15591e07892	application/octet-stream
eStab_0.9/branch/0.9.20_ticket20/4fach/design/HS/timer.gif	svn:mime-type	1e86d1bc52f24f75cdba3765b30e79519a49e5dc5c0d27605048b15591e07892	application/octet-stream
eStab_0.9/branch/0.9.20_ticket20/4fach/design/HS/transport.gif	svn:mime-type	1e86d1bc52f24f75cdba3765b30e79519a49e5dc5c0d27605048b15591e07892	application/octet-stream
eStab_0.9/branch/0.9.20_ticket20/4fach/design/HS/upload.gif	svn:mime-type	1e86d1bc52f24f75cdba3765b30e79519a49e5dc5c0d27605048b15591e07892	application/octet-stream
eStab_0.9/branch/0.9.20_ticket20/4fach/design/HS/users.gif	svn:mime-type	1e86d1bc52f24f75cdba3765b30e79519a49e5dc5c0d27605048b15591e07892	application/octet-stream
eStab_0.9/branch/0.9.20_ticket20/4fach/design/HS/warning.gif	svn:mime-type	1e86d1bc52f24f75cdba3765b30e79519a49e5dc5c0d27605048b15591e07892	application/octet-stream
eStab_0.9/branch/0.9.20_ticket20/4fach/design/HS/write.gif	svn:mime-type	1e86d1bc52f24f75cdba3765b30e79519a49e5dc5c0d27605048b15591e07892	application/octet-stream
eStab_0.9/branch/0.9.20_ticket20/4fach/design/Symboldesign.odt	svn:mime-type	1e86d1bc52f24f75cdba3765b30e79519a49e5dc5c0d27605048b15591e07892	application/octet-stream
eStab_0.9/branch/0.9.20_ticket20/4fach/design/mr/000.gif	svn:mime-type	1e86d1bc52f24f75cdba3765b30e79519a49e5dc5c0d27605048b15591e07892	application/octet-stream
eStab_0.9/branch/0.9.20_ticket20/4fach/design/mr/2ndAssort.gif	svn:mime-type	1e86d1bc52f24f75cdba3765b30e79519a49e5dc5c0d27605048b15591e07892	application/octet-stream
eStab_0.9/branch/0.9.20_ticket20/4fach/design/mr/_go_back.gif	svn:mime-type	1e86d1bc52f24f75cdba3765b30e79519a49e5dc5c0d27605048b15591e07892	application/octet-stream
eStab_0.9/branch/0.9.20_ticket20/4fach/design/mr/_go_end.gif	svn:mime-type	1e86d1bc52f24f75cdba3765b30e79519a49e5dc5c0d27605048b15591e07892	application/octet-stream
eStab_0.9/branch/0.9.20_ticket20/4fach/design/mr/_go_forward.gif	svn:mime-type	1e86d1bc52f24f75cdba3765b30e79519a49e5dc5c0d27605048b15591e07892	application/octet-stream
eStab_0.9/branch/0.9.20_ticket20/4fach/design/mr/_go_start.gif	svn:mime-type	1e86d1bc52f24f75cdba3765b30e79519a49e5dc5c0d27605048b15591e07892	application/octet-stream
eStab_0.9/branch/0.9.20_ticket20/4fach/design/mr/_status_blue.gif	svn:mime-type	1e86d1bc52f24f75cdba3765b30e79519a49e5dc5c0d27605048b15591e07892	application/octet-stream
eStab_0.9/branch/0.9.20_ticket20/4fach/design/mr/_status_green.gif	svn:mime-type	1e86d1bc52f24f75cdba3765b30e79519a49e5dc5c0d27605048b15591e07892	application/octet-stream
eStab_0.9/branch/0.9.20_ticket20/4fach/design/mr/_status_yellow.gif	svn:mime-type	1e86d1bc52f24f75cdba3765b30e79519a49e5dc5c0d27605048b15591e07892	application/octet-stream
eStab_0.9/branch/0.9.20_ticket20/4fach/design/mr/all.gif	svn:mime-type	1e86d1bc52f24f75cdba3765b30e79519a49e5dc5c0d27605048b15591e07892	application/octet-stream
eStab_0.9/branch/0.9.20_ticket20/4fach/design/mr/assort.gif	svn:mime-type	1e86d1bc52f24f75cdba3765b30e79519a49e5dc5c0d27605048b15591e07892	application/octet-stream
eStab_0.9/branch/0.9.20_ticket20/4fach/design/mr/attachment.gif	svn:mime-type	1e86d1bc52f24f75cdba3765b30e79519a49e5dc5c0d27605048b15591e07892	application/octet-stream
eStab_0.9/branch/0.9.20_ticket20/4fach/design/mr/cancel.gif	svn:mime-type	1e86d1bc52f24f75cdba3765b30e79519a49e5dc5c0d27605048b15591e07892	application/octet-stream
eStab_0.9/branch/0.9.20_ticket20/4fach/design/mr/checked.gif	svn:mime-type	1e86d1bc52f24f75cdba3765b30e79519a49e5dc5c0d27605048b15591e07892	application/octet-stream
eStab_0.9/branch/0.9.20_ticket20/4fach/design/mr/delete.gif	svn:mime-type	1e86d1bc52f24f75cdba3765b30e79519a49e5dc5c0d27605048b15591e07892	application/octet-stream
eStab_0.9/branch/0.9.20_ticket20/4fach/design/mr/edit.gif	svn:mime-type	1e86d1bc52f24f75cdba3765b30e79519a49e5dc5c0d27605048b15591e07892	application/octet-stream
eStab_0.9/branch/0.9.20_ticket20/4fach/design/mr/file_global.gif	svn:mime-type	1e86d1bc52f24f75cdba3765b30e79519a49e5dc5c0d27605048b15591e07892	application/octet-stream
eStab_0.9/branch/0.9.20_ticket20/4fach/design/mr/file_local.gif	svn:mime-type	1e86d1bc52f24f75cdba3765b30e79519a49e5dc5c0d27605048b15591e07892	application/octet-stream
eStab_0.9/branch/0.9.20_ticket20/4fach/design/mr/filethis.gif	svn:mime-type	1e86d1bc52f24f75cdba3765b30e79519a49e5dc5c0d27605048b15591e07892	application/octet-stream
eStab_0.9/branch/0.9.20_ticket20/4fach/design/mr/folder_global.gif	svn:mime-type	1e86d1bc52f24f75cdba3765b30e79519a49e5dc5c0d27605048b15591e07892	application/octet-stream
eStab_0.9/branch/0.9.20_ticket20/4fach/design/mr/folder_local.gif	svn:mime-type	1e86d1bc52f24f75cdba3765b30e79519a49e5dc5c0d27605048b15591e07892	application/octet-stream
eStab_0.9/branch/0.9.20_ticket20/4fach/design/mr/forward.gif	svn:mime-type	1e86d1bc52f24f75cdba3765b30e79519a49e5dc5c0d27605048b15591e07892	application/octet-stream
eStab_0.9/branch/0.9.20_ticket20/4fach/design/mr/go_back.gif	svn:mime-type	1e86d1bc52f24f75cdba3765b30e79519a49e5dc5c0d27605048b15591e07892	application/octet-stream
eStab_0.9/branch/0.9.20_ticket20/4fach/design/mr/go_end.gif	svn:mime-type	1e86d1bc52f24f75cdba3765b30e79519a49e5dc5c0d27605048b15591e07892	application/octet-stream
eStab_0.9/branch/0.9.20_ticket20/4fach/design/mr/go_forward.gif	svn:mime-type	1e86d1bc52f24f75cdba3765b30e79519a49e5dc5c0d27605048b15591e07892	application/octet-stream
eStab_0.9/branch/0.9.20_ticket20/4fach/design/mr/go_start.gif	svn:mime-type	1e86d1bc52f24f75cdba3765b30e79519a49e5dc5c0d27605048b15591e07892	application/octet-stream
eStab_0.9/branch/0.9.20_ticket20/4fach/design/mr/in.gif	svn:mime-type	1e86d1bc52f24f75cdba3765b30e79519a49e5dc5c0d27605048b15591e07892	application/octet-stream
eStab_0.9/branch/0.9.20_ticket20/4fach/design/mr/info.gif	svn:mime-type	1e86d1bc52f24f75cdba3765b30e79519a49e5dc5c0d27605048b15591e07892	application/octet-stream
eStab_0.9/branch/0.9.20_ticket20/4fach/design/mr/isread.gif	svn:mime-type	1e86d1bc52f24f75cdba3765b30e79519a49e5dc5c0d27605048b15591e07892	application/octet-stream
eStab_0.9/branch/0.9.20_ticket20/4fach/design/mr/logbook_entry.gif	svn:mime-type	1e86d1bc52f24f75cdba3765b30e79519a49e5dc5c0d27605048b15591e07892	application/octet-stream
eStab_0.9/branch/0.9.20_ticket20/4fach/design/mr/logon.gif	svn:mime-type	1e86d1bc52f24f75cdba3765b30e79519a49e5dc5c0d27605048b15591e07892	application/octet-stream
eStab_0.9/branch/0.9.20_ticket20/4fach/design/mr/logout.gif	svn:mime-type	1e86d1bc52f24f75cdba3765b30e79519a49e5dc5c0d27605048b15591e07892	application/octet-stream
eStab_0.9/branch/0.9.20_ticket20/4fach/design/mr/mail_prio_unread.gif	svn:mime-type	1e86d1bc52f24f75cdba3765b30e79519a49e5dc5c0d27605048b15591e07892	application/octet-stream
eStab_0.9/branch/0.9.20_ticket20/4fach/design/mr/mail_unread.gif	svn:mime-type	1e86d1bc52f24f75cdba3765b30e79519a49e5dc5c0d27605048b15591e07892	application/octet-stream
eStab_0.9/branch/0.9.20_ticket20/4fach/design/mr/notify_aw.wav	svn:mime-type	1e86d1bc52f24f75cdba3765b30e79519a49e5dc5c0d27605048b15591e07892	application/octet-stream
eStab_0.9/branch/0.9.20_ticket20/4fach/design/mr/notify_si.wav	svn:mime-type	1e86d1bc52f24f75cdba3765b30e79519a49e5dc5c0d27605048b15591e07892	application/octet-stream
eStab_0.9/branch/0.9.20_ticket20/4fach/design/mr/notify_stab.wav	svn:mime-type	1e86d1bc52f24f75cdba3765b30e79519a49e5dc5c0d27605048b15591e07892	application/octet-stream
eStab_0.9/branch/0.9.20_ticket20/4fach/design/mr/null.gif	svn:mime-type	1e86d1bc52f24f75cdba3765b30e79519a49e5dc5c0d27605048b15591e07892	application/octet-stream
eStab_0.9/branch/0.9.20_ticket20/4fach/design/mr/null.jpg	svn:mime-type	1e86d1bc52f24f75cdba3765b30e79519a49e5dc5c0d27605048b15591e07892	application/octet-stream
eStab_0.9/branch/0.9.20_ticket20/4fach/design/mr/ok.gif	svn:mime-type	1e86d1bc52f24f75cdba3765b30e79519a49e5dc5c0d27605048b15591e07892	application/octet-stream
eStab_0.9/branch/0.9.20_ticket20/4fach/design/mr/out.gif	svn:mime-type	1e86d1bc52f24f75cdba3765b30e79519a49e5dc5c0d27605048b15591e07892	application/octet-stream
eStab_0.9/branch/0.9.20_ticket20/4fach/design/mr/print.gif	svn:mime-type	1e86d1bc52f24f75cdba3765b30e79519a49e5dc5c0d27605048b15591e07892	application/octet-stream
eStab_0.9/branch/0.9.20_ticket20/4fach/design/mr/read.gif	svn:mime-type	1e86d1bc52f24f75cdba3765b30e79519a49e5dc5c0d27605048b15591e07892	application/octet-stream
eStab_0.9/branch/0.9.20_ticket20/4fach/design/mr/reply.gif	svn:mime-type	1e86d1bc52f24f75cdba3765b30e79519a49e5dc5c0d27605048b15591e07892	application/octet-stream
eStab_0.9/branch/0.9.20_ticket20/4fach/design/mr/second.bs	svn:mime-type	1e86d1bc52f24f75cdba3765b30e79519a49e5dc5c0d27605048b15591e07892	application/octet-stream
eStab_0.9/branch/0.9.20_ticket20/4fach/design/mr/send.gif	svn:mime-type	1e86d1bc52f24f75cdba3765b30e79519a49e5dc5c0d27605048b15591e07892	application/octet-stream
eStab_0.9/branch/0.9.20_ticket20/4fach/design/mr/status_green.gif	svn:mime-type	1e86d1bc52f24f75cdba3765b30e79519a49e5dc5c0d27605048b15591e07892	application/octet-stream
eStab_0.9/branch/0.9.20_ticket20/4fach/design/mr/status_red.gif	svn:mime-type	1e86d1bc52f24f75cdba3765b30e79519a49e5dc5c0d27605048b15591e07892	application/octet-stream
eStab_0.9/branch/0.9.20_ticket20/4fach/design/mr/status_yellow.gif	svn:mime-type	1e86d1bc52f24f75cdba3765b30e79519a49e5dc5c0d27605048b15591e07892	application/octet-stream
eStab_0.9/branch/0.9.20_ticket20/4fach/design/mr/task_done.gif	svn:mime-type	1e86d1bc52f24f75cdba3765b30e79519a49e5dc5c0d27605048b15591e07892	application/octet-stream
eStab_0.9/branch/0.9.20_ticket20/4fach/design/mr/task_due.gif	svn:mime-type	1e86d1bc52f24f75cdba3765b30e79519a49e5dc5c0d27605048b15591e07892	application/octet-stream
eStab_0.9/branch/0.9.20_ticket20/4fach/design/mr/timer.gif	svn:mime-type	1e86d1bc52f24f75cdba3765b30e79519a49e5dc5c0d27605048b15591e07892	application/octet-stream
eStab_0.9/branch/0.9.20_ticket20/4fach/design/mr/transport.gif	svn:mime-type	1e86d1bc52f24f75cdba3765b30e79519a49e5dc5c0d27605048b15591e07892	application/octet-stream
eStab_0.9/branch/0.9.20_ticket20/4fach/design/mr/upload.gif	svn:mime-type	1e86d1bc52f24f75cdba3765b30e79519a49e5dc5c0d27605048b15591e07892	application/octet-stream
eStab_0.9/branch/0.9.20_ticket20/4fach/design/mr/users.gif	svn:mime-type	1e86d1bc52f24f75cdba3765b30e79519a49e5dc5c0d27605048b15591e07892	application/octet-stream
eStab_0.9/branch/0.9.20_ticket20/4fach/design/mr/warning.gif	svn:mime-type	1e86d1bc52f24f75cdba3765b30e79519a49e5dc5c0d27605048b15591e07892	application/octet-stream
eStab_0.9/branch/0.9.20_ticket20/4fach/design/mr/write.gif	svn:mime-type	1e86d1bc52f24f75cdba3765b30e79519a49e5dc5c0d27605048b15591e07892	application/octet-stream
eStab_0.9/branch/0.9.20_ticket20/4fach/design/second/000.gif	svn:mime-type	1e86d1bc52f24f75cdba3765b30e79519a49e5dc5c0d27605048b15591e07892	application/octet-stream
eStab_0.9/branch/0.9.20_ticket20/4fach/design/second/001.jpg	svn:mime-type	1e86d1bc52f24f75cdba3765b30e79519a49e5dc5c0d27605048b15591e07892	application/octet-stream
eStab_0.9/branch/0.9.20_ticket20/4fach/design/second/002.jpg	svn:mime-type	1e86d1bc52f24f75cdba3765b30e79519a49e5dc5c0d27605048b15591e07892	application/octet-stream
eStab_0.9/branch/0.9.20_ticket20/4fach/design/second/003.jpg	svn:mime-type	1e86d1bc52f24f75cdba3765b30e79519a49e5dc5c0d27605048b15591e07892	application/octet-stream
eStab_0.9/branch/0.9.20_ticket20/4fach/design/second/004.jpg	svn:mime-type	1e86d1bc52f24f75cdba3765b30e79519a49e5dc5c0d27605048b15591e07892	application/octet-stream
eStab_0.9/branch/0.9.20_ticket20/4fach/design/second/004a.jpg	svn:mime-type	1e86d1bc52f24f75cdba3765b30e79519a49e5dc5c0d27605048b15591e07892	application/octet-stream
eStab_0.9/branch/0.9.20_ticket20/4fach/design/second/005.jpg	svn:mime-type	1e86d1bc52f24f75cdba3765b30e79519a49e5dc5c0d27605048b15591e07892	application/octet-stream
eStab_0.9/branch/0.9.20_ticket20/4fach/design/second/006.jpg	svn:mime-type	1e86d1bc52f24f75cdba3765b30e79519a49e5dc5c0d27605048b15591e07892	application/octet-stream
eStab_0.9/branch/0.9.20_ticket20/4fach/design/second/007.jpg	svn:mime-type	1e86d1bc52f24f75cdba3765b30e79519a49e5dc5c0d27605048b15591e07892	application/octet-stream
eStab_0.9/branch/0.9.20_ticket20/4fach/design/second/008.jpg	svn:mime-type	1e86d1bc52f24f75cdba3765b30e79519a49e5dc5c0d27605048b15591e07892	application/octet-stream
eStab_0.9/branch/0.9.20_ticket20/4fach/design/second/009.jpg	svn:mime-type	1e86d1bc52f24f75cdba3765b30e79519a49e5dc5c0d27605048b15591e07892	application/octet-stream
eStab_0.9/branch/0.9.20_ticket20/4fach/design/second/010.jpg	svn:mime-type	1e86d1bc52f24f75cdba3765b30e79519a49e5dc5c0d27605048b15591e07892	application/octet-stream
eStab_0.9/branch/0.9.20_ticket20/4fach/design/second/011.jpg	svn:mime-type	1e86d1bc52f24f75cdba3765b30e79519a49e5dc5c0d27605048b15591e07892	application/octet-stream
eStab_0.9/branch/0.9.20_ticket20/4fach/design/second/012.jpg	svn:mime-type	1e86d1bc52f24f75cdba3765b30e79519a49e5dc5c0d27605048b15591e07892	application/octet-stream
eStab_0.9/branch/0.9.20_ticket20/4fach/design/second/012a.jpg	svn:mime-type	1e86d1bc52f24f75cdba3765b30e79519a49e5dc5c0d27605048b15591e07892	application/octet-stream
eStab_0.9/branch/0.9.20_ticket20/4fach/design/second/012b.jpg	svn:mime-type	1e86d1bc52f24f75cdba3765b30e79519a49e5dc5c0d27605048b15591e07892	application/octet-stream
eStab_0.9/branch/0.9.20_ticket20/4fach/design/second/013.jpg	svn:mime-type	1e86d1bc52f24f75cdba3765b30e79519a49e5dc5c0d27605048b15591e07892	application/octet-stream
eStab_0.9/branch/0.9.20_ticket20/4fach/design/second/014.jpg	svn:mime-type	1e86d1bc52f24f75cdba3765b30e79519a49e5dc5c0d27605048b15591e07892	application/octet-stream
eStab_0.9/branch/0.9.20_ticket20/4fach/design/second/015.jpg	svn:mime-type	1e86d1bc52f24f75cdba3765b30e79519a49e5dc5c0d27605048b15591e07892	application/octet-stream
eStab_0.9/branch/0.9.20_ticket20/4fach/design/second/016.jpg	svn:mime-type	1e86d1bc52f24f75cdba3765b30e79519a49e5dc5c0d27605048b15591e07892	application/octet-stream
eStab_0.9/branch/0.9.20_ticket20/4fach/design/second/017.jpg	svn:mime-type	1e86d1bc52f24f75cdba3765b30e79519a49e5dc5c0d27605048b15591e07892	application/octet-stream
eStab_0.9/branch/0.9.20_ticket20/4fach/design/second/018.gif	svn:mime-type	1e86d1bc52f24f75cdba3765b30e79519a49e5dc5c0d27605048b15591e07892	application/octet-stream
eStab_0.9/branch/0.9.20_ticket20/4fach/design/second/019.gif	svn:mime-type	1e86d1bc52f24f75cdba3765b30e79519a49e5dc5c0d27605048b15591e07892	application/octet-stream
eStab_0.9/branch/0.9.20_ticket20/4fach/design/second/020.png	svn:mime-type	1e86d1bc52f24f75cdba3765b30e79519a49e5dc5c0d27605048b15591e07892	application/octet-stream
eStab_0.9/branch/0.9.20_ticket20/4fach/design/second/021.png	svn:mime-type	1e86d1bc52f24f75cdba3765b30e79519a49e5dc5c0d27605048b15591e07892	application/octet-stream
eStab_0.9/branch/0.9.20_ticket20/4fach/design/second/022.png	svn:mime-type	1e86d1bc52f24f75cdba3765b30e79519a49e5dc5c0d27605048b15591e07892	application/octet-stream
eStab_0.9/branch/0.9.20_ticket20/4fach/design/second/023.png	svn:mime-type	1e86d1bc52f24f75cdba3765b30e79519a49e5dc5c0d27605048b15591e07892	application/octet-stream
eStab_0.9/branch/0.9.20_ticket20/4fach/design/second/024.jpg	svn:mime-type	1e86d1bc52f24f75cdba3765b30e79519a49e5dc5c0d27605048b15591e07892	application/octet-stream
eStab_0.9/branch/0.9.20_ticket20/4fach/design/second/025.gif	svn:mime-type	1e86d1bc52f24f75cdba3765b30e79519a49e5dc5c0d27605048b15591e07892	application/octet-stream
eStab_0.9/branch/0.9.20_ticket20/4fach/design/second/026.gif	svn:mime-type	1e86d1bc52f24f75cdba3765b30e79519a49e5dc5c0d27605048b15591e07892	application/octet-stream
eStab_0.9/branch/0.9.20_ticket20/4fach/design/second/027.gif	svn:mime-type	1e86d1bc52f24f75cdba3765b30e79519a49e5dc5c0d27605048b15591e07892	application/octet-stream
eStab_0.9/branch/0.9.20_ticket20/4fach/design/second/028.gif	svn:mime-type	1e86d1bc52f24f75cdba3765b30e79519a49e5dc5c0d27605048b15591e07892	application/octet-stream
eStab_0.9/branch/0.9.20_ticket20/4fach/design/second/028.jpg	svn:mime-type	1e86d1bc52f24f75cdba3765b30e79519a49e5dc5c0d27605048b15591e07892	application/octet-stream
eStab_0.9/branch/0.9.20_ticket20/4fach/design/second/029.gif	svn:mime-type	1e86d1bc52f24f75cdba3765b30e79519a49e5dc5c0d27605048b15591e07892	application/octet-stream
eStab_0.9/branch/0.9.20_ticket20/4fach/design/second/029.jpg	svn:mime-type	1e86d1bc52f24f75cdba3765b30e79519a49e5dc5c0d27605048b15591e07892	application/octet-stream
eStab_0.9/branch/0.9.20_ticket20/4fach/design/second/030.jpg	svn:mime-type	1e86d1bc52f24f75cdba3765b30e79519a49e5dc5c0d27605048b15591e07892	application/octet-stream
eStab_0.9/branch/0.9.20_ticket20/4fach/design/second/031.jpg	svn:mime-type	1e86d1bc52f24f75cdba3765b30e79519a49e5dc5c0d27605048b15591e07892	application/octet-stream
eStab_0.9/branch/0.9.20_ticket20/4fach/design/second/032.jpg	svn:mime-type	1e86d1bc52f24f75cdba3765b30e79519a49e5dc5c0d27605048b15591e07892	application/octet-stream
eStab_0.9/branch/0.9.20_ticket20/4fach/design/second/033.gif	svn:mime-type	1e86d1bc52f24f75cdba3765b30e79519a49e5dc5c0d27605048b15591e07892	application/octet-stream
eStab_0.9/branch/0.9.20_ticket20/4fach/design/second/033.png	svn:mime-type	1e86d1bc52f24f75cdba3765b30e79519a49e5dc5c0d27605048b15591e07892	application/octet-stream
eStab_0.9/branch/0.9.20_ticket20/4fach/design/second/034.gif	svn:mime-type	1e86d1bc52f24f75cdba3765b30e79519a49e5dc5c0d27605048b15591e07892	application/octet-stream
eStab_0.9/branch/0.9.20_ticket20/4fach/design/second/035.png	svn:mime-type	1e86d1bc52f24f75cdba3765b30e79519a49e5dc5c0d27605048b15591e07892	application/octet-stream
eStab_0.9/branch/0.9.20_ticket20/4fach/design/second/035a.png	svn:mime-type	1e86d1bc52f24f75cdba3765b30e79519a49e5dc5c0d27605048b15591e07892	application/octet-stream
eStab_0.9/branch/0.9.20_ticket20/4fach/design/second/038.jpg	svn:mime-type	1e86d1bc52f24f75cdba3765b30e79519a49e5dc5c0d27605048b15591e07892	application/octet-stream
eStab_0.9/branch/0.9.20_ticket20/4fach/design/second/040.jpg	svn:mime-type	1e86d1bc52f24f75cdba3765b30e79519a49e5dc5c0d27605048b15591e07892	application/octet-stream
eStab_0.9/branch/0.9.20_ticket20/4fach/design/second/050.gif	svn:mime-type	1e86d1bc52f24f75cdba3765b30e79519a49e5dc5c0d27605048b15591e07892	application/octet-stream
eStab_0.9/branch/0.9.20_ticket20/4fach/design/second/051.gif	svn:mime-type	1e86d1bc52f24f75cdba3765b30e79519a49e5dc5c0d27605048b15591e07892	application/octet-stream
eStab_0.9/branch/0.9.20_ticket20/4fach/design/second/060.jpg	svn:mime-type	1e86d1bc52f24f75cdba3765b30e79519a49e5dc5c0d27605048b15591e07892	application/octet-stream
eStab_0.9/branch/0.9.20_ticket20/4fach/design/second/060.png	svn:mime-type	1e86d1bc52f24f75cdba3765b30e79519a49e5dc5c0d27605048b15591e07892	application/octet-stream
eStab_0.9/branch/0.9.20_ticket20/4fach/design/second/061.png	svn:mime-type	1e86d1bc52f24f75cdba3765b30e79519a49e5dc5c0d27605048b15591e07892	application/octet-stream
eStab_0.9/branch/0.9.20_ticket20/4fach/design/second/101.gif	svn:mime-type	1e86d1bc52f24f75cdba3765b30e79519a49e5dc5c0d27605048b15591e07892	application/octet-stream
eStab_0.9/branch/0.9.20_ticket20/4fach/design/second/102.gif	svn:mime-type	1e86d1bc52f24f75cdba3765b30e79519a49e5dc5c0d27605048b15591e07892	application/octet-stream
eStab_0.9/branch/0.9.20_ticket20/4fach/design/second/103.gif	svn:mime-type	1e86d1bc52f24f75cdba3765b30e79519a49e5dc5c0d27605048b15591e07892	application/octet-stream
eStab_0.9/branch/0.9.20_ticket20/4fach/design/second/104.gif	svn:mime-type	1e86d1bc52f24f75cdba3765b30e79519a49e5dc5c0d27605048b15591e07892	application/octet-stream
eStab_0.9/branch/0.9.20_ticket20/4fach/design/second/110.gif	svn:mime-type	1e86d1bc52f24f75cdba3765b30e79519a49e5dc5c0d27605048b15591e07892	application/octet-stream
eStab_0.9/branch/0.9.20_ticket20/4fach/design/second/111.gif	svn:mime-type	1e86d1bc52f24f75cdba3765b30e79519a49e5dc5c0d27605048b15591e07892	application/octet-stream
eStab_0.9/branch/0.9.20_ticket20/4fach/design/second/112.png	svn:mime-type	1e86d1bc52f24f75cdba3765b30e79519a49e5dc5c0d27605048b15591e07892	application/octet-stream
eStab_0.9/branch/0.9.20_ticket20/4fach/design/second/113.png	svn:mime-type	1e86d1bc52f24f75cdba3765b30e79519a49e5dc5c0d27605048b15591e07892	application/octet-stream
eStab_0.9/branch/0.9.20_ticket20/4fach/design/second/115.gif	svn:mime-type	1e86d1bc52f24f75cdba3765b30e79519a49e5dc5c0d27605048b15591e07892	application/octet-stream
eStab_0.9/branch/0.9.20_ticket20/4fach/design/second/116.jpg	svn:mime-type	1e86d1bc52f24f75cdba3765b30e79519a49e5dc5c0d27605048b15591e07892	application/octet-stream
eStab_0.9/branch/0.9.20_ticket20/4fach/design/second/117.jpg	svn:mime-type	1e86d1bc52f24f75cdba3765b30e79519a49e5dc5c0d27605048b15591e07892	application/octet-stream
eStab_0.9/branch/0.9.20_ticket20/4fach/design/second/118.jpg	svn:mime-type	1e86d1bc52f24f75cdba3765b30e79519a49e5dc5c0d27605048b15591e07892	application/octet-stream
eStab_0.9/branch/0.9.20_ticket20/4fach/design/second/119.jpg	svn:mime-type	1e86d1bc52f24f75cdba3765b30e79519a49e5dc5c0d27605048b15591e07892	application/octet-stream
eStab_0.9/branch/0.9.20_ticket20/4fach/design/second/120.gif	svn:mime-type	1e86d1bc52f24f75cdba3765b30e79519a49e5dc5c0d27605048b15591e07892	application/octet-stream
eStab_0.9/branch/0.9.20_ticket20/4fach/design/second/120.jpg	svn:mime-type	1e86d1bc52f24f75cdba3765b30e79519a49e5dc5c0d27605048b15591e07892	application/octet-stream
eStab_0.9/branch/0.9.20_ticket20/4fach/design/second/121.jpg	svn:mime-type	1e86d1bc52f24f75cdba3765b30e79519a49e5dc5c0d27605048b15591e07892	application/octet-stream
eStab_0.9/branch/0.9.20_ticket20/4fach/design/second/1255.jpg	svn:mime-type	1e86d1bc52f24f75cdba3765b30e79519a49e5dc5c0d27605048b15591e07892	application/octet-stream
eStab_0.9/branch/0.9.20_ticket20/4fach/design/second/24-book-blue-check.png	svn:mime-type	1e86d1bc52f24f75cdba3765b30e79519a49e5dc5c0d27605048b15591e07892	application/octet-stream
eStab_0.9/branch/0.9.20_ticket20/4fach/design/second/A025.png	svn:mime-type	1e86d1bc52f24f75cdba3765b30e79519a49e5dc5c0d27605048b15591e07892	application/octet-stream
eStab_0.9/branch/0.9.20_ticket20/4fach/design/second/A026.png	svn:mime-type	1e86d1bc52f24f75cdba3765b30e79519a49e5dc5c0d27605048b15591e07892	application/octet-stream
eStab_0.9/branch/0.9.20_ticket20/4fach/design/second/A027.png	svn:mime-type	1e86d1bc52f24f75cdba3765b30e79519a49e5dc5c0d27605048b15591e07892	application/octet-stream
eStab_0.9/branch/0.9.20_ticket20/4fach/design/second/A028.gif	svn:mime-type	1e86d1bc52f24f75cdba3765b30e79519a49e5dc5c0d27605048b15591e07892	application/octet-stream
eStab_0.9/branch/0.9.20_ticket20/4fach/design/second/bl.png	svn:mime-type	1e86d1bc52f24f75cdba3765b30e79519a49e5dc5c0d27605048b15591e07892	application/octet-stream
eStab_0.9/branch/0.9.20_ticket20/4fach/design/second/checked.gif	svn:mime-type	1e86d1bc52f24f75cdba3765b30e79519a49e5dc5c0d27605048b15591e07892	application/octet-stream
eStab_0.9/branch/0.9.20_ticket20/4fach/design/second/gn.png	svn:mime-type	1e86d1bc52f24f75cdba3765b30e79519a49e5dc5c0d27605048b15591e07892	application/octet-stream
eStab_0.9/branch/0.9.20_ticket20/4fach/design/second/info.gif	svn:mime-type	1e86d1bc52f24f75cdba3765b30e79519a49e5dc5c0d27605048b15591e07892	application/octet-stream
eStab_0.9/branch/0.9.20_ticket20/4fach/design/second/move.gif	svn:mime-type	1e86d1bc52f24f75cdba3765b30e79519a49e5dc5c0d27605048b15591e07892	application/octet-stream
eStab_0.9/branch/0.9.20_ticket20/4fach/design/second/null.gif	svn:mime-type	1e86d1bc52f24f75cdba3765b30e79519a49e5dc5c0d27605048b15591e07892	application/octet-stream
eStab_0.9/branch/0.9.20_ticket20/4fach/design/second/null.jpg	svn:mime-type	1e86d1bc52f24f75cdba3765b30e79519a49e5dc5c0d27605048b15591e07892	application/octet-stream
eStab_0.9/branch/0.9.20_ticket20/4fach/design/second/second.bs	svn:mime-type	1e86d1bc52f24f75cdba3765b30e79519a49e5dc5c0d27605048b15591e07892	application/octet-stream
eStab_0.9/branch/0.9.20_ticket20/4fach/design/second/vor.gif	svn:mime-type	1e86d1bc52f24f75cdba3765b30e79519a49e5dc5c0d27605048b15591e07892	application/octet-stream
eStab_0.9/branch/0.9.20_ticket20/4fach/design/simple/001.jpg	svn:mime-type	1e86d1bc52f24f75cdba3765b30e79519a49e5dc5c0d27605048b15591e07892	application/octet-stream
eStab_0.9/branch/0.9.20_ticket20/4fach/design/simple/002.jpg	svn:mime-type	1e86d1bc52f24f75cdba3765b30e79519a49e5dc5c0d27605048b15591e07892	application/octet-stream
eStab_0.9/branch/0.9.20_ticket20/4fach/design/simple/003.jpg	svn:mime-type	1e86d1bc52f24f75cdba3765b30e79519a49e5dc5c0d27605048b15591e07892	application/octet-stream
eStab_0.9/branch/0.9.20_ticket20/4fach/design/simple/004.jpg	svn:mime-type	1e86d1bc52f24f75cdba3765b30e79519a49e5dc5c0d27605048b15591e07892	application/octet-stream
eStab_0.9/branch/0.9.20_ticket20/4fach/design/simple/004a.jpg	svn:mime-type	1e86d1bc52f24f75cdba3765b30e79519a49e5dc5c0d27605048b15591e07892	application/octet-stream
eStab_0.9/branch/0.9.20_ticket20/4fach/design/simple/005.jpg	svn:mime-type	1e86d1bc52f24f75cdba3765b30e79519a49e5dc5c0d27605048b15591e07892	application/octet-stream
eStab_0.9/branch/0.9.20_ticket20/4fach/design/simple/006.jpg	svn:mime-type	1e86d1bc52f24f75cdba3765b30e79519a49e5dc5c0d27605048b15591e07892	application/octet-stream
eStab_0.9/branch/0.9.20_ticket20/4fach/design/simple/007.jpg	svn:mime-type	1e86d1bc52f24f75cdba3765b30e79519a49e5dc5c0d27605048b15591e07892	application/octet-stream
eStab_0.9/branch/0.9.20_ticket20/4fach/design/simple/008.jpg	svn:mime-type	1e86d1bc52f24f75cdba3765b30e79519a49e5dc5c0d27605048b15591e07892	application/octet-stream
eStab_0.9/branch/0.9.20_ticket20/4fach/design/simple/009.jpg	svn:mime-type	1e86d1bc52f24f75cdba3765b30e79519a49e5dc5c0d27605048b15591e07892	application/octet-stream
eStab_0.9/branch/0.9.20_ticket20/4fach/design/simple/010.jpg	svn:mime-type	1e86d1bc52f24f75cdba3765b30e79519a49e5dc5c0d27605048b15591e07892	application/octet-stream
eStab_0.9/branch/0.9.20_ticket20/4fach/design/simple/011.jpg	svn:mime-type	1e86d1bc52f24f75cdba3765b30e79519a49e5dc5c0d27605048b15591e07892	application/octet-stream
eStab_0.9/branch/0.9.20_ticket20/4fach/design/simple/012.jpg	svn:mime-type	1e86d1bc52f24f75cdba3765b30e79519a49e5dc5c0d27605048b15591e07892	application/octet-stream
eStab_0.9/branch/0.9.20_ticket20/4fach/design/simple/012a.jpg	svn:mime-type	1e86d1bc52f24f75cdba3765b30e79519a49e5dc5c0d27605048b15591e07892	application/octet-stream
eStab_0.9/branch/0.9.20_ticket20/4fach/design/simple/012b.jpg	svn:mime-type	1e86d1bc52f24f75cdba3765b30e79519a49e5dc5c0d27605048b15591e07892	application/octet-stream
eStab_0.9/branch/0.9.20_ticket20/4fach/design/simple/013.jpg	svn:mime-type	1e86d1bc52f24f75cdba3765b30e79519a49e5dc5c0d27605048b15591e07892	application/octet-stream
eStab_0.9/branch/0.9.20_ticket20/4fach/design/simple/014.jpg	svn:mime-type	1e86d1bc52f24f75cdba3765b30e79519a49e5dc5c0d27605048b15591e07892	application/octet-stream
eStab_0.9/branch/0.9.20_ticket20/4fach/design/simple/015.jpg	svn:mime-type	1e86d1bc52f24f75cdba3765b30e79519a49e5dc5c0d27605048b15591e07892	application/octet-stream
eStab_0.9/branch/0.9.20_ticket20/4fach/design/simple/016.jpg	svn:mime-type	1e86d1bc52f24f75cdba3765b30e79519a49e5dc5c0d27605048b15591e07892	application/octet-stream
eStab_0.9/branch/0.9.20_ticket20/4fach/design/simple/017.jpg	svn:mime-type	1e86d1bc52f24f75cdba3765b30e79519a49e5dc5c0d27605048b15591e07892	application/octet-stream
eStab_0.9/branch/0.9.20_ticket20/4fach/design/simple/018.gif	svn:mime-type	1e86d1bc52f24f75cdba3765b30e79519a49e5dc5c0d27605048b15591e07892	application/octet-stream
eStab_0.9/branch/0.9.20_ticket20/4fach/design/simple/019.gif	svn:mime-type	1e86d1bc52f24f75cdba3765b30e79519a49e5dc5c0d27605048b15591e07892	application/octet-stream
eStab_0.9/branch/0.9.20_ticket20/4fach/design/simple/020.png	svn:mime-type	1e86d1bc52f24f75cdba3765b30e79519a49e5dc5c0d27605048b15591e07892	application/octet-stream
eStab_0.9/branch/0.9.20_ticket20/4fach/design/simple/021.png	svn:mime-type	1e86d1bc52f24f75cdba3765b30e79519a49e5dc5c0d27605048b15591e07892	application/octet-stream
eStab_0.9/branch/0.9.20_ticket20/4fach/design/simple/022.png	svn:mime-type	1e86d1bc52f24f75cdba3765b30e79519a49e5dc5c0d27605048b15591e07892	application/octet-stream
eStab_0.9/branch/0.9.20_ticket20/4fach/design/simple/023.png	svn:mime-type	1e86d1bc52f24f75cdba3765b30e79519a49e5dc5c0d27605048b15591e07892	application/octet-stream
eStab_0.9/branch/0.9.20_ticket20/4fach/design/simple/024.jpg	svn:mime-type	1e86d1bc52f24f75cdba3765b30e79519a49e5dc5c0d27605048b15591e07892	application/octet-stream
eStab_0.9/branch/0.9.20_ticket20/4fach/design/simple/025.gif	svn:mime-type	1e86d1bc52f24f75cdba3765b30e79519a49e5dc5c0d27605048b15591e07892	application/octet-stream
eStab_0.9/branch/0.9.20_ticket20/4fach/design/simple/026.gif	svn:mime-type	1e86d1bc52f24f75cdba3765b30e79519a49e5dc5c0d27605048b15591e07892	application/octet-stream
eStab_0.9/branch/0.9.20_ticket20/4fach/design/simple/027.gif	svn:mime-type	1e86d1bc52f24f75cdba3765b30e79519a49e5dc5c0d27605048b15591e07892	application/octet-stream
eStab_0.9/branch/0.9.20_ticket20/4fach/design/simple/028.gif	svn:mime-type	1e86d1bc52f24f75cdba3765b30e79519a49e5dc5c0d27605048b15591e07892	application/octet-stream
eStab_0.9/branch/0.9.20_ticket20/4fach/design/simple/028.jpg	svn:mime-type	1e86d1bc52f24f75cdba3765b30e79519a49e5dc5c0d27605048b15591e07892	application/octet-stream
eStab_0.9/branch/0.9.20_ticket20/4fach/design/simple/029.gif	svn:mime-type	1e86d1bc52f24f75cdba3765b30e79519a49e5dc5c0d27605048b15591e07892	application/octet-stream
eStab_0.9/branch/0.9.20_ticket20/4fach/design/simple/029.jpg	svn:mime-type	1e86d1bc52f24f75cdba3765b30e79519a49e5dc5c0d27605048b15591e07892	application/octet-stream
eStab_0.9/branch/0.9.20_ticket20/4fach/design/simple/030.jpg	svn:mime-type	1e86d1bc52f24f75cdba3765b30e79519a49e5dc5c0d27605048b15591e07892	application/octet-stream
eStab_0.9/branch/0.9.20_ticket20/4fach/design/simple/031.JPG	svn:mime-type	1e86d1bc52f24f75cdba3765b30e79519a49e5dc5c0d27605048b15591e07892	application/octet-stream
eStab_0.9/branch/0.9.20_ticket20/4fach/design/simple/035.jpg	svn:mime-type	1e86d1bc52f24f75cdba3765b30e79519a49e5dc5c0d27605048b15591e07892	application/octet-stream
eStab_0.9/branch/0.9.20_ticket20/4fach/design/simple/040.jpg	svn:mime-type	1e86d1bc52f24f75cdba3765b30e79519a49e5dc5c0d27605048b15591e07892	application/octet-stream
eStab_0.9/branch/0.9.20_ticket20/4fach/design/simple/050.gif	svn:mime-type	1e86d1bc52f24f75cdba3765b30e79519a49e5dc5c0d27605048b15591e07892	application/octet-stream
eStab_0.9/branch/0.9.20_ticket20/4fach/design/simple/051.gif	svn:mime-type	1e86d1bc52f24f75cdba3765b30e79519a49e5dc5c0d27605048b15591e07892	application/octet-stream
eStab_0.9/branch/0.9.20_ticket20/4fach/design/simple/A025.png	svn:mime-type	1e86d1bc52f24f75cdba3765b30e79519a49e5dc5c0d27605048b15591e07892	application/octet-stream
eStab_0.9/branch/0.9.20_ticket20/4fach/design/simple/A026.png	svn:mime-type	1e86d1bc52f24f75cdba3765b30e79519a49e5dc5c0d27605048b15591e07892	application/octet-stream
eStab_0.9/branch/0.9.20_ticket20/4fach/design/simple/A027.png	svn:mime-type	1e86d1bc52f24f75cdba3765b30e79519a49e5dc5c0d27605048b15591e07892	application/octet-stream
eStab_0.9/branch/0.9.20_ticket20/4fach/design/simple/A028.gif	svn:mime-type	1e86d1bc52f24f75cdba3765b30e79519a49e5dc5c0d27605048b15591e07892	application/octet-stream
eStab_0.9/branch/0.9.20_ticket20/4fach/design/simple/bl.png	svn:mime-type	1e86d1bc52f24f75cdba3765b30e79519a49e5dc5c0d27605048b15591e07892	application/octet-stream
eStab_0.9/branch/0.9.20_ticket20/4fach/design/simple/gn.png	svn:mime-type	1e86d1bc52f24f75cdba3765b30e79519a49e5dc5c0d27605048b15591e07892	application/octet-stream
eStab_0.9/branch/0.9.20_ticket20/4fach/design/simple/info.gif	svn:mime-type	1e86d1bc52f24f75cdba3765b30e79519a49e5dc5c0d27605048b15591e07892	application/octet-stream
eStab_0.9/branch/0.9.20_ticket20/4fach/design/simple/move.gif	svn:mime-type	1e86d1bc52f24f75cdba3765b30e79519a49e5dc5c0d27605048b15591e07892	application/octet-stream
eStab_0.9/branch/0.9.20_ticket20/4fach/design/simple/notify.wav	svn:mime-type	1e86d1bc52f24f75cdba3765b30e79519a49e5dc5c0d27605048b15591e07892	application/octet-stream
eStab_0.9/branch/0.9.20_ticket20/4fach/design/simple/null.gif	svn:mime-type	1e86d1bc52f24f75cdba3765b30e79519a49e5dc5c0d27605048b15591e07892	application/octet-stream
eStab_0.9/branch/0.9.20_ticket20/4fach/design/simple/null.jpg	svn:mime-type	1e86d1bc52f24f75cdba3765b30e79519a49e5dc5c0d27605048b15591e07892	application/octet-stream
eStab_0.9/branch/0.9.20_ticket20/4fach/design/simple/simple.bs	svn:mime-type	1e86d1bc52f24f75cdba3765b30e79519a49e5dc5c0d27605048b15591e07892	application/octet-stream
eStab_0.9/branch/0.9.20_ticket20/4fach/design/simple/vor.gif	svn:mime-type	1e86d1bc52f24f75cdba3765b30e79519a49e5dc5c0d27605048b15591e07892	application/octet-stream
eStab_0.9/branch/0.9.20_ticket20/4fach/null.gif	svn:mime-type	1e86d1bc52f24f75cdba3765b30e79519a49e5dc5c0d27605048b15591e07892	application/octet-stream
eStab_0.9/branch/0.9.20_ticket20/4fach/null.jpg	svn:mime-type	1e86d1bc52f24f75cdba3765b30e79519a49e5dc5c0d27605048b15591e07892	application/octet-stream
eStab_0.9/branch/0.9.20_ticket20/4fbak/ELHS.png	svn:mime-type	1e86d1bc52f24f75cdba3765b30e79519a49e5dc5c0d27605048b15591e07892	application/octet-stream
eStab_0.9/branch/0.9.20_ticket20/4fbak/fonts/Activa.ttf	svn:mime-type	1e86d1bc52f24f75cdba3765b30e79519a49e5dc5c0d27605048b15591e07892	application/octet-stream
eStab_0.9/branch/0.9.20_ticket20/4fbak/fonts/Alpha Beta BRK.ttf	svn:mime-type	1e86d1bc52f24f75cdba3765b30e79519a49e5dc5c0d27605048b15591e07892	application/octet-stream
eStab_0.9/branch/0.9.20_ticket20/4fbak/fonts/Alpha Romanie G98.ttf	svn:mime-type	1e86d1bc52f24f75cdba3765b30e79519a49e5dc5c0d27605048b15591e07892	application/octet-stream
eStab_0.9/branch/0.9.20_ticket20/4fbak/fonts/Garrison Cond. Sans BOLD.ttf	svn:mime-type	1e86d1bc52f24f75cdba3765b30e79519a49e5dc5c0d27605048b15591e07892	application/octet-stream
eStab_0.9/branch/0.9.20_ticket20/4fbak/fonts/Garrison Cond. Sans.ttf	svn:mime-type	1e86d1bc52f24f75cdba3765b30e79519a49e5dc5c0d27605048b15591e07892	application/octet-stream
eStab_0.9/branch/0.9.20_ticket20/4fbak/fonts/Garrison ExtraBold Sans BOLD.ttf	svn:mime-type	1e86d1bc52f24f75cdba3765b30e79519a49e5dc5c0d27605048b15591e07892	application/octet-stream
eStab_0.9/branch/0.9.20_ticket20/4fbak/fonts/Garrison ExtraCond. Sans.ttf	svn:mime-type	1e86d1bc52f24f75cdba3765b30e79519a49e5dc5c0d27605048b15591e07892	application/octet-stream
eStab_0.9/branch/0.9.20_ticket20/4fbak/fonts/Garrison Light Sans BOLD.ttf	svn:mime-type	1e86d1bc52f24f75cdba3765b30e79519a49e5dc5c0d27605048b15591e07892	application/octet-stream
eStab_0.9/branch/0.9.20_ticket20/4fbak/fonts/Garrison Light Sans BOLDITALIC.ttf	svn:mime-type	1e86d1bc52f24f75cdba3765b30e79519a49e5dc5c0d27605048b15591e07892	application/octet-stream
eStab_0.9/branch/0.9.20_ticket20/4fbak/fonts/Garrison Light Sans ITALIC.ttf	svn:mime-type	1e86d1bc52f24f75cdba3765b30e79519a49e5dc5c0d27605048b15591e07892	application/octet-stream
eStab_0.9/branch/0.9.20_ticket20/4fbak/fonts/Garrison Light Sans.ttf	svn:mime-type	1e86d1bc52f24f75cdba3765b30e79519a49e5dc5c0d27605048b15591e07892	application/octet-stream
eStab_0.9/branch/0.9.20_ticket20/4fbak/fonts/Garrison Sans BOLD.ttf	svn:mime-type	1e86d1bc52f24f75cdba3765b30e79519a49e5dc5c0d27605048b15591e07892	application/octet-stream
eStab_0.9/branch/0.9.20_ticket20/4fbak/fonts/Garrison Sans BOLDITALIC.ttf	svn:mime-type	1e86d1bc52f24f75cdba3765b30e79519a49e5dc5c0d27605048b15591e07892	application/octet-stream
eStab_0.9/branch/0.9.20_ticket20/4fbak/fonts/Garrison Sans ITALIC.ttf	svn:mime-type	1e86d1bc52f24f75cdba3765b30e79519a49e5dc5c0d27605048b15591e07892	application/octet-stream
eStab_0.9/branch/0.9.20_ticket20/4fbak/fonts/Garrison Sans.ttf	svn:mime-type	1e86d1bc52f24f75cdba3765b30e79519a49e5dc5c0d27605048b15591e07892	application/octet-stream
eStab_0.9/branch/0.9.20_ticket20/4fbak/fonts/georgia.ttf	svn:mime-type	1e86d1bc52f24f75cdba3765b30e79519a49e5dc5c0d27605048b15591e07892	application/octet-stream
eStab_0.9/branch/0.9.20_ticket20/4fbak/fonts/georgiab.ttf	svn:mime-type	1e86d1bc52f24f75cdba3765b30e79519a49e5dc5c0d27605048b15591e07892	application/octet-stream
eStab_0.9/branch/0.9.20_ticket20/4fbak/fonts/georgiai.ttf	svn:mime-type	1e86d1bc52f24f75cdba3765b30e79519a49e5dc5c0d27605048b15591e07892	application/octet-stream
eStab_0.9/branch/0.9.20_ticket20/4fbak/fonts/georgiaz.ttf	svn:mime-type	1e86d1bc52f24f75cdba3765b30e79519a49e5dc5c0d27605048b15591e07892	application/octet-stream
eStab_0.9/branch/0.9.20_ticket20/4fbak/fpdf/ex.pdf	svn:mime-type	1e86d1bc52f24f75cdba3765b30e79519a49e5dc5c0d27605048b15591e07892	application/octet-stream
eStab_0.9/branch/0.9.20_ticket20/4fbak/fpdf/tutorial/calligra.ttf	svn:mime-type	1e86d1bc52f24f75cdba3765b30e79519a49e5dc5c0d27605048b15591e07892	application/octet-stream
eStab_0.9/branch/0.9.20_ticket20/4fbak/fpdf/tutorial/calligra.z	svn:mime-type	1e86d1bc52f24f75cdba3765b30e79519a49e5dc5c0d27605048b15591e07892	application/octet-stream
eStab_0.9/branch/0.9.20_ticket20/4fbak/fpdf/tutorial/logo.png	svn:mime-type	1e86d1bc52f24f75cdba3765b30e79519a49e5dc5c0d27605048b15591e07892	application/octet-stream
eStab_0.9/branch/0.9.20_ticket20/4fbak/fpdf/tutorial/logo_pb.png	svn:mime-type	1e86d1bc52f24f75cdba3765b30e79519a49e5dc5c0d27605048b15591e07892	application/octet-stream
eStab_0.9/branch/0.9.20_ticket20/4fbak/logo.png	svn:mime-type	1e86d1bc52f24f75cdba3765b30e79519a49e5dc5c0d27605048b15591e07892	application/octet-stream
eStab_0.9/branch/0.9.20_ticket20/4fbak/thw.png	svn:mime-type	1e86d1bc52f24f75cdba3765b30e79519a49e5dc5c0d27605048b15591e07892	application/octet-stream
eStab_0.9/branch/0.9.20_ticket20/4fsym/4fach_aktiv.png	svn:mime-type	1e86d1bc52f24f75cdba3765b30e79519a49e5dc5c0d27605048b15591e07892	application/octet-stream
eStab_0.9/branch/0.9.20_ticket20/4fsym/4fach_inaktiv.png	svn:mime-type	1e86d1bc52f24f75cdba3765b30e79519a49e5dc5c0d27605048b15591e07892	application/octet-stream
eStab_0.9/branch/0.9.20_ticket20/4fsym/IuK.bmp	svn:mime-type	1e86d1bc52f24f75cdba3765b30e79519a49e5dc5c0d27605048b15591e07892	application/octet-stream
eStab_0.9/branch/0.9.20_ticket20/4fsym/abc_aktiv.png	svn:mime-type	1e86d1bc52f24f75cdba3765b30e79519a49e5dc5c0d27605048b15591e07892	application/octet-stream
eStab_0.9/branch/0.9.20_ticket20/4fsym/abc_inaktiv.png	svn:mime-type	1e86d1bc52f24f75cdba3765b30e79519a49e5dc5c0d27605048b15591e07892	application/octet-stream
eStab_0.9/branch/0.9.20_ticket20/4fsym/achtung.gif	svn:mime-type	1e86d1bc52f24f75cdba3765b30e79519a49e5dc5c0d27605048b15591e07892	application/octet-stream
eStab_0.9/branch/0.9.20_ticket20/4fsym/achtung01.gif	svn:mime-type	1e86d1bc52f24f75cdba3765b30e79519a49e5dc5c0d27605048b15591e07892	application/octet-stream
eStab_0.9/branch/0.9.20_ticket20/4fsym/adm_aktiv.png	svn:mime-type	1e86d1bc52f24f75cdba3765b30e79519a49e5dc5c0d27605048b15591e07892	application/octet-stream
eStab_0.9/branch/0.9.20_ticket20/4fsym/adm_inaktiv.png	svn:mime-type	1e86d1bc52f24f75cdba3765b30e79519a49e5dc5c0d27605048b15591e07892	application/octet-stream
eStab_0.9/branch/0.9.20_ticket20/4fsym/all_msg.png	svn:mime-type	1e86d1bc52f24f75cdba3765b30e79519a49e5dc5c0d27605048b15591e07892	application/octet-stream
eStab_0.9/branch/0.9.20_ticket20/4fsym/bhp_aktiv.png	svn:mime-type	1e86d1bc52f24f75cdba3765b30e79519a49e5dc5c0d27605048b15591e07892	application/octet-stream
eStab_0.9/branch/0.9.20_ticket20/4fsym/bhp_inaktiv.png	svn:mime-type	1e86d1bc52f24f75cdba3765b30e79519a49e5dc5c0d27605048b15591e07892	application/octet-stream
eStab_0.9/branch/0.9.20_ticket20/4fsym/br.jpg	svn:mime-type	1e86d1bc52f24f75cdba3765b30e79519a49e5dc5c0d27605048b15591e07892	application/octet-stream
eStab_0.9/branch/0.9.20_ticket20/4fsym/db_aktiv.png	svn:mime-type	1e86d1bc52f24f75cdba3765b30e79519a49e5dc5c0d27605048b15591e07892	application/octet-stream
eStab_0.9/branch/0.9.20_ticket20/4fsym/db_inaktiv.png	svn:mime-type	1e86d1bc52f24f75cdba3765b30e79519a49e5dc5c0d27605048b15591e07892	application/octet-stream
eStab_0.9/branch/0.9.20_ticket20/4fsym/el80.gif	svn:mime-type	1e86d1bc52f24f75cdba3765b30e79519a49e5dc5c0d27605048b15591e07892	application/octet-stream
eStab_0.9/branch/0.9.20_ticket20/4fsym/el80.jpg	svn:mime-type	1e86d1bc52f24f75cdba3765b30e79519a49e5dc5c0d27605048b15591e07892	application/octet-stream
eStab_0.9/branch/0.9.20_ticket20/4fsym/el8001.jpg	svn:mime-type	1e86d1bc52f24f75cdba3765b30e79519a49e5dc5c0d27605048b15591e07892	application/octet-stream
eStab_0.9/branch/0.9.20_ticket20/4fsym/etb_aktiv.png	svn:mime-type	1e86d1bc52f24f75cdba3765b30e79519a49e5dc5c0d27605048b15591e07892	application/octet-stream
eStab_0.9/branch/0.9.20_ticket20/4fsym/etb_inaktiv.png	svn:mime-type	1e86d1bc52f24f75cdba3765b30e79519a49e5dc5c0d27605048b15591e07892	application/octet-stream
eStab_0.9/branch/0.9.20_ticket20/4fsym/greenlight.gif	svn:mime-type	1e86d1bc52f24f75cdba3765b30e79519a49e5dc5c0d27605048b15591e07892	application/octet-stream
eStab_0.9/branch/0.9.20_ticket20/4fsym/icon_handbuch.gif	svn:mime-type	1e86d1bc52f24f75cdba3765b30e79519a49e5dc5c0d27605048b15591e07892	application/octet-stream
eStab_0.9/branch/0.9.20_ticket20/4fsym/iuk_80.jpg	svn:mime-type	1e86d1bc52f24f75cdba3765b30e79519a49e5dc5c0d27605048b15591e07892	application/octet-stream
eStab_0.9/branch/0.9.20_ticket20/4fsym/iuk_hs80.jpg	svn:mime-type	1e86d1bc52f24f75cdba3765b30e79519a49e5dc5c0d27605048b15591e07892	application/octet-stream
eStab_0.9/branch/0.9.20_ticket20/4fsym/kh_aktiv.jpg	svn:mime-type	1e86d1bc52f24f75cdba3765b30e79519a49e5dc5c0d27605048b15591e07892	application/octet-stream
eStab_0.9/branch/0.9.20_ticket20/4fsym/kh_inaktiv.jpg	svn:mime-type	1e86d1bc52f24f75cdba3765b30e79519a49e5dc5c0d27605048b15591e07892	application/octet-stream
eStab_0.9/branch/0.9.20_ticket20/4fsym/merke.gif	svn:mime-type	1e86d1bc52f24f75cdba3765b30e79519a49e5dc5c0d27605048b15591e07892	application/octet-stream
eStab_0.9/branch/0.9.20_ticket20/4fsym/merke.jpg	svn:mime-type	1e86d1bc52f24f75cdba3765b30e79519a49e5dc5c0d27605048b15591e07892	application/octet-stream
eStab_0.9/branch/0.9.20_ticket20/4fsym/merke32.gif	svn:mime-type	1e86d1bc52f24f75cdba3765b30e79519a49e5dc5c0d27605048b15591e07892	application/octet-stream
eStab_0.9/branch/0.9.20_ticket20/4fsym/null.gif	svn:mime-type	1e86d1bc52f24f75cdba3765b30e79519a49e5dc5c0d27605048b15591e07892	application/octet-stream
eStab_0.9/branch/0.9.20_ticket20/4fsym/null.jpg	svn:mime-type	1e86d1bc52f24f75cdba3765b30e79519a49e5dc5c0d27605048b15591e07892	application/octet-stream
eStab_0.9/branch/0.9.20_ticket20/4fsym/nw.png	svn:mime-type	1e86d1bc52f24f75cdba3765b30e79519a49e5dc5c0d27605048b15591e07892	application/octet-stream
eStab_0.9/branch/0.9.20_ticket20/4fsym/nwa_aktiv.png	svn:mime-type	1e86d1bc52f24f75cdba3765b30e79519a49e5dc5c0d27605048b15591e07892	application/octet-stream
eStab_0.9/branch/0.9.20_ticket20/4fsym/nwe_aktiv.png	svn:mime-type	1e86d1bc52f24f75cdba3765b30e79519a49e5dc5c0d27605048b15591e07892	application/octet-stream
eStab_0.9/branch/0.9.20_ticket20/4fsym/nwea_aktiv.png	svn:mime-type	1e86d1bc52f24f75cdba3765b30e79519a49e5dc5c0d27605048b15591e07892	application/octet-stream
eStab_0.9/branch/0.9.20_ticket20/4fsym/nwea_inaktiv.png	svn:mime-type	1e86d1bc52f24f75cdba3765b30e79519a49e5dc5c0d27605048b15591e07892	application/octet-stream
eStab_0.9/branch/0.9.20_ticket20/4fsym/redlight.gif	svn:mime-type	1e86d1bc52f24f75cdba3765b30e79519a49e5dc5c0d27605048b15591e07892	application/octet-stream
eStab_0.9/branch/0.9.20_ticket20/4fsym/tbb_aktiv.png	svn:mime-type	1e86d1bc52f24f75cdba3765b30e79519a49e5dc5c0d27605048b15591e07892	application/octet-stream
eStab_0.9/branch/0.9.20_ticket20/4fsym/tbb_inaktiv.png	svn:mime-type	1e86d1bc52f24f75cdba3765b30e79519a49e5dc5c0d27605048b15591e07892	application/octet-stream
eStab_0.9/branch/0.9.20_ticket20/4fsym/vorsicht.gif	svn:mime-type	1e86d1bc52f24f75cdba3765b30e79519a49e5dc5c0d27605048b15591e07892	application/octet-stream
eStab_0.9/branch/0.9.20_ticket20/4fsym/yellowlight.gif	svn:mime-type	1e86d1bc52f24f75cdba3765b30e79519a49e5dc5c0d27605048b15591e07892	application/octet-stream
eStab_0.9/branch/0.9.20_ticket20/stabetb/null.gif	svn:mime-type	1e86d1bc52f24f75cdba3765b30e79519a49e5dc5c0d27605048b15591e07892	application/octet-stream
eStab_0.9/branch/0.9.20_ticket20/stabetb/null.jpg	svn:mime-type	1e86d1bc52f24f75cdba3765b30e79519a49e5dc5c0d27605048b15591e07892	application/octet-stream
eStab_0.9/branch/0.9.20_ticket20/stabinfo/ELStab.jpg	svn:mime-type	1e86d1bc52f24f75cdba3765b30e79519a49e5dc5c0d27605048b15591e07892	application/octet-stream
eStab_0.9/branch/0.9.20_ticket20/stabinfo/Warendorf L4112 Kartendatum ED50.png	svn:mime-type	1e86d1bc52f24f75cdba3765b30e79519a49e5dc5c0d27605048b15591e07892	application/octet-stream
eStab_0.9/branch/0.9.20_ticket20/stabinfo/Warendorf L4112 Kartendatum WGS84.png	svn:mime-type	1e86d1bc52f24f75cdba3765b30e79519a49e5dc5c0d27605048b15591e07892	application/octet-stream
eStab_0.9/docu/Quellen_Handbuch/Administrative Massnahme.png	svn:mime-type	1e86d1bc52f24f75cdba3765b30e79519a49e5dc5c0d27605048b15591e07892	application/octet-stream
eStab_0.9/docu/Quellen_Handbuch/BenutzeranmeldeFunktionsauswahl.png	svn:mime-type	1e86d1bc52f24f75cdba3765b30e79519a49e5dc5c0d27605048b15591e07892	application/octet-stream
eStab_0.9/docu/Quellen_Handbuch/Benutzeranmeldemenü.png	svn:mime-type	1e86d1bc52f24f75cdba3765b30e79519a49e5dc5c0d27605048b15591e07892	application/octet-stream
eStab_0.9/docu/Quellen_Handbuch/Benutzerstatus.png	svn:mime-type	1e86d1bc52f24f75cdba3765b30e79519a49e5dc5c0d27605048b15591e07892	application/octet-stream
eStab_0.9/docu/Quellen_Handbuch/Bilder/2007_1103_132233AA.JPG	svn:mime-type	1e86d1bc52f24f75cdba3765b30e79519a49e5dc5c0d27605048b15591e07892	application/octet-stream
eStab_0.9/docu/Quellen_Handbuch/Bilder/2007_1103_132255AA.JPG	svn:mime-type	1e86d1bc52f24f75cdba3765b30e79519a49e5dc5c0d27605048b15591e07892	application/octet-stream
eStab_0.9/docu/Quellen_Handbuch/Bilder/2007_1103_132320AA.JPG	svn:mime-type	1e86d1bc52f24f75cdba3765b30e79519a49e5dc5c0d27605048b15591e07892	application/octet-stream
eStab_0.9/docu/Quellen_Handbuch/Bilder/2007_1103_132327AA.JPG	svn:mime-type	1e86d1bc52f24f75cdba3765b30e79519a49e5dc5c0d27605048b15591e07892	application/octet-stream
eStab_0.9/docu/Quellen_Handbuch/Bilder/2007_1103_132336AA.JPG	svn:mime-type	1e86d1bc52f24f75cdba3765b30e79519a49e5dc5c0d27605048b15591e07892	application/octet-stream
eStab_0.9/docu/Quellen_Handbuch/Bilder/2007_1103_132418AA.JPG	svn:mime-type	1e86d1bc52f24f75cdba3765b30e79519a49e5dc5c0d27605048b15591e07892	application/octet-stream
eStab_0.9/docu/Quellen_Handbuch/Bilder/2007_1103_132429AA.JPG	svn:mime-type	1e86d1bc52f24f75cdba3765b30e79519a49e5dc5c0d27605048b15591e07892	application/octet-stream
eStab_0.9/docu/Quellen_Handbuch/Bilder/2007_1103_132455AA.JPG	svn:mime-type	1e86d1bc52f24f75cdba3765b30e79519a49e5dc5c0d27605048b15591e07892	application/octet-stream
eStab_0.9/docu/Quellen_Handbuch/Bilder/2007_1103_132531AA.JPG	svn:mime-type	1e86d1bc52f24f75cdba3765b30e79519a49e5dc5c0d27605048b15591e07892	application/octet-stream
eStab_0.9/docu/Quellen_Handbuch/Bilder/2007_1103_132601AA.jpg	svn:mime-type	1e86d1bc52f24f75cdba3765b30e79519a49e5dc5c0d27605048b15591e07892	application/octet-stream
eStab_0.9/docu/Quellen_Handbuch/Datenbankeinstellung.png	svn:mime-type	1e86d1bc52f24f75cdba3765b30e79519a49e5dc5c0d27605048b15591e07892	application/octet-stream
eStab_0.9/docu/Quellen_Handbuch/Dokumentation.odt	svn:mime-type	1e86d1bc52f24f75cdba3765b30e79519a49e5dc5c0d27605048b15591e07892	application/octet-stream
eStab_0.9/docu/Quellen_Handbuch/ETB/1.Eintrag Liste.png	svn:mime-type	1e86d1bc52f24f75cdba3765b30e79519a49e5dc5c0d27605048b15591e07892	application/octet-stream
eStab_0.9/docu/Quellen_Handbuch/ETB/1.Eintrag.png	svn:mime-type	1e86d1bc52f24f75cdba3765b30e79519a49e5dc5c0d27605048b15591e07892	application/octet-stream
eStab_0.9/docu/Quellen_Handbuch/ETB/2.Eintrag Liste.png	svn:mime-type	1e86d1bc52f24f75cdba3765b30e79519a49e5dc5c0d27605048b15591e07892	application/octet-stream
eStab_0.9/docu/Quellen_Handbuch/ETB/Einsatzdaten.png	svn:mime-type	1e86d1bc52f24f75cdba3765b30e79519a49e5dc5c0d27605048b15591e07892	application/octet-stream
eStab_0.9/docu/Quellen_Handbuch/ETB/S2 ETB Wellcom.png	svn:mime-type	1e86d1bc52f24f75cdba3765b30e79519a49e5dc5c0d27605048b15591e07892	application/octet-stream
eStab_0.9/docu/Quellen_Handbuch/Einsatzdaten quittung.png	svn:mime-type	1e86d1bc52f24f75cdba3765b30e79519a49e5dc5c0d27605048b15591e07892	application/octet-stream
eStab_0.9/docu/Quellen_Handbuch/Einsatzdaten.png	svn:mime-type	1e86d1bc52f24f75cdba3765b30e79519a49e5dc5c0d27605048b15591e07892	application/octet-stream
eStab_0.9/docu/Quellen_Handbuch/FM-Counter.png	svn:mime-type	1e86d1bc52f24f75cdba3765b30e79519a49e5dc5c0d27605048b15591e07892	application/octet-stream
eStab_0.9/docu/Quellen_Handbuch/FM-Menü eine meldung.png	svn:mime-type	1e86d1bc52f24f75cdba3765b30e79519a49e5dc5c0d27605048b15591e07892	application/octet-stream
eStab_0.9/docu/Quellen_Handbuch/FM-Menü leer.png	svn:mime-type	1e86d1bc52f24f75cdba3765b30e79519a49e5dc5c0d27605048b15591e07892	application/octet-stream
eStab_0.9/docu/Quellen_Handbuch/FM-Menüpunkte.png	svn:mime-type	1e86d1bc52f24f75cdba3765b30e79519a49e5dc5c0d27605048b15591e07892	application/octet-stream
eStab_0.9/docu/Quellen_Handbuch/FM/2.Sichtrung-Liste.png	svn:mime-type	1e86d1bc52f24f75cdba3765b30e79519a49e5dc5c0d27605048b15591e07892	application/octet-stream
eStab_0.9/docu/Quellen_Handbuch/FM/Ahg-Liste 1.png	svn:mime-type	1e86d1bc52f24f75cdba3765b30e79519a49e5dc5c0d27605048b15591e07892	application/octet-stream
eStab_0.9/docu/Quellen_Handbuch/FM/Ahg-hochladen 1.png	svn:mime-type	1e86d1bc52f24f75cdba3765b30e79519a49e5dc5c0d27605048b15591e07892	application/octet-stream
eStab_0.9/docu/Quellen_Handbuch/FM/Ahg-hochladen leer.png	svn:mime-type	1e86d1bc52f24f75cdba3765b30e79519a49e5dc5c0d27605048b15591e07892	application/octet-stream
eStab_0.9/docu/Quellen_Handbuch/FM/Aufnahmevermerk.png	svn:mime-type	1e86d1bc52f24f75cdba3765b30e79519a49e5dc5c0d27605048b15591e07892	application/octet-stream
eStab_0.9/docu/Quellen_Handbuch/FM/Ausgangsliste mit bbb.png	svn:mime-type	1e86d1bc52f24f75cdba3765b30e79519a49e5dc5c0d27605048b15591e07892	application/octet-stream
eStab_0.9/docu/Quellen_Handbuch/FM/Mld Ausgang Menü.png	svn:mime-type	1e86d1bc52f24f75cdba3765b30e79519a49e5dc5c0d27605048b15591e07892	application/octet-stream
eStab_0.9/docu/Quellen_Handbuch/FM/Mld mit Ahg.png	svn:mime-type	1e86d1bc52f24f75cdba3765b30e79519a49e5dc5c0d27605048b15591e07892	application/octet-stream
eStab_0.9/docu/Quellen_Handbuch/FM/Mld mit bbb.png	svn:mime-type	1e86d1bc52f24f75cdba3765b30e79519a49e5dc5c0d27605048b15591e07892	application/octet-stream
eStab_0.9/docu/Quellen_Handbuch/FM/Mld-Ausgang.png	svn:mime-type	1e86d1bc52f24f75cdba3765b30e79519a49e5dc5c0d27605048b15591e07892	application/octet-stream
eStab_0.9/docu/Quellen_Handbuch/FM/Mld-Fehlendeeingabe.png	svn:mime-type	1e86d1bc52f24f75cdba3765b30e79519a49e5dc5c0d27605048b15591e07892	application/octet-stream
eStab_0.9/docu/Quellen_Handbuch/FM/Mld-Menü.png	svn:mime-type	1e86d1bc52f24f75cdba3765b30e79519a49e5dc5c0d27605048b15591e07892	application/octet-stream
eStab_0.9/docu/Quellen_Handbuch/FM/Verfasserbereich.png	svn:mime-type	1e86d1bc52f24f75cdba3765b30e79519a49e5dc5c0d27605048b15591e07892	application/octet-stream
eStab_0.9/docu/Quellen_Handbuch/FM/Vordruck Eingang ausgefüllt 1.png	svn:mime-type	1e86d1bc52f24f75cdba3765b30e79519a49e5dc5c0d27605048b15591e07892	application/octet-stream
eStab_0.9/docu/Quellen_Handbuch/FM/Vordruck leer.png	svn:mime-type	1e86d1bc52f24f75cdba3765b30e79519a49e5dc5c0d27605048b15591e07892	application/octet-stream
eStab_0.9/docu/Quellen_Handbuch/Funktionseditor ausfefüllt.png	svn:mime-type	1e86d1bc52f24f75cdba3765b30e79519a49e5dc5c0d27605048b15591e07892	application/octet-stream
eStab_0.9/docu/Quellen_Handbuch/Funktionseditor.png	svn:mime-type	1e86d1bc52f24f75cdba3765b30e79519a49e5dc5c0d27605048b15591e07892	application/octet-stream
eStab_0.9/docu/Quellen_Handbuch/Handbuch0001.odt	svn:mime-type	1e86d1bc52f24f75cdba3765b30e79519a49e5dc5c0d27605048b15591e07892	application/octet-stream
eStab_0.9/docu/Quellen_Handbuch/Katagorien/Kategorienmenue.png	svn:mime-type	1e86d1bc52f24f75cdba3765b30e79519a49e5dc5c0d27605048b15591e07892	application/octet-stream
eStab_0.9/docu/Quellen_Handbuch/Katagorien/Kategorienmenue1-3.png	svn:mime-type	1e86d1bc52f24f75cdba3765b30e79519a49e5dc5c0d27605048b15591e07892	application/octet-stream
eStab_0.9/docu/Quellen_Handbuch/Katagorien/Mld-EA1.png	svn:mime-type	1e86d1bc52f24f75cdba3765b30e79519a49e5dc5c0d27605048b15591e07892	application/octet-stream
eStab_0.9/docu/Quellen_Handbuch/Katagorien/Ordner S2.png	svn:mime-type	1e86d1bc52f24f75cdba3765b30e79519a49e5dc5c0d27605048b15591e07892	application/octet-stream
eStab_0.9/docu/Quellen_Handbuch/Katagorien/S2-Menue.png	svn:mime-type	1e86d1bc52f24f75cdba3765b30e79519a49e5dc5c0d27605048b15591e07892	application/octet-stream
eStab_0.9/docu/Quellen_Handbuch/Katagorien/S2-vollansicht.png	svn:mime-type	1e86d1bc52f24f75cdba3765b30e79519a49e5dc5c0d27605048b15591e07892	application/octet-stream
eStab_0.9/docu/Quellen_Handbuch/Katagorien/S3-vollansicht.png	svn:mime-type	1e86d1bc52f24f75cdba3765b30e79519a49e5dc5c0d27605048b15591e07892	application/octet-stream
eStab_0.9/docu/Quellen_Handbuch/Katagorien/Zuordnung Katego.png	svn:mime-type	1e86d1bc52f24f75cdba3765b30e79519a49e5dc5c0d27605048b15591e07892	application/octet-stream
eStab_0.9/docu/Quellen_Handbuch/S-Funk/Counter.png	svn:mime-type	1e86d1bc52f24f75cdba3765b30e79519a49e5dc5c0d27605048b15591e07892	application/octet-stream
eStab_0.9/docu/Quellen_Handbuch/S-Funk/Filter1.png	svn:mime-type	1e86d1bc52f24f75cdba3765b30e79519a49e5dc5c0d27605048b15591e07892	application/octet-stream
eStab_0.9/docu/Quellen_Handbuch/S-Funk/ICONS/Sfkt_menue.png	svn:mime-type	1e86d1bc52f24f75cdba3765b30e79519a49e5dc5c0d27605048b15591e07892	application/octet-stream
eStab_0.9/docu/Quellen_Handbuch/S-Funk/ICONS/Transporterledigt.png	svn:mime-type	1e86d1bc52f24f75cdba3765b30e79519a49e5dc5c0d27605048b15591e07892	application/octet-stream
eStab_0.9/docu/Quellen_Handbuch/S-Funk/ICONS/Transportstatus.png	svn:mime-type	1e86d1bc52f24f75cdba3765b30e79519a49e5dc5c0d27605048b15591e07892	application/octet-stream
eStab_0.9/docu/Quellen_Handbuch/S-Funk/ICONS/_Fernmelder.png	svn:mime-type	1e86d1bc52f24f75cdba3765b30e79519a49e5dc5c0d27605048b15591e07892	application/octet-stream
eStab_0.9/docu/Quellen_Handbuch/S-Funk/ICONS/_unerledigt.png	svn:mime-type	1e86d1bc52f24f75cdba3765b30e79519a49e5dc5c0d27605048b15591e07892	application/octet-stream
eStab_0.9/docu/Quellen_Handbuch/S-Funk/ICONS/_ungelesen.png	svn:mime-type	1e86d1bc52f24f75cdba3765b30e79519a49e5dc5c0d27605048b15591e07892	application/octet-stream
eStab_0.9/docu/Quellen_Handbuch/S-Funk/ICONS/erledigt.png	svn:mime-type	1e86d1bc52f24f75cdba3765b30e79519a49e5dc5c0d27605048b15591e07892	application/octet-stream
eStab_0.9/docu/Quellen_Handbuch/S-Funk/ICONS/gelesen.png	svn:mime-type	1e86d1bc52f24f75cdba3765b30e79519a49e5dc5c0d27605048b15591e07892	application/octet-stream
eStab_0.9/docu/Quellen_Handbuch/S-Funk/ICONS/navigation.png	svn:mime-type	1e86d1bc52f24f75cdba3765b30e79519a49e5dc5c0d27605048b15591e07892	application/octet-stream
eStab_0.9/docu/Quellen_Handbuch/S-Funk/ICONS/spalte_Tabellen.png	svn:mime-type	1e86d1bc52f24f75cdba3765b30e79519a49e5dc5c0d27605048b15591e07892	application/octet-stream
eStab_0.9/docu/Quellen_Handbuch/S-Funk/ICONS/spalte_abfassungszeit.png	svn:mime-type	1e86d1bc52f24f75cdba3765b30e79519a49e5dc5c0d27605048b15591e07892	application/octet-stream
eStab_0.9/docu/Quellen_Handbuch/S-Funk/ICONS/spalte_an.png	svn:mime-type	1e86d1bc52f24f75cdba3765b30e79519a49e5dc5c0d27605048b15591e07892	application/octet-stream
eStab_0.9/docu/Quellen_Handbuch/S-Funk/ICONS/spalte_e-a.png	svn:mime-type	1e86d1bc52f24f75cdba3765b30e79519a49e5dc5c0d27605048b15591e07892	application/octet-stream
eStab_0.9/docu/Quellen_Handbuch/S-Funk/ICONS/spalte_erledigt.png	svn:mime-type	1e86d1bc52f24f75cdba3765b30e79519a49e5dc5c0d27605048b15591e07892	application/octet-stream
eStab_0.9/docu/Quellen_Handbuch/S-Funk/ICONS/spalte_inhalt.png	svn:mime-type	1e86d1bc52f24f75cdba3765b30e79519a49e5dc5c0d27605048b15591e07892	application/octet-stream
eStab_0.9/docu/Quellen_Handbuch/S-Funk/ICONS/spalte_num.png	svn:mime-type	1e86d1bc52f24f75cdba3765b30e79519a49e5dc5c0d27605048b15591e07892	application/octet-stream
eStab_0.9/docu/Quellen_Handbuch/S-Funk/ICONS/spalte_von.png	svn:mime-type	1e86d1bc52f24f75cdba3765b30e79519a49e5dc5c0d27605048b15591e07892	application/octet-stream
eStab_0.9/docu/Quellen_Handbuch/S-Funk/ICONS/spalte_vorrang.png	svn:mime-type	1e86d1bc52f24f75cdba3765b30e79519a49e5dc5c0d27605048b15591e07892	application/octet-stream
eStab_0.9/docu/Quellen_Handbuch/S-Funk/ICONS/ungelesen mit vorrang.png	svn:mime-type	1e86d1bc52f24f75cdba3765b30e79519a49e5dc5c0d27605048b15591e07892	application/octet-stream
eStab_0.9/docu/Quellen_Handbuch/S-Funk/ICONS/vor Sichter.png	svn:mime-type	1e86d1bc52f24f75cdba3765b30e79519a49e5dc5c0d27605048b15591e07892	application/octet-stream
eStab_0.9/docu/Quellen_Handbuch/S-Funk/ICONS/vorrangstufe.png	svn:mime-type	1e86d1bc52f24f75cdba3765b30e79519a49e5dc5c0d27605048b15591e07892	application/octet-stream
eStab_0.9/docu/Quellen_Handbuch/S-Funk/Liste mit bbb.png	svn:mime-type	1e86d1bc52f24f75cdba3765b30e79519a49e5dc5c0d27605048b15591e07892	application/octet-stream
eStab_0.9/docu/Quellen_Handbuch/S-Funk/MLD pro Seite.png	svn:mime-type	1e86d1bc52f24f75cdba3765b30e79519a49e5dc5c0d27605048b15591e07892	application/octet-stream
eStab_0.9/docu/Quellen_Handbuch/S-Funk/MLD-Navigationsstatus.png	svn:mime-type	1e86d1bc52f24f75cdba3765b30e79519a49e5dc5c0d27605048b15591e07892	application/octet-stream
eStab_0.9/docu/Quellen_Handbuch/S-Funk/Navigation.png	svn:mime-type	1e86d1bc52f24f75cdba3765b30e79519a49e5dc5c0d27605048b15591e07892	application/octet-stream
eStab_0.9/docu/Quellen_Handbuch/S-Funk/un-erlefigt_finden.png	svn:mime-type	1e86d1bc52f24f75cdba3765b30e79519a49e5dc5c0d27605048b15591e07892	application/octet-stream
eStab_0.9/docu/Quellen_Handbuch/Si/Liste mit Counter.png	svn:mime-type	1e86d1bc52f24f75cdba3765b30e79519a49e5dc5c0d27605048b15591e07892	application/octet-stream
eStab_0.9/docu/Quellen_Handbuch/Si/Liste mit bbb.png	svn:mime-type	1e86d1bc52f24f75cdba3765b30e79519a49e5dc5c0d27605048b15591e07892	application/octet-stream
eStab_0.9/docu/Quellen_Handbuch/Si/Mld mit bbb.png	svn:mime-type	1e86d1bc52f24f75cdba3765b30e79519a49e5dc5c0d27605048b15591e07892	application/octet-stream
eStab_0.9/docu/Quellen_Handbuch/Verfasserbereich.xcf	svn:mime-type	1e86d1bc52f24f75cdba3765b30e79519a49e5dc5c0d27605048b15591e07892	application/octet-stream
eStab_0.9/docu/Quellen_Handbuch/Willkommen.png	svn:mime-type	1e86d1bc52f24f75cdba3765b30e79519a49e5dc5c0d27605048b15591e07892	application/octet-stream
eStab_0.9/docu/Quellen_Handbuch/XAMPP-Controll.png	svn:mime-type	1e86d1bc52f24f75cdba3765b30e79519a49e5dc5c0d27605048b15591e07892	application/octet-stream
eStab_0.9/docu/Quellen_Handbuch/adm_mass_datenbank verbindungprüfen.png	svn:mime-type	1e86d1bc52f24f75cdba3765b30e79519a49e5dc5c0d27605048b15591e07892	application/octet-stream
eStab_0.9/docu/Quellen_Handbuch/adm_mass_datenbank.png	svn:mime-type	1e86d1bc52f24f75cdba3765b30e79519a49e5dc5c0d27605048b15591e07892	application/octet-stream
eStab_0.9/docu/Quellen_Handbuch/adm_mass_einsatz.png	svn:mime-type	1e86d1bc52f24f75cdba3765b30e79519a49e5dc5c0d27605048b15591e07892	application/octet-stream
eStab_0.9/docu/Quellen_Handbuch/adm_mass_einsatzende.png	svn:mime-type	1e86d1bc52f24f75cdba3765b30e79519a49e5dc5c0d27605048b15591e07892	application/octet-stream
eStab_0.9/docu/Quellen_Handbuch/adm_mass_grafik.png	svn:mime-type	1e86d1bc52f24f75cdba3765b30e79519a49e5dc5c0d27605048b15591e07892	application/octet-stream
eStab_0.9/docu/Quellen_Handbuch/adm_mass_konfig.png	svn:mime-type	1e86d1bc52f24f75cdba3765b30e79519a49e5dc5c0d27605048b15591e07892	application/octet-stream
eStab_0.9/tags/ver0.9.09/4fach/design/HL0001/001.jpg	svn:mime-type	1e86d1bc52f24f75cdba3765b30e79519a49e5dc5c0d27605048b15591e07892	application/octet-stream
eStab_0.9/tags/ver0.9.09/4fach/design/HL0001/002.jpg	svn:mime-type	1e86d1bc52f24f75cdba3765b30e79519a49e5dc5c0d27605048b15591e07892	application/octet-stream
eStab_0.9/tags/ver0.9.09/4fach/design/HL0001/003.jpg	svn:mime-type	1e86d1bc52f24f75cdba3765b30e79519a49e5dc5c0d27605048b15591e07892	application/octet-stream
eStab_0.9/tags/ver0.9.09/4fach/design/HL0001/004.jpg	svn:mime-type	1e86d1bc52f24f75cdba3765b30e79519a49e5dc5c0d27605048b15591e07892	application/octet-stream
eStab_0.9/tags/ver0.9.09/4fach/design/HL0001/005.jpg	svn:mime-type	1e86d1bc52f24f75cdba3765b30e79519a49e5dc5c0d27605048b15591e07892	application/octet-stream
eStab_0.9/tags/ver0.9.09/4fach/design/HL0001/006.jpg	svn:mime-type	1e86d1bc52f24f75cdba3765b30e79519a49e5dc5c0d27605048b15591e07892	application/octet-stream
eStab_0.9/tags/ver0.9.09/4fach/design/HL0001/007.jpg	svn:mime-type	1e86d1bc52f24f75cdba3765b30e79519a49e5dc5c0d27605048b15591e07892	application/octet-stream
eStab_0.9/tags/ver0.9.09/4fach/design/HL0001/008.jpg	svn:mime-type	1e86d1bc52f24f75cdba3765b30e79519a49e5dc5c0d27605048b15591e07892	application/octet-stream
eStab_0.9/tags/ver0.9.09/4fach/design/HL0001/009.jpg	svn:mime-type	1e86d1bc52f24f75cdba3765b30e79519a49e5dc5c0d27605048b15591e07892	application/octet-stream
eStab_0.9/tags/ver0.9.09/4fach/design/HL0001/010.jpg	svn:mime-type	1e86d1bc52f24f75cdba3765b30e79519a49e5dc5c0d27605048b15591e07892	application/octet-stream
eStab_0.9/tags/ver0.9.09/4fach/design/HL0001/011.jpg	svn:mime-type	1e86d1bc52f24f75cdba3765b30e79519a49e5dc5c0d27605048b15591e07892	application/octet-stream
eStab_0.9/tags/ver0.9.09/4fach/design/HL0001/013.jpg	svn:mime-type	1e86d1bc52f24f75cdba3765b30e79519a49e5dc5c0d27605048b15591e07892	application/octet-stream
eStab_0.9/tags/ver0.9.09/4fach/design/HL0001/014.jpg	svn:mime-type	1e86d1bc52f24f75cdba3765b30e79519a49e5dc5c0d27605048b15591e07892	application/octet-stream
eStab_0.9/tags/ver0.9.09/4fach/design/HL0001/016.jpg	svn:mime-type	1e86d1bc52f24f75cdba3765b30e79519a49e5dc5c0d27605048b15591e07892	application/octet-stream
eStab_0.9/tags/ver0.9.09/4fach/design/HL0001/017.jpg	svn:mime-type	1e86d1bc52f24f75cdba3765b30e79519a49e5dc5c0d27605048b15591e07892	application/octet-stream
eStab_0.9/tags/ver0.9.09/4fach/design/HL0001/018.gif	svn:mime-type	1e86d1bc52f24f75cdba3765b30e79519a49e5dc5c0d27605048b15591e07892	application/octet-stream
eStab_0.9/tags/ver0.9.09/4fach/design/HL0001/020.gif	svn:mime-type	1e86d1bc52f24f75cdba3765b30e79519a49e5dc5c0d27605048b15591e07892	application/octet-stream
eStab_0.9/tags/ver0.9.09/4fach/design/HL0001/021.gif	svn:mime-type	1e86d1bc52f24f75cdba3765b30e79519a49e5dc5c0d27605048b15591e07892	application/octet-stream
eStab_0.9/tags/ver0.9.09/4fach/design/HL0001/022.gif	svn:mime-type	1e86d1bc52f24f75cdba3765b30e79519a49e5dc5c0d27605048b15591e07892	application/octet-stream
eStab_0.9/tags/ver0.9.09/4fach/design/HL0001/Buttonvorlage.bs	svn:mime-type	1e86d1bc52f24f75cdba3765b30e79519a49e5dc5c0d27605048b15591e07892	application/octet-stream
eStab_0.9/tags/ver0.9.09/4fach/design/HL0001/Buttonvorlage_gruen.bs	svn:mime-type	1e86d1bc52f24f75cdba3765b30e79519a49e5dc5c0d27605048b15591e07892	application/octet-stream
eStab_0.9/tags/ver0.9.09/4fach/design/HL0001/Buttonvorlage_hellblau.bs	svn:mime-type	1e86d1bc52f24f75cdba3765b30e79519a49e5dc5c0d27605048b15591e07892	application/octet-stream
eStab_0.9/tags/ver0.9.09/4fach/design/HL0001/Buttonvorlage_rot.bs	svn:mime-type	1e86d1bc52f24f75cdba3765b30e79519a49e5dc5c0d27605048b15591e07892	application/octet-stream
eStab_0.9/tags/ver0.9.09/4fach/design/HL0001/Kopie von abmelden.jpg	svn:mime-type	1e86d1bc52f24f75cdba3765b30e79519a49e5dc5c0d27605048b15591e07892	application/octet-stream
eStab_0.9/tags/ver0.9.09/4fach/design/HL0001/Thumbs.db	svn:mime-type	1e86d1bc52f24f75cdba3765b30e79519a49e5dc5c0d27605048b15591e07892	application/octet-stream
eStab_0.9/tags/ver0.9.09/4fach/design/HL0001/d_hoch01.gif	svn:mime-type	1e86d1bc52f24f75cdba3765b30e79519a49e5dc5c0d27605048b15591e07892	application/octet-stream
eStab_0.9/tags/ver0.9.09/4fach/design/HL0001/greenlight.gif	svn:mime-type	1e86d1bc52f24f75cdba3765b30e79519a49e5dc5c0d27605048b15591e07892	application/octet-stream
eStab_0.9/tags/ver0.9.09/4fach/design/HL0001/hochladen.JPG	svn:mime-type	1e86d1bc52f24f75cdba3765b30e79519a49e5dc5c0d27605048b15591e07892	application/octet-stream
eStab_0.9/tags/ver0.9.09/4fach/design/HL0001/n_sichten.jpg	svn:mime-type	1e86d1bc52f24f75cdba3765b30e79519a49e5dc5c0d27605048b15591e07892	application/octet-stream
eStab_0.9/tags/ver0.9.09/4fach/design/HL0001/null.gif	svn:mime-type	1e86d1bc52f24f75cdba3765b30e79519a49e5dc5c0d27605048b15591e07892	application/octet-stream
eStab_0.9/tags/ver0.9.09/4fach/design/HL0001/null.jpg	svn:mime-type	1e86d1bc52f24f75cdba3765b30e79519a49e5dc5c0d27605048b15591e07892	application/octet-stream
eStab_0.9/tags/ver0.9.09/4fach/design/HL0001/redlight.gif	svn:mime-type	1e86d1bc52f24f75cdba3765b30e79519a49e5dc5c0d27605048b15591e07892	application/octet-stream
eStab_0.9/tags/ver0.9.09/4fach/design/HL0001/yellowlight.gif	svn:mime-type	1e86d1bc52f24f75cdba3765b30e79519a49e5dc5c0d27605048b15591e07892	application/octet-stream
eStab_0.9/tags/ver0.9.09/4fach/design/Symboldesigne.odt	svn:mime-type	1e86d1bc52f24f75cdba3765b30e79519a49e5dc5c0d27605048b15591e07892	application/octet-stream
eStab_0.9/tags/ver0.9.09/4fach/design/Thumbs.db	svn:mime-type	1e86d1bc52f24f75cdba3765b30e79519a49e5dc5c0d27605048b15591e07892	application/octet-stream
eStab_0.9/tags/ver0.9.09/4fach/design/second/000.gif	svn:mime-type	1e86d1bc52f24f75cdba3765b30e79519a49e5dc5c0d27605048b15591e07892	application/octet-stream
eStab_0.9/tags/ver0.9.09/4fach/design/second/001.jpg	svn:mime-type	1e86d1bc52f24f75cdba3765b30e79519a49e5dc5c0d27605048b15591e07892	application/octet-stream
eStab_0.9/tags/ver0.9.09/4fach/design/second/002.jpg	svn:mime-type	1e86d1bc52f24f75cdba3765b30e79519a49e5dc5c0d27605048b15591e07892	application/octet-stream
eStab_0.9/tags/ver0.9.09/4fach/design/second/003.jpg	svn:mime-type	1e86d1bc52f24f75cdba3765b30e79519a49e5dc5c0d27605048b15591e07892	application/octet-stream
eStab_0.9/tags/ver0.9.09/4fach/design/second/004.jpg	svn:mime-type	1e86d1bc52f24f75cdba3765b30e79519a49e5dc5c0d27605048b15591e07892	application/octet-stream
eStab_0.9/tags/ver0.9.09/4fach/design/second/004a.jpg	svn:mime-type	1e86d1bc52f24f75cdba3765b30e79519a49e5dc5c0d27605048b15591e07892	application/octet-stream
eStab_0.9/tags/ver0.9.09/4fach/design/second/005.jpg	svn:mime-type	1e86d1bc52f24f75cdba3765b30e79519a49e5dc5c0d27605048b15591e07892	application/octet-stream
eStab_0.9/tags/ver0.9.09/4fach/design/second/006.jpg	svn:mime-type	1e86d1bc52f24f75cdba3765b30e79519a49e5dc5c0d27605048b15591e07892	application/octet-stream
eStab_0.9/tags/ver0.9.09/4fach/design/second/007.jpg	svn:mime-type	1e86d1bc52f24f75cdba3765b30e79519a49e5dc5c0d27605048b15591e07892	application/octet-stream
eStab_0.9/tags/ver0.9.09/4fach/design/second/008.jpg	svn:mime-type	1e86d1bc52f24f75cdba3765b30e79519a49e5dc5c0d27605048b15591e07892	application/octet-stream
eStab_0.9/tags/ver0.9.09/4fach/design/second/009.jpg	svn:mime-type	1e86d1bc52f24f75cdba3765b30e79519a49e5dc5c0d27605048b15591e07892	application/octet-stream
eStab_0.9/tags/ver0.9.09/4fach/design/second/010.jpg	svn:mime-type	1e86d1bc52f24f75cdba3765b30e79519a49e5dc5c0d27605048b15591e07892	application/octet-stream
eStab_0.9/tags/ver0.9.09/4fach/design/second/011.jpg	svn:mime-type	1e86d1bc52f24f75cdba3765b30e79519a49e5dc5c0d27605048b15591e07892	application/octet-stream
eStab_0.9/tags/ver0.9.09/4fach/design/second/012.jpg	svn:mime-type	1e86d1bc52f24f75cdba3765b30e79519a49e5dc5c0d27605048b15591e07892	application/octet-stream
eStab_0.9/tags/ver0.9.09/4fach/design/second/012a.jpg	svn:mime-type	1e86d1bc52f24f75cdba3765b30e79519a49e5dc5c0d27605048b15591e07892	application/octet-stream
eStab_0.9/tags/ver0.9.09/4fach/design/second/012b.jpg	svn:mime-type	1e86d1bc52f24f75cdba3765b30e79519a49e5dc5c0d27605048b15591e07892	application/octet-stream
eStab_0.9/tags/ver0.9.09/4fach/design/second/013.jpg	svn:mime-type	1e86d1bc52f24f75cdba3765b30e79519a49e5dc5c0d27605048b15591e07892	application/octet-stream
eStab_0.9/tags/ver0.9.09/4fach/design/second/014.jpg	svn:mime-type	1e86d1bc52f24f75cdba3765b30e79519a49e5dc5c0d27605048b15591e07892	application/octet-stream
eStab_0.9/tags/ver0.9.09/4fach/design/second/015.jpg	svn:mime-type	1e86d1bc52f24f75cdba3765b30e79519a49e5dc5c0d27605048b15591e07892	application/octet-stream
eStab_0.9/tags/ver0.9.09/4fach/design/second/016.jpg	svn:mime-type	1e86d1bc52f24f75cdba3765b30e79519a49e5dc5c0d27605048b15591e07892	application/octet-stream
eStab_0.9/tags/ver0.9.09/4fach/design/second/017.jpg	svn:mime-type	1e86d1bc52f24f75cdba3765b30e79519a49e5dc5c0d27605048b15591e07892	application/octet-stream
eStab_0.9/tags/ver0.9.09/4fach/design/second/018.gif	svn:mime-type	1e86d1bc52f24f75cdba3765b30e79519a49e5dc5c0d27605048b15591e07892	application/octet-stream
eStab_0.9/tags/ver0.9.09/4fach/design/second/019.gif	svn:mime-type	1e86d1bc52f24f75cdba3765b30e79519a49e5dc5c0d27605048b15591e07892	application/octet-stream
eStab_0.9/tags/ver0.9.09/4fach/design/second/020.png	svn:mime-type	1e86d1bc52f24f75cdba3765b30e79519a49e5dc5c0d27605048b15591e07892	application/octet-stream
eStab_0.9/tags/ver0.9.09/4fach/design/second/021.png	svn:mime-type	1e86d1bc52f24f75cdba3765b30e79519a49e5dc5c0d27605048b15591e07892	application/octet-stream
eStab_0.9/tags/ver0.9.09/4fach/design/second/022.png	svn:mime-type	1e86d1bc52f24f75cdba3765b30e79519a49e5dc5c0d27605048b15591e07892	application/octet-stream
eStab_0.9/tags/ver0.9.09/4fach/design/second/023.png	svn:mime-type	1e86d1bc52f24f75cdba3765b30e79519a49e5dc5c0d27605048b15591e07892	application/octet-stream
eStab_0.9/tags/ver0.9.09/4fach/design/second/024.jpg	svn:mime-type	1e86d1bc52f24f75cdba3765b30e79519a49e5dc5c0d27605048b15591e07892	application/octet-stream
eStab_0.9/tags/ver0.9.09/4fach/design/second/025.gif	svn:mime-type	1e86d1bc52f24f75cdba3765b30e79519a49e5dc5c0d27605048b15591e07892	application/octet-stream
eStab_0.9/tags/ver0.9.09/4fach/design/second/026.gif	svn:mime-type	1e86d1bc52f24f75cdba3765b30e79519a49e5dc5c0d27605048b15591e07892	application/octet-stream
eStab_0.9/tags/ver0.9.09/4fach/design/second/027.gif	svn:mime-type	1e86d1bc52f24f75cdba3765b30e79519a49e5dc5c0d27605048b15591e07892	application/octet-stream
eStab_0.9/tags/ver0.9.09/4fach/design/second/028.gif	svn:mime-type	1e86d1bc52f24f75cdba3765b30e79519a49e5dc5c0d27605048b15591e07892	application/octet-stream
eStab_0.9/tags/ver0.9.09/4fach/design/second/028.jpg	svn:mime-type	1e86d1bc52f24f75cdba3765b30e79519a49e5dc5c0d27605048b15591e07892	application/octet-stream
eStab_0.9/tags/ver0.9.09/4fach/design/second/029.gif	svn:mime-type	1e86d1bc52f24f75cdba3765b30e79519a49e5dc5c0d27605048b15591e07892	application/octet-stream
eStab_0.9/tags/ver0.9.09/4fach/design/second/029.jpg	svn:mime-type	1e86d1bc52f24f75cdba3765b30e79519a49e5dc5c0d27605048b15591e07892	application/octet-stream
eStab_0.9/tags/ver0.9.09/4fach/design/second/030.jpg	svn:mime-type	1e86d1bc52f24f75cdba3765b30e79519a49e5dc5c0d27605048b15591e07892	application/octet-stream
eStab_0.9/tags/ver0.9.09/4fach/design/second/031.jpg	svn:mime-type	1e86d1bc52f24f75cdba3765b30e79519a49e5dc5c0d27605048b15591e07892	application/octet-stream
eStab_0.9/tags/ver0.9.09/4fach/design/second/032.jpg	svn:mime-type	1e86d1bc52f24f75cdba3765b30e79519a49e5dc5c0d27605048b15591e07892	application/octet-stream
eStab_0.9/tags/ver0.9.09/4fach/design/second/033.gif	svn:mime-type	1e86d1bc52f24f75cdba3765b30e79519a49e5dc5c0d27605048b15591e07892	application/octet-stream
eStab_0.9/tags/ver0.9.09/4fach/design/second/033.png	svn:mime-type	1e86d1bc52f24f75cdba3765b30e79519a49e5dc5c0d27605048b15591e07892	application/octet-stream
eStab_0.9/tags/ver0.9.09/4fach/design/second/034.gif	svn:mime-type	1e86d1bc52f24f75cdba3765b30e79519a49e5dc5c0d27605048b15591e07892	application/octet-stream
eStab_0.9/tags/ver0.9.09/4fach/design/second/035.png	svn:mime-type	1e86d1bc52f24f75cdba3765b30e79519a49e5dc5c0d27605048b15591e07892	application/octet-stream
eStab_0.9/tags/ver0.9.09/4fach/design/second/035a.png	svn:mime-type	1e86d1bc52f24f75cdba3765b30e79519a49e5dc5c0d27605048b15591e07892	application/octet-stream
eStab_0.9/tags/ver0.9.09/4fach/design/second/038.jpg	svn:mime-type	1e86d1bc52f24f75cdba3765b30e79519a49e5dc5c0d27605048b15591e07892	application/octet-stream
eStab_0.9/tags/ver0.9.09/4fach/design/second/040.jpg	svn:mime-type	1e86d1bc52f24f75cdba3765b30e79519a49e5dc5c0d27605048b15591e07892	application/octet-stream
eStab_0.9/tags/ver0.9.09/4fach/design/second/050.gif	svn:mime-type	1e86d1bc52f24f75cdba3765b30e79519a49e5dc5c0d27605048b15591e07892	application/octet-stream
eStab_0.9/tags/ver0.9.09/4fach/design/second/051.gif	svn:mime-type	1e86d1bc52f24f75cdba3765b30e79519a49e5dc5c0d27605048b15591e07892	application/octet-stream
eStab_0.9/tags/ver0.9.09/4fach/design/second/101.gif	svn:mime-type	1e86d1bc52f24f75cdba3765b30e79519a49e5dc5c0d27605048b15591e07892	application/octet-stream
eStab_0.9/tags/ver0.9.09/4fach/design/second/102.gif	svn:mime-type	1e86d1bc52f24f75cdba3765b30e79519a49e5dc5c0d27605048b15591e07892	application/octet-stream
eStab_0.9/tags/ver0.9.09/4fach/design/second/103.gif	svn:mime-type	1e86d1bc52f24f75cdba3765b30e79519a49e5dc5c0d27605048b15591e07892	application/octet-stream
eStab_0.9/tags/ver0.9.09/4fach/design/second/104.gif	svn:mime-type	1e86d1bc52f24f75cdba3765b30e79519a49e5dc5c0d27605048b15591e07892	application/octet-stream
eStab_0.9/tags/ver0.9.09/4fach/design/second/24-book-blue-check.png	svn:mime-type	1e86d1bc52f24f75cdba3765b30e79519a49e5dc5c0d27605048b15591e07892	application/octet-stream
eStab_0.9/tags/ver0.9.09/4fach/design/second/A025.png	svn:mime-type	1e86d1bc52f24f75cdba3765b30e79519a49e5dc5c0d27605048b15591e07892	application/octet-stream
eStab_0.9/tags/ver0.9.09/4fach/design/second/A026.png	svn:mime-type	1e86d1bc52f24f75cdba3765b30e79519a49e5dc5c0d27605048b15591e07892	application/octet-stream
eStab_0.9/tags/ver0.9.09/4fach/design/second/A027.png	svn:mime-type	1e86d1bc52f24f75cdba3765b30e79519a49e5dc5c0d27605048b15591e07892	application/octet-stream
eStab_0.9/tags/ver0.9.09/4fach/design/second/A028.gif	svn:mime-type	1e86d1bc52f24f75cdba3765b30e79519a49e5dc5c0d27605048b15591e07892	application/octet-stream
eStab_0.9/tags/ver0.9.09/4fach/design/second/Thumbs.db	svn:mime-type	1e86d1bc52f24f75cdba3765b30e79519a49e5dc5c0d27605048b15591e07892	application/octet-stream
eStab_0.9/tags/ver0.9.09/4fach/design/second/bl.png	svn:mime-type	1e86d1bc52f24f75cdba3765b30e79519a49e5dc5c0d27605048b15591e07892	application/octet-stream
eStab_0.9/tags/ver0.9.09/4fach/design/second/checked.gif	svn:mime-type	1e86d1bc52f24f75cdba3765b30e79519a49e5dc5c0d27605048b15591e07892	application/octet-stream
eStab_0.9/tags/ver0.9.09/4fach/design/second/gn.png	svn:mime-type	1e86d1bc52f24f75cdba3765b30e79519a49e5dc5c0d27605048b15591e07892	application/octet-stream
eStab_0.9/tags/ver0.9.09/4fach/design/second/info.gif	svn:mime-type	1e86d1bc52f24f75cdba3765b30e79519a49e5dc5c0d27605048b15591e07892	application/octet-stream
eStab_0.9/tags/ver0.9.09/4fach/design/second/move.gif	svn:mime-type	1e86d1bc52f24f75cdba3765b30e79519a49e5dc5c0d27605048b15591e07892	application/octet-stream
eStab_0.9/tags/ver0.9.09/4fach/design/second/null.gif	svn:mime-type	1e86d1bc52f24f75cdba3765b30e79519a49e5dc5c0d27605048b15591e07892	application/octet-stream
eStab_0.9/tags/ver0.9.09/4fach/design/second/null.jpg	svn:mime-type	1e86d1bc52f24f75cdba3765b30e79519a49e5dc5c0d27605048b15591e07892	application/octet-stream
eStab_0.9/tags/ver0.9.09/4fach/design/second/second.bs	svn:mime-type	1e86d1bc52f24f75cdba3765b30e79519a49e5dc5c0d27605048b15591e07892	application/octet-stream
eStab_0.9/tags/ver0.9.09/4fach/design/second/vor.gif	svn:mime-type	1e86d1bc52f24f75cdba3765b30e79519a49e5dc5c0d27605048b15591e07892	application/octet-stream
eStab_0.9/tags/ver0.9.09/4fach/design/simple/001.jpg	svn:mime-type	1e86d1bc52f24f75cdba3765b30e79519a49e5dc5c0d27605048b15591e07892	application/octet-stream
eStab_0.9/tags/ver0.9.09/4fach/design/simple/002.jpg	svn:mime-type	1e86d1bc52f24f75cdba3765b30e79519a49e5dc5c0d27605048b15591e07892	application/octet-stream
eStab_0.9/tags/ver0.9.09/4fach/design/simple/003.jpg	svn:mime-type	1e86d1bc52f24f75cdba3765b30e79519a49e5dc5c0d27605048b15591e07892	application/octet-stream
eStab_0.9/tags/ver0.9.09/4fach/design/simple/004.jpg	svn:mime-type	1e86d1bc52f24f75cdba3765b30e79519a49e5dc5c0d27605048b15591e07892	application/octet-stream
eStab_0.9/tags/ver0.9.09/4fach/design/simple/004a.jpg	svn:mime-type	1e86d1bc52f24f75cdba3765b30e79519a49e5dc5c0d27605048b15591e07892	application/octet-stream
eStab_0.9/tags/ver0.9.09/4fach/design/simple/005.jpg	svn:mime-type	1e86d1bc52f24f75cdba3765b30e79519a49e5dc5c0d27605048b15591e07892	application/octet-stream
eStab_0.9/tags/ver0.9.09/4fach/design/simple/006.jpg	svn:mime-type	1e86d1bc52f24f75cdba3765b30e79519a49e5dc5c0d27605048b15591e07892	application/octet-stream
eStab_0.9/tags/ver0.9.09/4fach/design/simple/007.jpg	svn:mime-type	1e86d1bc52f24f75cdba3765b30e79519a49e5dc5c0d27605048b15591e07892	application/octet-stream
eStab_0.9/tags/ver0.9.09/4fach/design/simple/008.jpg	svn:mime-type	1e86d1bc52f24f75cdba3765b30e79519a49e5dc5c0d27605048b15591e07892	application/octet-stream
eStab_0.9/tags/ver0.9.09/4fach/design/simple/009.jpg	svn:mime-type	1e86d1bc52f24f75cdba3765b30e79519a49e5dc5c0d27605048b15591e07892	application/octet-stream
eStab_0.9/tags/ver0.9.09/4fach/design/simple/010.jpg	svn:mime-type	1e86d1bc52f24f75cdba3765b30e79519a49e5dc5c0d27605048b15591e07892	application/octet-stream
eStab_0.9/tags/ver0.9.09/4fach/design/simple/011.jpg	svn:mime-type	1e86d1bc52f24f75cdba3765b30e79519a49e5dc5c0d27605048b15591e07892	application/octet-stream
eStab_0.9/tags/ver0.9.09/4fach/design/simple/012.jpg	svn:mime-type	1e86d1bc52f24f75cdba3765b30e79519a49e5dc5c0d27605048b15591e07892	application/octet-stream
eStab_0.9/tags/ver0.9.09/4fach/design/simple/012a.jpg	svn:mime-type	1e86d1bc52f24f75cdba3765b30e79519a49e5dc5c0d27605048b15591e07892	application/octet-stream
eStab_0.9/tags/ver0.9.09/4fach/design/simple/012b.jpg	svn:mime-type	1e86d1bc52f24f75cdba3765b30e79519a49e5dc5c0d27605048b15591e07892	application/octet-stream
eStab_0.9/tags/ver0.9.09/4fach/design/simple/013.jpg	svn:mime-type	1e86d1bc52f24f75cdba3765b30e79519a49e5dc5c0d27605048b15591e07892	application/octet-stream
eStab_0.9/tags/ver0.9.09/4fach/design/simple/014.jpg	svn:mime-type	1e86d1bc52f24f75cdba3765b30e79519a49e5dc5c0d27605048b15591e07892	application/octet-stream
eStab_0.9/tags/ver0.9.09/4fach/design/simple/015.jpg	svn:mime-type	1e86d1bc52f24f75cdba3765b30e79519a49e5dc5c0d27605048b15591e07892	application/octet-stream
eStab_0.9/tags/ver0.9.09/4fach/design/simple/016.jpg	svn:mime-type	1e86d1bc52f24f75cdba3765b30e79519a49e5dc5c0d27605048b15591e07892	application/octet-stream
eStab_0.9/tags/ver0.9.09/4fach/design/simple/017.jpg	svn:mime-type	1e86d1bc52f24f75cdba3765b30e79519a49e5dc5c0d27605048b15591e07892	application/octet-stream
eStab_0.9/tags/ver0.9.09/4fach/design/simple/018.gif	svn:mime-type	1e86d1bc52f24f75cdba3765b30e79519a49e5dc5c0d27605048b15591e07892	application/octet-stream
eStab_0.9/tags/ver0.9.09/4fach/design/simple/019.gif	svn:mime-type	1e86d1bc52f24f75cdba3765b30e79519a49e5dc5c0d27605048b15591e07892	application/octet-stream
eStab_0.9/tags/ver0.9.09/4fach/design/simple/020.png	svn:mime-type	1e86d1bc52f24f75cdba3765b30e79519a49e5dc5c0d27605048b15591e07892	application/octet-stream
eStab_0.9/tags/ver0.9.09/4fach/design/simple/021.png	svn:mime-type	1e86d1bc52f24f75cdba3765b30e79519a49e5dc5c0d27605048b15591e07892	application/octet-stream
eStab_0.9/tags/ver0.9.09/4fach/design/simple/022.png	svn:mime-type	1e86d1bc52f24f75cdba3765b30e79519a49e5dc5c0d27605048b15591e07892	application/octet-stream
eStab_0.9/tags/ver0.9.09/4fach/design/simple/023.png	svn:mime-type	1e86d1bc52f24f75cdba3765b30e79519a49e5dc5c0d27605048b15591e07892	application/octet-stream
eStab_0.9/tags/ver0.9.09/4fach/design/simple/024.jpg	svn:mime-type	1e86d1bc52f24f75cdba3765b30e79519a49e5dc5c0d27605048b15591e07892	application/octet-stream
eStab_0.9/tags/ver0.9.09/4fach/design/simple/025.gif	svn:mime-type	1e86d1bc52f24f75cdba3765b30e79519a49e5dc5c0d27605048b15591e07892	application/octet-stream
eStab_0.9/tags/ver0.9.09/4fach/design/simple/026.gif	svn:mime-type	1e86d1bc52f24f75cdba3765b30e79519a49e5dc5c0d27605048b15591e07892	application/octet-stream
eStab_0.9/tags/ver0.9.09/4fach/design/simple/027.gif	svn:mime-type	1e86d1bc52f24f75cdba3765b30e79519a49e5dc5c0d27605048b15591e07892	application/octet-stream
eStab_0.9/tags/ver0.9.09/4fach/design/simple/028.gif	svn:mime-type	1e86d1bc52f24f75cdba3765b30e79519a49e5dc5c0d27605048b15591e07892	application/octet-stream
eStab_0.9/tags/ver0.9.09/4fach/design/simple/028.jpg	svn:mime-type	1e86d1bc52f24f75cdba3765b30e79519a49e5dc5c0d27605048b15591e07892	application/octet-stream
eStab_0.9/tags/ver0.9.09/4fach/design/simple/029.gif	svn:mime-type	1e86d1bc52f24f75cdba3765b30e79519a49e5dc5c0d27605048b15591e07892	application/octet-stream
eStab_0.9/tags/ver0.9.09/4fach/design/simple/029.jpg	svn:mime-type	1e86d1bc52f24f75cdba3765b30e79519a49e5dc5c0d27605048b15591e07892	application/octet-stream
eStab_0.9/tags/ver0.9.09/4fach/design/simple/030.jpg	svn:mime-type	1e86d1bc52f24f75cdba3765b30e79519a49e5dc5c0d27605048b15591e07892	application/octet-stream
eStab_0.9/tags/ver0.9.09/4fach/design/simple/031.JPG	svn:mime-type	1e86d1bc52f24f75cdba3765b30e79519a49e5dc5c0d27605048b15591e07892	application/octet-stream
eStab_0.9/tags/ver0.9.09/4fach/design/simple/035.jpg	svn:mime-type	1e86d1bc52f24f75cdba3765b30e79519a49e5dc5c0d27605048b15591e07892	application/octet-stream
eStab_0.9/tags/ver0.9.09/4fach/design/simple/040.jpg	svn:mime-type	1e86d1bc52f24f75cdba3765b30e79519a49e5dc5c0d27605048b15591e07892	application/octet-stream
eStab_0.9/tags/ver0.9.09/4fach/design/simple/050.gif	svn:mime-type	1e86d1bc52f24f75cdba3765b30e79519a49e5dc5c0d27605048b15591e07892	application/octet-stream
eStab_0.9/tags/ver0.9.09/4fach/design/simple/051.gif	svn:mime-type	1e86d1bc52f24f75cdba3765b30e79519a49e5dc5c0d27605048b15591e07892	application/octet-stream
eStab_0.9/tags/ver0.9.09/4fach/design/simple/A025.png	svn:mime-type	1e86d1bc52f24f75cdba3765b30e79519a49e5dc5c0d27605048b15591e07892	application/octet-stream
eStab_0.9/tags/ver0.9.09/4fach/design/simple/A026.png	svn:mime-type	1e86d1bc52f24f75cdba3765b30e79519a49e5dc5c0d27605048b15591e07892	application/octet-stream
eStab_0.9/tags/ver0.9.09/4fach/design/simple/A027.png	svn:mime-type	1e86d1bc52f24f75cdba3765b30e79519a49e5dc5c0d27605048b15591e07892	application/octet-stream
eStab_0.9/tags/ver0.9.09/4fach/design/simple/A028.gif	svn:mime-type	1e86d1bc52f24f75cdba3765b30e79519a49e5dc5c0d27605048b15591e07892	application/octet-stream
eStab_0.9/tags/ver0.9.09/4fach/design/simple/bl.png	svn:mime-type	1e86d1bc52f24f75cdba3765b30e79519a49e5dc5c0d27605048b15591e07892	application/octet-stream
eStab_0.9/tags/ver0.9.09/4fach/design/simple/gn.png	svn:mime-type	1e86d1bc52f24f75cdba3765b30e79519a49e5dc5c0d27605048b15591e07892	application/octet-stream
eStab_0.9/tags/ver0.9.09/4fach/design/simple/info.gif	svn:mime-type	1e86d1bc52f24f75cdba3765b30e79519a49e5dc5c0d27605048b15591e07892	application/octet-stream
eStab_0.9/tags/ver0.9.09/4fach/design/simple/move.gif	svn:mime-type	1e86d1bc52f24f75cdba3765b30e79519a49e5dc5c0d27605048b15591e07892	application/octet-stream
eStab_0.9/tags/ver0.9.09/4fach/design/simple/notify.wav	svn:mime-type	1e86d1bc52f24f75cdba3765b30e79519a49e5dc5c0d27605048b15591e07892	application/octet-stream
eStab_0.9/tags/ver0.9.09/4fach/design/simple/null.gif	svn:mime-type	1e86d1bc52f24f75cdba3765b30e79519a49e5dc5c0d27605048b15591e07892	application/octet-stream
eStab_0.9/tags/ver0.9.09/4fach/design/simple/null.jpg	svn:mime-type	1e86d1bc52f24f75cdba3765b30e79519a49e5dc5c0d27605048b15591e07892	application/octet-stream
eStab_0.9/tags/ver0.9.09/4fach/design/simple/simple.bs	svn:mime-type	1e86d1bc52f24f75cdba3765b30e79519a49e5dc5c0d27605048b15591e07892	application/octet-stream
eStab_0.9/tags/ver0.9.09/4fach/design/simple/vor.gif	svn:mime-type	1e86d1bc52f24f75cdba3765b30e79519a49e5dc5c0d27605048b15591e07892	application/octet-stream
eStab_0.9/tags/ver0.9.09/4fach/null.gif	svn:mime-type	1e86d1bc52f24f75cdba3765b30e79519a49e5dc5c0d27605048b15591e07892	application/octet-stream
eStab_0.9/tags/ver0.9.09/4fach/null.jpg	svn:mime-type	1e86d1bc52f24f75cdba3765b30e79519a49e5dc5c0d27605048b15591e07892	application/octet-stream
eStab_0.9/tags/ver0.9.09/bak/fonts/Activa.ttf	svn:mime-type	1e86d1bc52f24f75cdba3765b30e79519a49e5dc5c0d27605048b15591e07892	application/octet-stream
eStab_0.9/tags/ver0.9.09/bak/fonts/Alpha Beta BRK.ttf	svn:mime-type	1e86d1bc52f24f75cdba3765b30e79519a49e5dc5c0d27605048b15591e07892	application/octet-stream
eStab_0.9/tags/ver0.9.09/bak/fonts/Alpha Romanie G98.ttf	svn:mime-type	1e86d1bc52f24f75cdba3765b30e79519a49e5dc5c0d27605048b15591e07892	application/octet-stream
eStab_0.9/tags/ver0.9.09/bak/fonts/Garrison Cond. Sans BOLD.ttf	svn:mime-type	1e86d1bc52f24f75cdba3765b30e79519a49e5dc5c0d27605048b15591e07892	application/octet-stream
eStab_0.9/tags/ver0.9.09/bak/fonts/Garrison Cond. Sans.ttf	svn:mime-type	1e86d1bc52f24f75cdba3765b30e79519a49e5dc5c0d27605048b15591e07892	application/octet-stream
eStab_0.9/tags/ver0.9.09/bak/fonts/Garrison ExtraBold Sans BOLD.ttf	svn:mime-type	1e86d1bc52f24f75cdba3765b30e79519a49e5dc5c0d27605048b15591e07892	application/octet-stream
eStab_0.9/tags/ver0.9.09/bak/fonts/Garrison ExtraCond. Sans.ttf	svn:mime-type	1e86d1bc52f24f75cdba3765b30e79519a49e5dc5c0d27605048b15591e07892	application/octet-stream
eStab_0.9/tags/ver0.9.09/bak/fonts/Garrison Light Sans BOLD.ttf	svn:mime-type	1e86d1bc52f24f75cdba3765b30e79519a49e5dc5c0d27605048b15591e07892	application/octet-stream
eStab_0.9/tags/ver0.9.09/bak/fonts/Garrison Light Sans BOLDITALIC.ttf	svn:mime-type	1e86d1bc52f24f75cdba3765b30e79519a49e5dc5c0d27605048b15591e07892	application/octet-stream
eStab_0.9/tags/ver0.9.09/bak/fonts/Garrison Light Sans ITALIC.ttf	svn:mime-type	1e86d1bc52f24f75cdba3765b30e79519a49e5dc5c0d27605048b15591e07892	application/octet-stream
eStab_0.9/tags/ver0.9.09/bak/fonts/Garrison Light Sans.ttf	svn:mime-type	1e86d1bc52f24f75cdba3765b30e79519a49e5dc5c0d27605048b15591e07892	application/octet-stream
eStab_0.9/tags/ver0.9.09/bak/fonts/Garrison Sans BOLD.ttf	svn:mime-type	1e86d1bc52f24f75cdba3765b30e79519a49e5dc5c0d27605048b15591e07892	application/octet-stream
eStab_0.9/tags/ver0.9.09/bak/fonts/Garrison Sans BOLDITALIC.ttf	svn:mime-type	1e86d1bc52f24f75cdba3765b30e79519a49e5dc5c0d27605048b15591e07892	application/octet-stream
eStab_0.9/tags/ver0.9.09/bak/fonts/Garrison Sans ITALIC.ttf	svn:mime-type	1e86d1bc52f24f75cdba3765b30e79519a49e5dc5c0d27605048b15591e07892	application/octet-stream
eStab_0.9/tags/ver0.9.09/bak/fonts/Garrison Sans.ttf	svn:mime-type	1e86d1bc52f24f75cdba3765b30e79519a49e5dc5c0d27605048b15591e07892	application/octet-stream
eStab_0.9/tags/ver0.9.09/bak/fonts/georgia.ttf	svn:mime-type	1e86d1bc52f24f75cdba3765b30e79519a49e5dc5c0d27605048b15591e07892	application/octet-stream
eStab_0.9/tags/ver0.9.09/bak/fonts/georgiab.ttf	svn:mime-type	1e86d1bc52f24f75cdba3765b30e79519a49e5dc5c0d27605048b15591e07892	application/octet-stream
eStab_0.9/tags/ver0.9.09/bak/fonts/georgiai.ttf	svn:mime-type	1e86d1bc52f24f75cdba3765b30e79519a49e5dc5c0d27605048b15591e07892	application/octet-stream
eStab_0.9/tags/ver0.9.09/bak/fonts/georgiaz.ttf	svn:mime-type	1e86d1bc52f24f75cdba3765b30e79519a49e5dc5c0d27605048b15591e07892	application/octet-stream
eStab_0.9/tags/ver0.9.09/etb/Thumbs.db	svn:mime-type	1e86d1bc52f24f75cdba3765b30e79519a49e5dc5c0d27605048b15591e07892	application/octet-stream
eStab_0.9/tags/ver0.9.09/etb/null.gif	svn:mime-type	1e86d1bc52f24f75cdba3765b30e79519a49e5dc5c0d27605048b15591e07892	application/octet-stream
eStab_0.9/tags/ver0.9.09/etb/null.jpg	svn:mime-type	1e86d1bc52f24f75cdba3765b30e79519a49e5dc5c0d27605048b15591e07892	application/octet-stream
eStab_0.9/tags/ver0.9.09/info/ELStab.jpg	svn:mime-type	1e86d1bc52f24f75cdba3765b30e79519a49e5dc5c0d27605048b15591e07892	application/octet-stream
eStab_0.9/tags/ver0.9.09/info/Warendorf L4112 Kartendatum ED50.png	svn:mime-type	1e86d1bc52f24f75cdba3765b30e79519a49e5dc5c0d27605048b15591e07892	application/octet-stream
eStab_0.9/tags/ver0.9.09/info/Warendorf L4112 Kartendatum WGS84.png	svn:mime-type	1e86d1bc52f24f75cdba3765b30e79519a49e5dc5c0d27605048b15591e07892	application/octet-stream
eStab_0.9/tags/ver0.9.09/symbole/4fach_aktiv.png	svn:mime-type	1e86d1bc52f24f75cdba3765b30e79519a49e5dc5c0d27605048b15591e07892	application/octet-stream
eStab_0.9/tags/ver0.9.09/symbole/4fach_inaktiv.png	svn:mime-type	1e86d1bc52f24f75cdba3765b30e79519a49e5dc5c0d27605048b15591e07892	application/octet-stream
eStab_0.9/tags/ver0.9.09/symbole/IuK.bmp	svn:mime-type	1e86d1bc52f24f75cdba3765b30e79519a49e5dc5c0d27605048b15591e07892	application/octet-stream
eStab_0.9/tags/ver0.9.09/symbole/Thumbs.db	svn:mime-type	1e86d1bc52f24f75cdba3765b30e79519a49e5dc5c0d27605048b15591e07892	application/octet-stream
eStab_0.9/tags/ver0.9.09/symbole/abc_aktiv.png	svn:mime-type	1e86d1bc52f24f75cdba3765b30e79519a49e5dc5c0d27605048b15591e07892	application/octet-stream
eStab_0.9/tags/ver0.9.09/symbole/abc_inaktiv.png	svn:mime-type	1e86d1bc52f24f75cdba3765b30e79519a49e5dc5c0d27605048b15591e07892	application/octet-stream
eStab_0.9/tags/ver0.9.09/symbole/achtung.gif	svn:mime-type	1e86d1bc52f24f75cdba3765b30e79519a49e5dc5c0d27605048b15591e07892	application/octet-stream
eStab_0.9/tags/ver0.9.09/symbole/achtung01.gif	svn:mime-type	1e86d1bc52f24f75cdba3765b30e79519a49e5dc5c0d27605048b15591e07892	application/octet-stream
eStab_0.9/tags/ver0.9.09/symbole/adm_aktiv.png	svn:mime-type	1e86d1bc52f24f75cdba3765b30e79519a49e5dc5c0d27605048b15591e07892	application/octet-stream
eStab_0.9/tags/ver0.9.09/symbole/adm_inaktiv.png	svn:mime-type	1e86d1bc52f24f75cdba3765b30e79519a49e5dc5c0d27605048b15591e07892	application/octet-stream
eStab_0.9/tags/ver0.9.09/symbole/bhp_aktiv.png	svn:mime-type	1e86d1bc52f24f75cdba3765b30e79519a49e5dc5c0d27605048b15591e07892	application/octet-stream
eStab_0.9/tags/ver0.9.09/symbole/bhp_inaktiv.png	svn:mime-type	1e86d1bc52f24f75cdba3765b30e79519a49e5dc5c0d27605048b15591e07892	application/octet-stream
eStab_0.9/tags/ver0.9.09/symbole/br.jpg	svn:mime-type	1e86d1bc52f24f75cdba3765b30e79519a49e5dc5c0d27605048b15591e07892	application/octet-stream
eStab_0.9/tags/ver0.9.09/symbole/db_aktiv.png	svn:mime-type	1e86d1bc52f24f75cdba3765b30e79519a49e5dc5c0d27605048b15591e07892	application/octet-stream
eStab_0.9/tags/ver0.9.09/symbole/db_inaktiv.png	svn:mime-type	1e86d1bc52f24f75cdba3765b30e79519a49e5dc5c0d27605048b15591e07892	application/octet-stream
eStab_0.9/tags/ver0.9.09/symbole/el80.gif	svn:mime-type	1e86d1bc52f24f75cdba3765b30e79519a49e5dc5c0d27605048b15591e07892	application/octet-stream
eStab_0.9/tags/ver0.9.09/symbole/el80.jpg	svn:mime-type	1e86d1bc52f24f75cdba3765b30e79519a49e5dc5c0d27605048b15591e07892	application/octet-stream
eStab_0.9/tags/ver0.9.09/symbole/el8001.jpg	svn:mime-type	1e86d1bc52f24f75cdba3765b30e79519a49e5dc5c0d27605048b15591e07892	application/octet-stream
eStab_0.9/tags/ver0.9.09/symbole/etb_aktiv.png	svn:mime-type	1e86d1bc52f24f75cdba3765b30e79519a49e5dc5c0d27605048b15591e07892	application/octet-stream
eStab_0.9/tags/ver0.9.09/symbole/etb_inaktiv.png	svn:mime-type	1e86d1bc52f24f75cdba3765b30e79519a49e5dc5c0d27605048b15591e07892	application/octet-stream
eStab_0.9/tags/ver0.9.09/symbole/greenlight.gif	svn:mime-type	1e86d1bc52f24f75cdba3765b30e79519a49e5dc5c0d27605048b15591e07892	application/octet-stream
eStab_0.9/tags/ver0.9.09/symbole/iuk_80.jpg	svn:mime-type	1e86d1bc52f24f75cdba3765b30e79519a49e5dc5c0d27605048b15591e07892	application/octet-stream
eStab_0.9/tags/ver0.9.09/symbole/iuk_hs80.jpg	svn:mime-type	1e86d1bc52f24f75cdba3765b30e79519a49e5dc5c0d27605048b15591e07892	application/octet-stream
eStab_0.9/tags/ver0.9.09/symbole/kh_aktiv.jpg	svn:mime-type	1e86d1bc52f24f75cdba3765b30e79519a49e5dc5c0d27605048b15591e07892	application/octet-stream
eStab_0.9/tags/ver0.9.09/symbole/kh_inaktiv.jpg	svn:mime-type	1e86d1bc52f24f75cdba3765b30e79519a49e5dc5c0d27605048b15591e07892	application/octet-stream
eStab_0.9/tags/ver0.9.09/symbole/merke.gif	svn:mime-type	1e86d1bc52f24f75cdba3765b30e79519a49e5dc5c0d27605048b15591e07892	application/octet-stream
eStab_0.9/tags/ver0.9.09/symbole/merke.jpg	svn:mime-type	1e86d1bc52f24f75cdba3765b30e79519a49e5dc5c0d27605048b15591e07892	application/octet-stream
eStab_0.9/tags/ver0.9.09/symbole/null.gif	svn:mime-type	1e86d1bc52f24f75cdba3765b30e79519a49e5dc5c0d27605048b15591e07892	application/octet-stream
eStab_0.9/tags/ver0.9.09/symbole/null.jpg	svn:mime-type	1e86d1bc52f24f75cdba3765b30e79519a49e5dc5c0d27605048b15591e07892	application/octet-stream
eStab_0.9/tags/ver0.9.09/symbole/nw.png	svn:mime-type	1e86d1bc52f24f75cdba3765b30e79519a49e5dc5c0d27605048b15591e07892	application/octet-stream
eStab_0.9/tags/ver0.9.09/symbole/nwa_aktiv.png	svn:mime-type	1e86d1bc52f24f75cdba3765b30e79519a49e5dc5c0d27605048b15591e07892	application/octet-stream
eStab_0.9/tags/ver0.9.09/symbole/nwe_aktiv.png	svn:mime-type	1e86d1bc52f24f75cdba3765b30e79519a49e5dc5c0d27605048b15591e07892	application/octet-stream
eStab_0.9/tags/ver0.9.09/symbole/nwea_aktiv.png	svn:mime-type	1e86d1bc52f24f75cdba3765b30e79519a49e5dc5c0d27605048b15591e07892	application/octet-stream
eStab_0.9/tags/ver0.9.09/symbole/nwea_inaktiv.png	svn:mime-type	1e86d1bc52f24f75cdba3765b30e79519a49e5dc5c0d27605048b15591e07892	application/octet-stream
eStab_0.9/tags/ver0.9.09/symbole/redlight.gif	svn:mime-type	1e86d1bc52f24f75cdba3765b30e79519a49e5dc5c0d27605048b15591e07892	application/octet-stream
eStab_0.9/tags/ver0.9.09/symbole/tbb_aktiv.png	svn:mime-type	1e86d1bc52f24f75cdba3765b30e79519a49e5dc5c0d27605048b15591e07892	application/octet-stream
eStab_0.9/tags/ver0.9.09/symbole/tbb_inaktiv.png	svn:mime-type	1e86d1bc52f24f75cdba3765b30e79519a49e5dc5c0d27605048b15591e07892	application/octet-stream
eStab_0.9/tags/ver0.9.09/symbole/vorsicht.gif	svn:mime-type	1e86d1bc52f24f75cdba3765b30e79519a49e5dc5c0d27605048b15591e07892	application/octet-stream
eStab_0.9/tags/ver0.9.09/symbole/yellowlight.gif	svn:mime-type	1e86d1bc52f24f75cdba3765b30e79519a49e5dc5c0d27605048b15591e07892	application/octet-stream
eStab_0.9/tags/ver0.9.10/4fach/design/HL0001/001.jpg	svn:mime-type	1e86d1bc52f24f75cdba3765b30e79519a49e5dc5c0d27605048b15591e07892	application/octet-stream
eStab_0.9/tags/ver0.9.10/4fach/design/HL0001/002.jpg	svn:mime-type	1e86d1bc52f24f75cdba3765b30e79519a49e5dc5c0d27605048b15591e07892	application/octet-stream
eStab_0.9/tags/ver0.9.10/4fach/design/HL0001/003.jpg	svn:mime-type	1e86d1bc52f24f75cdba3765b30e79519a49e5dc5c0d27605048b15591e07892	application/octet-stream
eStab_0.9/tags/ver0.9.10/4fach/design/HL0001/004.jpg	svn:mime-type	1e86d1bc52f24f75cdba3765b30e79519a49e5dc5c0d27605048b15591e07892	application/octet-stream
eStab_0.9/tags/ver0.9.10/4fach/design/HL0001/005.jpg	svn:mime-type	1e86d1bc52f24f75cdba3765b30e79519a49e5dc5c0d27605048b15591e07892	application/octet-stream
eStab_0.9/tags/ver0.9.10/4fach/design/HL0001/006.jpg	svn:mime-type	1e86d1bc52f24f75cdba3765b30e79519a49e5dc5c0d27605048b15591e07892	application/octet-stream
eStab_0.9/tags/ver0.9.10/4fach/design/HL0001/007.jpg	svn:mime-type	1e86d1bc52f24f75cdba3765b30e79519a49e5dc5c0d27605048b15591e07892	application/octet-stream
eStab_0.9/tags/ver0.9.10/4fach/design/HL0001/008.jpg	svn:mime-type	1e86d1bc52f24f75cdba3765b30e79519a49e5dc5c0d27605048b15591e07892	application/octet-stream
eStab_0.9/tags/ver0.9.10/4fach/design/HL0001/009.jpg	svn:mime-type	1e86d1bc52f24f75cdba3765b30e79519a49e5dc5c0d27605048b15591e07892	application/octet-stream
eStab_0.9/tags/ver0.9.10/4fach/design/HL0001/010.jpg	svn:mime-type	1e86d1bc52f24f75cdba3765b30e79519a49e5dc5c0d27605048b15591e07892	application/octet-stream
eStab_0.9/tags/ver0.9.10/4fach/design/HL0001/011.jpg	svn:mime-type	1e86d1bc52f24f75cdba3765b30e79519a49e5dc5c0d27605048b15591e07892	application/octet-stream
eStab_0.9/tags/ver0.9.10/4fach/design/HL0001/013.jpg	svn:mime-type	1e86d1bc52f24f75cdba3765b30e79519a49e5dc5c0d27605048b15591e07892	application/octet-stream
eStab_0.9/tags/ver0.9.10/4fach/design/HL0001/014.jpg	svn:mime-type	1e86d1bc52f24f75cdba3765b30e79519a49e5dc5c0d27605048b15591e07892	application/octet-stream
eStab_0.9/tags/ver0.9.10/4fach/design/HL0001/016.jpg	svn:mime-type	1e86d1bc52f24f75cdba3765b30e79519a49e5dc5c0d27605048b15591e07892	application/octet-stream
eStab_0.9/tags/ver0.9.10/4fach/design/HL0001/017.jpg	svn:mime-type	1e86d1bc52f24f75cdba3765b30e79519a49e5dc5c0d27605048b15591e07892	application/octet-stream
eStab_0.9/tags/ver0.9.10/4fach/design/HL0001/018.gif	svn:mime-type	1e86d1bc52f24f75cdba3765b30e79519a49e5dc5c0d27605048b15591e07892	application/octet-stream
eStab_0.9/tags/ver0.9.10/4fach/design/HL0001/020.gif	svn:mime-type	1e86d1bc52f24f75cdba3765b30e79519a49e5dc5c0d27605048b15591e07892	application/octet-stream
eStab_0.9/tags/ver0.9.10/4fach/design/HL0001/021.gif	svn:mime-type	1e86d1bc52f24f75cdba3765b30e79519a49e5dc5c0d27605048b15591e07892	application/octet-stream
eStab_0.9/tags/ver0.9.10/4fach/design/HL0001/022.gif	svn:mime-type	1e86d1bc52f24f75cdba3765b30e79519a49e5dc5c0d27605048b15591e07892	application/octet-stream
eStab_0.9/tags/ver0.9.10/4fach/design/HL0001/Buttonvorlage.bs	svn:mime-type	1e86d1bc52f24f75cdba3765b30e79519a49e5dc5c0d27605048b15591e07892	application/octet-stream
eStab_0.9/tags/ver0.9.10/4fach/design/HL0001/Buttonvorlage_gruen.bs	svn:mime-type	1e86d1bc52f24f75cdba3765b30e79519a49e5dc5c0d27605048b15591e07892	application/octet-stream
eStab_0.9/tags/ver0.9.10/4fach/design/HL0001/Buttonvorlage_hellblau.bs	svn:mime-type	1e86d1bc52f24f75cdba3765b30e79519a49e5dc5c0d27605048b15591e07892	application/octet-stream
eStab_0.9/tags/ver0.9.10/4fach/design/HL0001/Buttonvorlage_rot.bs	svn:mime-type	1e86d1bc52f24f75cdba3765b30e79519a49e5dc5c0d27605048b15591e07892	application/octet-stream
eStab_0.9/tags/ver0.9.10/4fach/design/HL0001/Kopie von abmelden.jpg	svn:mime-type	1e86d1bc52f24f75cdba3765b30e79519a49e5dc5c0d27605048b15591e07892	application/octet-stream
eStab_0.9/tags/ver0.9.10/4fach/design/HL0001/Thumbs.db	svn:mime-type	1e86d1bc52f24f75cdba3765b30e79519a49e5dc5c0d27605048b15591e07892	application/octet-stream
eStab_0.9/tags/ver0.9.10/4fach/design/HL0001/d_hoch01.gif	svn:mime-type	1e86d1bc52f24f75cdba3765b30e79519a49e5dc5c0d27605048b15591e07892	application/octet-stream
eStab_0.9/tags/ver0.9.10/4fach/design/HL0001/greenlight.gif	svn:mime-type	1e86d1bc52f24f75cdba3765b30e79519a49e5dc5c0d27605048b15591e07892	application/octet-stream
eStab_0.9/tags/ver0.9.10/4fach/design/HL0001/hochladen.JPG	svn:mime-type	1e86d1bc52f24f75cdba3765b30e79519a49e5dc5c0d27605048b15591e07892	application/octet-stream
eStab_0.9/tags/ver0.9.10/4fach/design/HL0001/n_sichten.jpg	svn:mime-type	1e86d1bc52f24f75cdba3765b30e79519a49e5dc5c0d27605048b15591e07892	application/octet-stream
eStab_0.9/tags/ver0.9.10/4fach/design/HL0001/null.gif	svn:mime-type	1e86d1bc52f24f75cdba3765b30e79519a49e5dc5c0d27605048b15591e07892	application/octet-stream
eStab_0.9/tags/ver0.9.10/4fach/design/HL0001/null.jpg	svn:mime-type	1e86d1bc52f24f75cdba3765b30e79519a49e5dc5c0d27605048b15591e07892	application/octet-stream
eStab_0.9/tags/ver0.9.10/4fach/design/HL0001/redlight.gif	svn:mime-type	1e86d1bc52f24f75cdba3765b30e79519a49e5dc5c0d27605048b15591e07892	application/octet-stream
eStab_0.9/tags/ver0.9.10/4fach/design/HL0001/yellowlight.gif	svn:mime-type	1e86d1bc52f24f75cdba3765b30e79519a49e5dc5c0d27605048b15591e07892	application/octet-stream
eStab_0.9/tags/ver0.9.10/4fach/design/Symboldesigne.odt	svn:mime-type	1e86d1bc52f24f75cdba3765b30e79519a49e5dc5c0d27605048b15591e07892	application/octet-stream
eStab_0.9/tags/ver0.9.10/4fach/design/Thumbs.db	svn:mime-type	1e86d1bc52f24f75cdba3765b30e79519a49e5dc5c0d27605048b15591e07892	application/octet-stream
eStab_0.9/tags/ver0.9.10/4fach/design/second/000.gif	svn:mime-type	1e86d1bc52f24f75cdba3765b30e79519a49e5dc5c0d27605048b15591e07892	application/octet-stream
eStab_0.9/tags/ver0.9.10/4fach/design/second/001.jpg	svn:mime-type	1e86d1bc52f24f75cdba3765b30e79519a49e5dc5c0d27605048b15591e07892	application/octet-stream
eStab_0.9/tags/ver0.9.10/4fach/design/second/002.jpg	svn:mime-type	1e86d1bc52f24f75cdba3765b30e79519a49e5dc5c0d27605048b15591e07892	application/octet-stream
eStab_0.9/tags/ver0.9.10/4fach/design/second/003.jpg	svn:mime-type	1e86d1bc52f24f75cdba3765b30e79519a49e5dc5c0d27605048b15591e07892	application/octet-stream
eStab_0.9/tags/ver0.9.10/4fach/design/second/004.jpg	svn:mime-type	1e86d1bc52f24f75cdba3765b30e79519a49e5dc5c0d27605048b15591e07892	application/octet-stream
eStab_0.9/tags/ver0.9.10/4fach/design/second/004a.jpg	svn:mime-type	1e86d1bc52f24f75cdba3765b30e79519a49e5dc5c0d27605048b15591e07892	application/octet-stream
eStab_0.9/tags/ver0.9.10/4fach/design/second/005.jpg	svn:mime-type	1e86d1bc52f24f75cdba3765b30e79519a49e5dc5c0d27605048b15591e07892	application/octet-stream
eStab_0.9/tags/ver0.9.10/4fach/design/second/006.jpg	svn:mime-type	1e86d1bc52f24f75cdba3765b30e79519a49e5dc5c0d27605048b15591e07892	application/octet-stream
eStab_0.9/tags/ver0.9.10/4fach/design/second/007.jpg	svn:mime-type	1e86d1bc52f24f75cdba3765b30e79519a49e5dc5c0d27605048b15591e07892	application/octet-stream
eStab_0.9/tags/ver0.9.10/4fach/design/second/008.jpg	svn:mime-type	1e86d1bc52f24f75cdba3765b30e79519a49e5dc5c0d27605048b15591e07892	application/octet-stream
eStab_0.9/tags/ver0.9.10/4fach/design/second/009.jpg	svn:mime-type	1e86d1bc52f24f75cdba3765b30e79519a49e5dc5c0d27605048b15591e07892	application/octet-stream
eStab_0.9/tags/ver0.9.10/4fach/design/second/010.jpg	svn:mime-type	1e86d1bc52f24f75cdba3765b30e79519a49e5dc5c0d27605048b15591e07892	application/octet-stream
eStab_0.9/tags/ver0.9.10/4fach/design/second/011.jpg	svn:mime-type	1e86d1bc52f24f75cdba3765b30e79519a49e5dc5c0d27605048b15591e07892	application/octet-stream
eStab_0.9/tags/ver0.9.10/4fach/design/second/012.jpg	svn:mime-type	1e86d1bc52f24f75cdba3765b30e79519a49e5dc5c0d27605048b15591e07892	application/octet-stream
eStab_0.9/tags/ver0.9.10/4fach/design/second/012a.jpg	svn:mime-type	1e86d1bc52f24f75cdba3765b30e79519a49e5dc5c0d27605048b15591e07892	application/octet-stream
eStab_0.9/tags/ver0.9.10/4fach/design/second/012b.jpg	svn:mime-type	1e86d1bc52f24f75cdba3765b30e79519a49e5dc5c0d27605048b15591e07892	application/octet-stream
eStab_0.9/tags/ver0.9.10/4fach/design/second/013.jpg	svn:mime-type	1e86d1bc52f24f75cdba3765b30e79519a49e5dc5c0d27605048b15591e07892	application/octet-stream
eStab_0.9/tags/ver0.9.10/4fach/design/second/014.jpg	svn:mime-type	1e86d1bc52f24f75cdba3765b30e79519a49e5dc5c0d27605048b15591e07892	application/octet-stream
eStab_0.9/tags/ver0.9.10/4fach/design/second/015.jpg	svn:mime-type	1e86d1bc52f24f75cdba3765b30e79519a49e5dc5c0d27605048b15591e07892	application/octet-stream
eStab_0.9/tags/ver0.9.10/4fach/design/second/016.jpg	svn:mime-type	1e86d1bc52f24f75cdba3765b30e79519a49e5dc5c0d27605048b15591e07892	application/octet-stream
eStab_0.9/tags/ver0.9.10/4fach/design/second/017.jpg	svn:mime-type	1e86d1bc52f24f75cdba3765b30e79519a49e5dc5c0d27605048b15591e07892	application/octet-stream
eStab_0.9/tags/ver0.9.10/4fach/design/second/018.gif	svn:mime-type	1e86d1bc52f24f75cdba3765b30e79519a49e5dc5c0d27605048b15591e07892	application/octet-stream
eStab_0.9/tags/ver0.9.10/4fach/design/second/019.gif	svn:mime-type	1e86d1bc52f24f75cdba3765b30e79519a49e5dc5c0d27605048b15591e07892	application/octet-stream
eStab_0.9/tags/ver0.9.10/4fach/design/second/020.png	svn:mime-type	1e86d1bc52f24f75cdba3765b30e79519a49e5dc5c0d27605048b15591e07892	application/octet-stream
eStab_0.9/tags/ver0.9.10/4fach/design/second/021.png	svn:mime-type	1e86d1bc52f24f75cdba3765b30e79519a49e5dc5c0d27605048b15591e07892	application/octet-stream
eStab_0.9/tags/ver0.9.10/4fach/design/second/022.png	svn:mime-type	1e86d1bc52f24f75cdba3765b30e79519a49e5dc5c0d27605048b15591e07892	application/octet-stream
eStab_0.9/tags/ver0.9.10/4fach/design/second/023.png	svn:mime-type	1e86d1bc52f24f75cdba3765b30e79519a49e5dc5c0d27605048b15591e07892	application/octet-stream
eStab_0.9/tags/ver0.9.10/4fach/design/second/024.jpg	svn:mime-type	1e86d1bc52f24f75cdba3765b30e79519a49e5dc5c0d27605048b15591e07892	application/octet-stream
eStab_0.9/tags/ver0.9.10/4fach/design/second/025.gif	svn:mime-type	1e86d1bc52f24f75cdba3765b30e79519a49e5dc5c0d27605048b15591e07892	application/octet-stream
eStab_0.9/tags/ver0.9.10/4fach/design/second/026.gif	svn:mime-type	1e86d1bc52f24f75cdba3765b30e79519a49e5dc5c0d27605048b15591e07892	application/octet-stream
eStab_0.9/tags/ver0.9.10/4fach/design/second/027.gif	svn:mime-type	1e86d1bc52f24f75cdba3765b30e79519a49e5dc5c0d27605048b15591e07892	application/octet-stream
eStab_0.9/tags/ver0.9.10/4fach/design/second/028.gif	svn:mime-type	1e86d1bc52f24f75cdba3765b30e79519a49e5dc5c0d27605048b15591e07892	application/octet-stream
eStab_0.9/tags/ver0.9.10/4fach/design/second/028.jpg	svn:mime-type	1e86d1bc52f24f75cdba3765b30e79519a49e5dc5c0d27605048b15591e07892	application/octet-stream
eStab_0.9/tags/ver0.9.10/4fach/design/second/029.gif	svn:mime-type	1e86d1bc52f24f75cdba3765b30e79519a49e5dc5c0d27605048b15591e07892	application/octet-stream
eStab_0.9/tags/ver0.9.10/4fach/design/second/029.jpg	svn:mime-type	1e86d1bc52f24f75cdba3765b30e79519a49e5dc5c0d27605048b15591e07892	application/octet-stream
eStab_0.9/tags/ver0.9.10/4fach/design/second/030.jpg	svn:mime-type	1e86d1bc52f24f75cdba3765b30e79519a49e5dc5c0d27605048b15591e07892	application/octet-stream
eStab_0.9/tags/ver0.9.10/4fach/design/second/031.jpg	svn:mime-type	1e86d1bc52f24f75cdba3765b30e79519a49e5dc5c0d27605048b15591e07892	application/octet-stream
eStab_0.9/tags/ver0.9.10/4fach/design/second/032.jpg	svn:mime-type	1e86d1bc52f24f75cdba3765b30e79519a49e5dc5c0d27605048b15591e07892	application/octet-stream
eStab_0.9/tags/ver0.9.10/4fach/design/second/033.gif	svn:mime-type	1e86d1bc52f24f75cdba3765b30e79519a49e5dc5c0d27605048b15591e07892	application/octet-stream
eStab_0.9/tags/ver0.9.10/4fach/design/second/033.png	svn:mime-type	1e86d1bc52f24f75cdba3765b30e79519a49e5dc5c0d27605048b15591e07892	application/octet-stream
eStab_0.9/tags/ver0.9.10/4fach/design/second/034.gif	svn:mime-type	1e86d1bc52f24f75cdba3765b30e79519a49e5dc5c0d27605048b15591e07892	application/octet-stream
eStab_0.9/tags/ver0.9.10/4fach/design/second/035.png	svn:mime-type	1e86d1bc52f24f75cdba3765b30e79519a49e5dc5c0d27605048b15591e07892	application/octet-stream
eStab_0.9/tags/ver0.9.10/4fach/design/second/035a.png	svn:mime-type	1e86d1bc52f24f75cdba3765b30e79519a49e5dc5c0d27605048b15591e07892	application/octet-stream
eStab_0.9/tags/ver0.9.10/4fach/design/second/038.jpg	svn:mime-type	1e86d1bc52f24f75cdba3765b30e79519a49e5dc5c0d27605048b15591e07892	application/octet-stream
eStab_0.9/tags/ver0.9.10/4fach/design/second/040.jpg	svn:mime-type	1e86d1bc52f24f75cdba3765b30e79519a49e5dc5c0d27605048b15591e07892	application/octet-stream
eStab_0.9/tags/ver0.9.10/4fach/design/second/050.gif	svn:mime-type	1e86d1bc52f24f75cdba3765b30e79519a49e5dc5c0d27605048b15591e07892	application/octet-stream
eStab_0.9/tags/ver0.9.10/4fach/design/second/051.gif	svn:mime-type	1e86d1bc52f24f75cdba3765b30e79519a49e5dc5c0d27605048b15591e07892	application/octet-stream
eStab_0.9/tags/ver0.9.10/4fach/design/second/101.gif	svn:mime-type	1e86d1bc52f24f75cdba3765b30e79519a49e5dc5c0d27605048b15591e07892	application/octet-stream
eStab_0.9/tags/ver0.9.10/4fach/design/second/102.gif	svn:mime-type	1e86d1bc52f24f75cdba3765b30e79519a49e5dc5c0d27605048b15591e07892	application/octet-stream
eStab_0.9/tags/ver0.9.10/4fach/design/second/103.gif	svn:mime-type	1e86d1bc52f24f75cdba3765b30e79519a49e5dc5c0d27605048b15591e07892	application/octet-stream
eStab_0.9/tags/ver0.9.10/4fach/design/second/104.gif	svn:mime-type	1e86d1bc52f24f75cdba3765b30e79519a49e5dc5c0d27605048b15591e07892	application/octet-stream
eStab_0.9/tags/ver0.9.10/4fach/design/second/24-book-blue-check.png	svn:mime-type	1e86d1bc52f24f75cdba3765b30e79519a49e5dc5c0d27605048b15591e07892	application/octet-stream
eStab_0.9/tags/ver0.9.10/4fach/design/second/A025.png	svn:mime-type	1e86d1bc52f24f75cdba3765b30e79519a49e5dc5c0d27605048b15591e07892	application/octet-stream
eStab_0.9/tags/ver0.9.10/4fach/design/second/A026.png	svn:mime-type	1e86d1bc52f24f75cdba3765b30e79519a49e5dc5c0d27605048b15591e07892	application/octet-stream
eStab_0.9/tags/ver0.9.10/4fach/design/second/A027.png	svn:mime-type	1e86d1bc52f24f75cdba3765b30e79519a49e5dc5c0d27605048b15591e07892	application/octet-stream
eStab_0.9/tags/ver0.9.10/4fach/design/second/A028.gif	svn:mime-type	1e86d1bc52f24f75cdba3765b30e79519a49e5dc5c0d27605048b15591e07892	application/octet-stream
eStab_0.9/tags/ver0.9.10/4fach/design/second/Thumbs.db	svn:mime-type	1e86d1bc52f24f75cdba3765b30e79519a49e5dc5c0d27605048b15591e07892	application/octet-stream
eStab_0.9/tags/ver0.9.10/4fach/design/second/bl.png	svn:mime-type	1e86d1bc52f24f75cdba3765b30e79519a49e5dc5c0d27605048b15591e07892	application/octet-stream
eStab_0.9/tags/ver0.9.10/4fach/design/second/checked.gif	svn:mime-type	1e86d1bc52f24f75cdba3765b30e79519a49e5dc5c0d27605048b15591e07892	application/octet-stream
eStab_0.9/tags/ver0.9.10/4fach/design/second/gn.png	svn:mime-type	1e86d1bc52f24f75cdba3765b30e79519a49e5dc5c0d27605048b15591e07892	application/octet-stream
eStab_0.9/tags/ver0.9.10/4fach/design/second/info.gif	svn:mime-type	1e86d1bc52f24f75cdba3765b30e79519a49e5dc5c0d27605048b15591e07892	application/octet-stream
eStab_0.9/tags/ver0.9.10/4fach/design/second/move.gif	svn:mime-type	1e86d1bc52f24f75cdba3765b30e79519a49e5dc5c0d27605048b15591e07892	application/octet-stream
eStab_0.9/tags/ver0.9.10/4fach/design/second/null.gif	svn:mime-type	1e86d1bc52f24f75cdba3765b30e79519a49e5dc5c0d27605048b15591e07892	application/octet-stream
eStab_0.9/tags/ver0.9.10/4fach/design/second/null.jpg	svn:mime-type	1e86d1bc52f24f75cdba3765b30e79519a49e5dc5c0d27605048b15591e07892	application/octet-stream
eStab_0.9/tags/ver0.9.10/4fach/design/second/second.bs	svn:mime-type	1e86d1bc52f24f75cdba3765b30e79519a49e5dc5c0d27605048b15591e07892	application/octet-stream
eStab_0.9/tags/ver0.9.10/4fach/design/second/vor.gif	svn:mime-type	1e86d1bc52f24f75cdba3765b30e79519a49e5dc5c0d27605048b15591e07892	application/octet-stream
eStab_0.9/tags/ver0.9.10/4fach/design/simple/001.jpg	svn:mime-type	1e86d1bc52f24f75cdba3765b30e79519a49e5dc5c0d27605048b15591e07892	application/octet-stream
eStab_0.9/tags/ver0.9.10/4fach/design/simple/002.jpg	svn:mime-type	1e86d1bc52f24f75cdba3765b30e79519a49e5dc5c0d27605048b15591e07892	application/octet-stream
eStab_0.9/tags/ver0.9.10/4fach/design/simple/003.jpg	svn:mime-type	1e86d1bc52f24f75cdba3765b30e79519a49e5dc5c0d27605048b15591e07892	application/octet-stream
eStab_0.9/tags/ver0.9.10/4fach/design/simple/004.jpg	svn:mime-type	1e86d1bc52f24f75cdba3765b30e79519a49e5dc5c0d27605048b15591e07892	application/octet-stream
eStab_0.9/tags/ver0.9.10/4fach/design/simple/004a.jpg	svn:mime-type	1e86d1bc52f24f75cdba3765b30e79519a49e5dc5c0d27605048b15591e07892	application/octet-stream
eStab_0.9/tags/ver0.9.10/4fach/design/simple/005.jpg	svn:mime-type	1e86d1bc52f24f75cdba3765b30e79519a49e5dc5c0d27605048b15591e07892	application/octet-stream
eStab_0.9/tags/ver0.9.10/4fach/design/simple/006.jpg	svn:mime-type	1e86d1bc52f24f75cdba3765b30e79519a49e5dc5c0d27605048b15591e07892	application/octet-stream
eStab_0.9/tags/ver0.9.10/4fach/design/simple/007.jpg	svn:mime-type	1e86d1bc52f24f75cdba3765b30e79519a49e5dc5c0d27605048b15591e07892	application/octet-stream
eStab_0.9/tags/ver0.9.10/4fach/design/simple/008.jpg	svn:mime-type	1e86d1bc52f24f75cdba3765b30e79519a49e5dc5c0d27605048b15591e07892	application/octet-stream
eStab_0.9/tags/ver0.9.10/4fach/design/simple/009.jpg	svn:mime-type	1e86d1bc52f24f75cdba3765b30e79519a49e5dc5c0d27605048b15591e07892	application/octet-stream
eStab_0.9/tags/ver0.9.10/4fach/design/simple/010.jpg	svn:mime-type	1e86d1bc52f24f75cdba3765b30e79519a49e5dc5c0d27605048b15591e07892	application/octet-stream
eStab_0.9/tags/ver0.9.10/4fach/design/simple/011.jpg	svn:mime-type	1e86d1bc52f24f75cdba3765b30e79519a49e5dc5c0d27605048b15591e07892	application/octet-stream
eStab_0.9/tags/ver0.9.10/4fach/design/simple/012.jpg	svn:mime-type	1e86d1bc52f24f75cdba3765b30e79519a49e5dc5c0d27605048b15591e07892	application/octet-stream
eStab_0.9/tags/ver0.9.10/4fach/design/simple/012a.jpg	svn:mime-type	1e86d1bc52f24f75cdba3765b30e79519a49e5dc5c0d27605048b15591e07892	application/octet-stream
eStab_0.9/tags/ver0.9.10/4fach/design/simple/012b.jpg	svn:mime-type	1e86d1bc52f24f75cdba3765b30e79519a49e5dc5c0d27605048b15591e07892	application/octet-stream
eStab_0.9/tags/ver0.9.10/4fach/design/simple/013.jpg	svn:mime-type	1e86d1bc52f24f75cdba3765b30e79519a49e5dc5c0d27605048b15591e07892	application/octet-stream
eStab_0.9/tags/ver0.9.10/4fach/design/simple/014.jpg	svn:mime-type	1e86d1bc52f24f75cdba3765b30e79519a49e5dc5c0d27605048b15591e07892	application/octet-stream
eStab_0.9/tags/ver0.9.10/4fach/design/simple/015.jpg	svn:mime-type	1e86d1bc52f24f75cdba3765b30e79519a49e5dc5c0d27605048b15591e07892	application/octet-stream
eStab_0.9/tags/ver0.9.10/4fach/design/simple/016.jpg	svn:mime-type	1e86d1bc52f24f75cdba3765b30e79519a49e5dc5c0d27605048b15591e07892	application/octet-stream
eStab_0.9/tags/ver0.9.10/4fach/design/simple/017.jpg	svn:mime-type	1e86d1bc52f24f75cdba3765b30e79519a49e5dc5c0d27605048b15591e07892	application/octet-stream
eStab_0.9/tags/ver0.9.10/4fach/design/simple/018.gif	svn:mime-type	1e86d1bc52f24f75cdba3765b30e79519a49e5dc5c0d27605048b15591e07892	application/octet-stream
eStab_0.9/tags/ver0.9.10/4fach/design/simple/019.gif	svn:mime-type	1e86d1bc52f24f75cdba3765b30e79519a49e5dc5c0d27605048b15591e07892	application/octet-stream
eStab_0.9/tags/ver0.9.10/4fach/design/simple/020.png	svn:mime-type	1e86d1bc52f24f75cdba3765b30e79519a49e5dc5c0d27605048b15591e07892	application/octet-stream
eStab_0.9/tags/ver0.9.10/4fach/design/simple/021.png	svn:mime-type	1e86d1bc52f24f75cdba3765b30e79519a49e5dc5c0d27605048b15591e07892	application/octet-stream
eStab_0.9/tags/ver0.9.10/4fach/design/simple/022.png	svn:mime-type	1e86d1bc52f24f75cdba3765b30e79519a49e5dc5c0d27605048b15591e07892	application/octet-stream
eStab_0.9/tags/ver0.9.10/4fach/design/simple/023.png	svn:mime-type	1e86d1bc52f24f75cdba3765b30e79519a49e5dc5c0d27605048b15591e07892	application/octet-stream
eStab_0.9/tags/ver0.9.10/4fach/design/simple/024.jpg	svn:mime-type	1e86d1bc52f24f75cdba3765b30e79519a49e5dc5c0d27605048b15591e07892	application/octet-stream
eStab_0.9/tags/ver0.9.10/4fach/design/simple/025.gif	svn:mime-type	1e86d1bc52f24f75cdba3765b30e79519a49e5dc5c0d27605048b15591e07892	application/octet-stream
eStab_0.9/tags/ver0.9.10/4fach/design/simple/026.gif	svn:mime-type	1e86d1bc52f24f75cdba3765b30e79519a49e5dc5c0d27605048b15591e07892	application/octet-stream
eStab_0.9/tags/ver0.9.10/4fach/design/simple/027.gif	svn:mime-type	1e86d1bc52f24f75cdba3765b30e79519a49e5dc5c0d27605048b15591e07892	application/octet-stream
eStab_0.9/tags/ver0.9.10/4fach/design/simple/028.gif	svn:mime-type	1e86d1bc52f24f75cdba3765b30e79519a49e5dc5c0d27605048b15591e07892	application/octet-stream
eStab_0.9/tags/ver0.9.10/4fach/design/simple/028.jpg	svn:mime-type	1e86d1bc52f24f75cdba3765b30e79519a49e5dc5c0d27605048b15591e07892	application/octet-stream
eStab_0.9/tags/ver0.9.10/4fach/design/simple/029.gif	svn:mime-type	1e86d1bc52f24f75cdba3765b30e79519a49e5dc5c0d27605048b15591e07892	application/octet-stream
eStab_0.9/tags/ver0.9.10/4fach/design/simple/029.jpg	svn:mime-type	1e86d1bc52f24f75cdba3765b30e79519a49e5dc5c0d27605048b15591e07892	application/octet-stream
eStab_0.9/tags/ver0.9.10/4fach/design/simple/030.jpg	svn:mime-type	1e86d1bc52f24f75cdba3765b30e79519a49e5dc5c0d27605048b15591e07892	application/octet-stream
eStab_0.9/tags/ver0.9.10/4fach/design/simple/031.JPG	svn:mime-type	1e86d1bc52f24f75cdba3765b30e79519a49e5dc5c0d27605048b15591e07892	application/octet-stream
eStab_0.9/tags/ver0.9.10/4fach/design/simple/035.jpg	svn:mime-type	1e86d1bc52f24f75cdba3765b30e79519a49e5dc5c0d27605048b15591e07892	application/octet-stream
eStab_0.9/tags/ver0.9.10/4fach/design/simple/040.jpg	svn:mime-type	1e86d1bc52f24f75cdba3765b30e79519a49e5dc5c0d27605048b15591e07892	application/octet-stream
eStab_0.9/tags/ver0.9.10/4fach/design/simple/050.gif	svn:mime-type	1e86d1bc52f24f75cdba3765b30e79519a49e5dc5c0d27605048b15591e07892	application/octet-stream
eStab_0.9/tags/ver0.9.10/4fach/design/simple/051.gif	svn:mime-type	1e86d1bc52f24f75cdba3765b30e79519a49e5dc5c0d27605048b15591e07892	application/octet-stream
eStab_0.9/tags/ver0.9.10/4fach/design/simple/A025.png	svn:mime-type	1e86d1bc52f24f75cdba3765b30e79519a49e5dc5c0d27605048b15591e07892	application/octet-stream
eStab_0.9/tags/ver0.9.10/4fach/design/simple/A026.png	svn:mime-type	1e86d1bc52f24f75cdba3765b30e79519a49e5dc5c0d27605048b15591e07892	application/octet-stream
eStab_0.9/tags/ver0.9.10/4fach/design/simple/A027.png	svn:mime-type	1e86d1bc52f24f75cdba3765b30e79519a49e5dc5c0d27605048b15591e07892	application/octet-stream
eStab_0.9/tags/ver0.9.10/4fach/design/simple/A028.gif	svn:mime-type	1e86d1bc52f24f75cdba3765b30e79519a49e5dc5c0d27605048b15591e07892	application/octet-stream
eStab_0.9/tags/ver0.9.10/4fach/design/simple/bl.png	svn:mime-type	1e86d1bc52f24f75cdba3765b30e79519a49e5dc5c0d27605048b15591e07892	application/octet-stream
eStab_0.9/tags/ver0.9.10/4fach/design/simple/gn.png	svn:mime-type	1e86d1bc52f24f75cdba3765b30e79519a49e5dc5c0d27605048b15591e07892	application/octet-stream
eStab_0.9/tags/ver0.9.10/4fach/design/simple/info.gif	svn:mime-type	1e86d1bc52f24f75cdba3765b30e79519a49e5dc5c0d27605048b15591e07892	application/octet-stream
eStab_0.9/tags/ver0.9.10/4fach/design/simple/move.gif	svn:mime-type	1e86d1bc52f24f75cdba3765b30e79519a49e5dc5c0d27605048b15591e07892	application/octet-stream
eStab_0.9/tags/ver0.9.10/4fach/design/simple/notify.wav	svn:mime-type	1e86d1bc52f24f75cdba3765b30e79519a49e5dc5c0d27605048b15591e07892	application/octet-stream
eStab_0.9/tags/ver0.9.10/4fach/design/simple/null.gif	svn:mime-type	1e86d1bc52f24f75cdba3765b30e79519a49e5dc5c0d27605048b15591e07892	application/octet-stream
eStab_0.9/tags/ver0.9.10/4fach/design/simple/null.jpg	svn:mime-type	1e86d1bc52f24f75cdba3765b30e79519a49e5dc5c0d27605048b15591e07892	application/octet-stream
eStab_0.9/tags/ver0.9.10/4fach/design/simple/simple.bs	svn:mime-type	1e86d1bc52f24f75cdba3765b30e79519a49e5dc5c0d27605048b15591e07892	application/octet-stream
eStab_0.9/tags/ver0.9.10/4fach/design/simple/vor.gif	svn:mime-type	1e86d1bc52f24f75cdba3765b30e79519a49e5dc5c0d27605048b15591e07892	application/octet-stream
eStab_0.9/tags/ver0.9.10/4fach/null.gif	svn:mime-type	1e86d1bc52f24f75cdba3765b30e79519a49e5dc5c0d27605048b15591e07892	application/octet-stream
eStab_0.9/tags/ver0.9.10/4fach/null.jpg	svn:mime-type	1e86d1bc52f24f75cdba3765b30e79519a49e5dc5c0d27605048b15591e07892	application/octet-stream
eStab_0.9/tags/ver0.9.10/bak/fonts/Activa.ttf	svn:mime-type	1e86d1bc52f24f75cdba3765b30e79519a49e5dc5c0d27605048b15591e07892	application/octet-stream
eStab_0.9/tags/ver0.9.10/bak/fonts/Alpha Beta BRK.ttf	svn:mime-type	1e86d1bc52f24f75cdba3765b30e79519a49e5dc5c0d27605048b15591e07892	application/octet-stream
eStab_0.9/tags/ver0.9.10/bak/fonts/Alpha Romanie G98.ttf	svn:mime-type	1e86d1bc52f24f75cdba3765b30e79519a49e5dc5c0d27605048b15591e07892	application/octet-stream
eStab_0.9/tags/ver0.9.10/bak/fonts/Garrison Cond. Sans BOLD.ttf	svn:mime-type	1e86d1bc52f24f75cdba3765b30e79519a49e5dc5c0d27605048b15591e07892	application/octet-stream
eStab_0.9/tags/ver0.9.10/bak/fonts/Garrison Cond. Sans.ttf	svn:mime-type	1e86d1bc52f24f75cdba3765b30e79519a49e5dc5c0d27605048b15591e07892	application/octet-stream
eStab_0.9/tags/ver0.9.10/bak/fonts/Garrison ExtraBold Sans BOLD.ttf	svn:mime-type	1e86d1bc52f24f75cdba3765b30e79519a49e5dc5c0d27605048b15591e07892	application/octet-stream
eStab_0.9/tags/ver0.9.10/bak/fonts/Garrison ExtraCond. Sans.ttf	svn:mime-type	1e86d1bc52f24f75cdba3765b30e79519a49e5dc5c0d27605048b15591e07892	application/octet-stream
eStab_0.9/tags/ver0.9.10/bak/fonts/Garrison Light Sans BOLD.ttf	svn:mime-type	1e86d1bc52f24f75cdba3765b30e79519a49e5dc5c0d27605048b15591e07892	application/octet-stream
eStab_0.9/tags/ver0.9.10/bak/fonts/Garrison Light Sans BOLDITALIC.ttf	svn:mime-type	1e86d1bc52f24f75cdba3765b30e79519a49e5dc5c0d27605048b15591e07892	application/octet-stream
eStab_0.9/tags/ver0.9.10/bak/fonts/Garrison Light Sans ITALIC.ttf	svn:mime-type	1e86d1bc52f24f75cdba3765b30e79519a49e5dc5c0d27605048b15591e07892	application/octet-stream
eStab_0.9/tags/ver0.9.10/bak/fonts/Garrison Light Sans.ttf	svn:mime-type	1e86d1bc52f24f75cdba3765b30e79519a49e5dc5c0d27605048b15591e07892	application/octet-stream
eStab_0.9/tags/ver0.9.10/bak/fonts/Garrison Sans BOLD.ttf	svn:mime-type	1e86d1bc52f24f75cdba3765b30e79519a49e5dc5c0d27605048b15591e07892	application/octet-stream
eStab_0.9/tags/ver0.9.10/bak/fonts/Garrison Sans BOLDITALIC.ttf	svn:mime-type	1e86d1bc52f24f75cdba3765b30e79519a49e5dc5c0d27605048b15591e07892	application/octet-stream
eStab_0.9/tags/ver0.9.10/bak/fonts/Garrison Sans ITALIC.ttf	svn:mime-type	1e86d1bc52f24f75cdba3765b30e79519a49e5dc5c0d27605048b15591e07892	application/octet-stream
eStab_0.9/tags/ver0.9.10/bak/fonts/Garrison Sans.ttf	svn:mime-type	1e86d1bc52f24f75cdba3765b30e79519a49e5dc5c0d27605048b15591e07892	application/octet-stream
eStab_0.9/tags/ver0.9.10/bak/fonts/georgia.ttf	svn:mime-type	1e86d1bc52f24f75cdba3765b30e79519a49e5dc5c0d27605048b15591e07892	application/octet-stream
eStab_0.9/tags/ver0.9.10/bak/fonts/georgiab.ttf	svn:mime-type	1e86d1bc52f24f75cdba3765b30e79519a49e5dc5c0d27605048b15591e07892	application/octet-stream
eStab_0.9/tags/ver0.9.10/bak/fonts/georgiai.ttf	svn:mime-type	1e86d1bc52f24f75cdba3765b30e79519a49e5dc5c0d27605048b15591e07892	application/octet-stream
eStab_0.9/tags/ver0.9.10/bak/fonts/georgiaz.ttf	svn:mime-type	1e86d1bc52f24f75cdba3765b30e79519a49e5dc5c0d27605048b15591e07892	application/octet-stream
eStab_0.9/tags/ver0.9.10/etb/Thumbs.db	svn:mime-type	1e86d1bc52f24f75cdba3765b30e79519a49e5dc5c0d27605048b15591e07892	application/octet-stream
eStab_0.9/tags/ver0.9.10/etb/null.gif	svn:mime-type	1e86d1bc52f24f75cdba3765b30e79519a49e5dc5c0d27605048b15591e07892	application/octet-stream
eStab_0.9/tags/ver0.9.10/etb/null.jpg	svn:mime-type	1e86d1bc52f24f75cdba3765b30e79519a49e5dc5c0d27605048b15591e07892	application/octet-stream
eStab_0.9/tags/ver0.9.10/info/ELStab.jpg	svn:mime-type	1e86d1bc52f24f75cdba3765b30e79519a49e5dc5c0d27605048b15591e07892	application/octet-stream
eStab_0.9/tags/ver0.9.10/info/Warendorf L4112 Kartendatum ED50.png	svn:mime-type	1e86d1bc52f24f75cdba3765b30e79519a49e5dc5c0d27605048b15591e07892	application/octet-stream
eStab_0.9/tags/ver0.9.10/info/Warendorf L4112 Kartendatum WGS84.png	svn:mime-type	1e86d1bc52f24f75cdba3765b30e79519a49e5dc5c0d27605048b15591e07892	application/octet-stream
eStab_0.9/tags/ver0.9.10/symbole/4fach_aktiv.png	svn:mime-type	1e86d1bc52f24f75cdba3765b30e79519a49e5dc5c0d27605048b15591e07892	application/octet-stream
eStab_0.9/tags/ver0.9.10/symbole/4fach_inaktiv.png	svn:mime-type	1e86d1bc52f24f75cdba3765b30e79519a49e5dc5c0d27605048b15591e07892	application/octet-stream
eStab_0.9/tags/ver0.9.10/symbole/IuK.bmp	svn:mime-type	1e86d1bc52f24f75cdba3765b30e79519a49e5dc5c0d27605048b15591e07892	application/octet-stream
eStab_0.9/tags/ver0.9.10/symbole/Thumbs.db	svn:mime-type	1e86d1bc52f24f75cdba3765b30e79519a49e5dc5c0d27605048b15591e07892	application/octet-stream
eStab_0.9/tags/ver0.9.10/symbole/abc_aktiv.png	svn:mime-type	1e86d1bc52f24f75cdba3765b30e79519a49e5dc5c0d27605048b15591e07892	application/octet-stream
eStab_0.9/tags/ver0.9.10/symbole/abc_inaktiv.png	svn:mime-type	1e86d1bc52f24f75cdba3765b30e79519a49e5dc5c0d27605048b15591e07892	application/octet-stream
eStab_0.9/tags/ver0.9.10/symbole/achtung.gif	svn:mime-type	1e86d1bc52f24f75cdba3765b30e79519a49e5dc5c0d27605048b15591e07892	application/octet-stream
eStab_0.9/tags/ver0.9.10/symbole/achtung01.gif	svn:mime-type	1e86d1bc52f24f75cdba3765b30e79519a49e5dc5c0d27605048b15591e07892	application/octet-stream
eStab_0.9/tags/ver0.9.10/symbole/adm_aktiv.png	svn:mime-type	1e86d1bc52f24f75cdba3765b30e79519a49e5dc5c0d27605048b15591e07892	application/octet-stream
eStab_0.9/tags/ver0.9.10/symbole/adm_inaktiv.png	svn:mime-type	1e86d1bc52f24f75cdba3765b30e79519a49e5dc5c0d27605048b15591e07892	application/octet-stream
eStab_0.9/tags/ver0.9.10/symbole/bhp_aktiv.png	svn:mime-type	1e86d1bc52f24f75cdba3765b30e79519a49e5dc5c0d27605048b15591e07892	application/octet-stream
eStab_0.9/tags/ver0.9.10/symbole/bhp_inaktiv.png	svn:mime-type	1e86d1bc52f24f75cdba3765b30e79519a49e5dc5c0d27605048b15591e07892	application/octet-stream
eStab_0.9/tags/ver0.9.10/symbole/br.jpg	svn:mime-type	1e86d1bc52f24f75cdba3765b30e79519a49e5dc5c0d27605048b15591e07892	application/octet-stream
eStab_0.9/tags/ver0.9.10/symbole/db_aktiv.png	svn:mime-type	1e86d1bc52f24f75cdba3765b30e79519a49e5dc5c0d27605048b15591e07892	application/octet-stream
eStab_0.9/tags/ver0.9.10/symbole/db_inaktiv.png	svn:mime-type	1e86d1bc52f24f75cdba3765b30e79519a49e5dc5c0d27605048b15591e07892	application/octet-stream
eStab_0.9/tags/ver0.9.10/symbole/el80.gif	svn:mime-type	1e86d1bc52f24f75cdba3765b30e79519a49e5dc5c0d27605048b15591e07892	application/octet-stream
eStab_0.9/tags/ver0.9.10/symbole/el80.jpg	svn:mime-type	1e86d1bc52f24f75cdba3765b30e79519a49e5dc5c0d27605048b15591e07892	application/octet-stream
eStab_0.9/tags/ver0.9.10/symbole/el8001.jpg	svn:mime-type	1e86d1bc52f24f75cdba3765b30e79519a49e5dc5c0d27605048b15591e07892	application/octet-stream
eStab_0.9/tags/ver0.9.10/symbole/etb_aktiv.png	svn:mime-type	1e86d1bc52f24f75cdba3765b30e79519a49e5dc5c0d27605048b15591e07892	application/octet-stream
eStab_0.9/tags/ver0.9.10/symbole/etb_inaktiv.png	svn:mime-type	1e86d1bc52f24f75cdba3765b30e79519a49e5dc5c0d27605048b15591e07892	application/octet-stream
eStab_0.9/tags/ver0.9.10/symbole/greenlight.gif	svn:mime-type	1e86d1bc52f24f75cdba3765b30e79519a49e5dc5c0d27605048b15591e07892	application/octet-stream
eStab_0.9/tags/ver0.9.10/symbole/iuk_80.jpg	svn:mime-type	1e86d1bc52f24f75cdba3765b30e79519a49e5dc5c0d27605048b15591e07892	application/octet-stream
eStab_0.9/tags/ver0.9.10/symbole/iuk_hs80.jpg	svn:mime-type	1e86d1bc52f24f75cdba3765b30e79519a49e5dc5c0d27605048b15591e07892	application/octet-stream
eStab_0.9/tags/ver0.9.10/symbole/kh_aktiv.jpg	svn:mime-type	1e86d1bc52f24f75cdba3765b30e79519a49e5dc5c0d27605048b15591e07892	application/octet-stream
eStab_0.9/tags/ver0.9.10/symbole/kh_inaktiv.jpg	svn:mime-type	1e86d1bc52f24f75cdba3765b30e79519a49e5dc5c0d27605048b15591e07892	application/octet-stream
eStab_0.9/tags/ver0.9.10/symbole/merke.gif	svn:mime-type	1e86d1bc52f24f75cdba3765b30e79519a49e5dc5c0d27605048b15591e07892	application/octet-stream
eStab_0.9/tags/ver0.9.10/symbole/merke.jpg	svn:mime-type	1e86d1bc52f24f75cdba3765b30e79519a49e5dc5c0d27605048b15591e07892	application/octet-stream
eStab_0.9/tags/ver0.9.10/symbole/null.gif	svn:mime-type	1e86d1bc52f24f75cdba3765b30e79519a49e5dc5c0d27605048b15591e07892	application/octet-stream
eStab_0.9/tags/ver0.9.10/symbole/null.jpg	svn:mime-type	1e86d1bc52f24f75cdba3765b30e79519a49e5dc5c0d27605048b15591e07892	application/octet-stream
eStab_0.9/tags/ver0.9.10/symbole/nw.png	svn:mime-type	1e86d1bc52f24f75cdba3765b30e79519a49e5dc5c0d27605048b15591e07892	application/octet-stream
eStab_0.9/tags/ver0.9.10/symbole/nwa_aktiv.png	svn:mime-type	1e86d1bc52f24f75cdba3765b30e79519a49e5dc5c0d27605048b15591e07892	application/octet-stream
eStab_0.9/tags/ver0.9.10/symbole/nwe_aktiv.png	svn:mime-type	1e86d1bc52f24f75cdba3765b30e79519a49e5dc5c0d27605048b15591e07892	application/octet-stream
eStab_0.9/tags/ver0.9.10/symbole/nwea_aktiv.png	svn:mime-type	1e86d1bc52f24f75cdba3765b30e79519a49e5dc5c0d27605048b15591e07892	application/octet-stream
eStab_0.9/tags/ver0.9.10/symbole/nwea_inaktiv.png	svn:mime-type	1e86d1bc52f24f75cdba3765b30e79519a49e5dc5c0d27605048b15591e07892	application/octet-stream
eStab_0.9/tags/ver0.9.10/symbole/redlight.gif	svn:mime-type	1e86d1bc52f24f75cdba3765b30e79519a49e5dc5c0d27605048b15591e07892	application/octet-stream
eStab_0.9/tags/ver0.9.10/symbole/tbb_aktiv.png	svn:mime-type	1e86d1bc52f24f75cdba3765b30e79519a49e5dc5c0d27605048b15591e07892	application/octet-stream
eStab_0.9/tags/ver0.9.10/symbole/tbb_inaktiv.png	svn:mime-type	1e86d1bc52f24f75cdba3765b30e79519a49e5dc5c0d27605048b15591e07892	application/octet-stream
eStab_0.9/tags/ver0.9.10/symbole/vorsicht.gif	svn:mime-type	1e86d1bc52f24f75cdba3765b30e79519a49e5dc5c0d27605048b15591e07892	application/octet-stream
eStab_0.9/tags/ver0.9.10/symbole/yellowlight.gif	svn:mime-type	1e86d1bc52f24f75cdba3765b30e79519a49e5dc5c0d27605048b15591e07892	application/octet-stream
eStab_0.9/tags/ver0.9.11/4fach/design/HL0001/001.jpg	svn:mime-type	1e86d1bc52f24f75cdba3765b30e79519a49e5dc5c0d27605048b15591e07892	application/octet-stream
eStab_0.9/tags/ver0.9.11/4fach/design/HL0001/002.jpg	svn:mime-type	1e86d1bc52f24f75cdba3765b30e79519a49e5dc5c0d27605048b15591e07892	application/octet-stream
eStab_0.9/tags/ver0.9.11/4fach/design/HL0001/003.jpg	svn:mime-type	1e86d1bc52f24f75cdba3765b30e79519a49e5dc5c0d27605048b15591e07892	application/octet-stream
eStab_0.9/tags/ver0.9.11/4fach/design/HL0001/004.jpg	svn:mime-type	1e86d1bc52f24f75cdba3765b30e79519a49e5dc5c0d27605048b15591e07892	application/octet-stream
eStab_0.9/tags/ver0.9.11/4fach/design/HL0001/005.jpg	svn:mime-type	1e86d1bc52f24f75cdba3765b30e79519a49e5dc5c0d27605048b15591e07892	application/octet-stream
eStab_0.9/tags/ver0.9.11/4fach/design/HL0001/006.jpg	svn:mime-type	1e86d1bc52f24f75cdba3765b30e79519a49e5dc5c0d27605048b15591e07892	application/octet-stream
eStab_0.9/tags/ver0.9.11/4fach/design/HL0001/007.jpg	svn:mime-type	1e86d1bc52f24f75cdba3765b30e79519a49e5dc5c0d27605048b15591e07892	application/octet-stream
eStab_0.9/tags/ver0.9.11/4fach/design/HL0001/008.jpg	svn:mime-type	1e86d1bc52f24f75cdba3765b30e79519a49e5dc5c0d27605048b15591e07892	application/octet-stream
eStab_0.9/tags/ver0.9.11/4fach/design/HL0001/009.jpg	svn:mime-type	1e86d1bc52f24f75cdba3765b30e79519a49e5dc5c0d27605048b15591e07892	application/octet-stream
eStab_0.9/tags/ver0.9.11/4fach/design/HL0001/010.jpg	svn:mime-type	1e86d1bc52f24f75cdba3765b30e79519a49e5dc5c0d27605048b15591e07892	application/octet-stream
eStab_0.9/tags/ver0.9.11/4fach/design/HL0001/011.jpg	svn:mime-type	1e86d1bc52f24f75cdba3765b30e79519a49e5dc5c0d27605048b15591e07892	application/octet-stream
eStab_0.9/tags/ver0.9.11/4fach/design/HL0001/013.jpg	svn:mime-type	1e86d1bc52f24f75cdba3765b30e79519a49e5dc5c0d27605048b15591e07892	application/octet-stream
eStab_0.9/tags/ver0.9.11/4fach/design/HL0001/014.jpg	svn:mime-type	1e86d1bc52f24f75cdba3765b30e79519a49e5dc5c0d27605048b15591e07892	application/octet-stream
eStab_0.9/tags/ver0.9.11/4fach/design/HL0001/016.jpg	svn:mime-type	1e86d1bc52f24f75cdba3765b30e79519a49e5dc5c0d27605048b15591e07892	application/octet-stream
eStab_0.9/tags/ver0.9.11/4fach/design/HL0001/017.jpg	svn:mime-type	1e86d1bc52f24f75cdba3765b30e79519a49e5dc5c0d27605048b15591e07892	application/octet-stream
eStab_0.9/tags/ver0.9.11/4fach/design/HL0001/018.gif	svn:mime-type	1e86d1bc52f24f75cdba3765b30e79519a49e5dc5c0d27605048b15591e07892	application/octet-stream
eStab_0.9/tags/ver0.9.11/4fach/design/HL0001/020.gif	svn:mime-type	1e86d1bc52f24f75cdba3765b30e79519a49e5dc5c0d27605048b15591e07892	application/octet-stream
eStab_0.9/tags/ver0.9.11/4fach/design/HL0001/021.gif	svn:mime-type	1e86d1bc52f24f75cdba3765b30e79519a49e5dc5c0d27605048b15591e07892	application/octet-stream
eStab_0.9/tags/ver0.9.11/4fach/design/HL0001/022.gif	svn:mime-type	1e86d1bc52f24f75cdba3765b30e79519a49e5dc5c0d27605048b15591e07892	application/octet-stream
eStab_0.9/tags/ver0.9.11/4fach/design/HL0001/Buttonvorlage.bs	svn:mime-type	1e86d1bc52f24f75cdba3765b30e79519a49e5dc5c0d27605048b15591e07892	application/octet-stream
eStab_0.9/tags/ver0.9.11/4fach/design/HL0001/Buttonvorlage_gruen.bs	svn:mime-type	1e86d1bc52f24f75cdba3765b30e79519a49e5dc5c0d27605048b15591e07892	application/octet-stream
eStab_0.9/tags/ver0.9.11/4fach/design/HL0001/Buttonvorlage_hellblau.bs	svn:mime-type	1e86d1bc52f24f75cdba3765b30e79519a49e5dc5c0d27605048b15591e07892	application/octet-stream
eStab_0.9/tags/ver0.9.11/4fach/design/HL0001/Buttonvorlage_rot.bs	svn:mime-type	1e86d1bc52f24f75cdba3765b30e79519a49e5dc5c0d27605048b15591e07892	application/octet-stream
eStab_0.9/tags/ver0.9.11/4fach/design/HL0001/Kopie von abmelden.jpg	svn:mime-type	1e86d1bc52f24f75cdba3765b30e79519a49e5dc5c0d27605048b15591e07892	application/octet-stream
eStab_0.9/tags/ver0.9.11/4fach/design/HL0001/Thumbs.db	svn:mime-type	1e86d1bc52f24f75cdba3765b30e79519a49e5dc5c0d27605048b15591e07892	application/octet-stream
eStab_0.9/tags/ver0.9.11/4fach/design/HL0001/d_hoch01.gif	svn:mime-type	1e86d1bc52f24f75cdba3765b30e79519a49e5dc5c0d27605048b15591e07892	application/octet-stream
eStab_0.9/tags/ver0.9.11/4fach/design/HL0001/greenlight.gif	svn:mime-type	1e86d1bc52f24f75cdba3765b30e79519a49e5dc5c0d27605048b15591e07892	application/octet-stream
eStab_0.9/tags/ver0.9.11/4fach/design/HL0001/hochladen.JPG	svn:mime-type	1e86d1bc52f24f75cdba3765b30e79519a49e5dc5c0d27605048b15591e07892	application/octet-stream
eStab_0.9/tags/ver0.9.11/4fach/design/HL0001/n_sichten.jpg	svn:mime-type	1e86d1bc52f24f75cdba3765b30e79519a49e5dc5c0d27605048b15591e07892	application/octet-stream
eStab_0.9/tags/ver0.9.11/4fach/design/HL0001/null.gif	svn:mime-type	1e86d1bc52f24f75cdba3765b30e79519a49e5dc5c0d27605048b15591e07892	application/octet-stream
eStab_0.9/tags/ver0.9.11/4fach/design/HL0001/null.jpg	svn:mime-type	1e86d1bc52f24f75cdba3765b30e79519a49e5dc5c0d27605048b15591e07892	application/octet-stream
eStab_0.9/tags/ver0.9.11/4fach/design/HL0001/redlight.gif	svn:mime-type	1e86d1bc52f24f75cdba3765b30e79519a49e5dc5c0d27605048b15591e07892	application/octet-stream
eStab_0.9/tags/ver0.9.11/4fach/design/HL0001/yellowlight.gif	svn:mime-type	1e86d1bc52f24f75cdba3765b30e79519a49e5dc5c0d27605048b15591e07892	application/octet-stream
eStab_0.9/tags/ver0.9.11/4fach/design/Symboldesigne.odt	svn:mime-type	1e86d1bc52f24f75cdba3765b30e79519a49e5dc5c0d27605048b15591e07892	application/octet-stream
eStab_0.9/tags/ver0.9.11/4fach/design/Thumbs.db	svn:mime-type	1e86d1bc52f24f75cdba3765b30e79519a49e5dc5c0d27605048b15591e07892	application/octet-stream
eStab_0.9/tags/ver0.9.11/4fach/design/second/000.gif	svn:mime-type	1e86d1bc52f24f75cdba3765b30e79519a49e5dc5c0d27605048b15591e07892	application/octet-stream
eStab_0.9/tags/ver0.9.11/4fach/design/second/001.jpg	svn:mime-type	1e86d1bc52f24f75cdba3765b30e79519a49e5dc5c0d27605048b15591e07892	application/octet-stream
eStab_0.9/tags/ver0.9.11/4fach/design/second/002.jpg	svn:mime-type	1e86d1bc52f24f75cdba3765b30e79519a49e5dc5c0d27605048b15591e07892	application/octet-stream
eStab_0.9/tags/ver0.9.11/4fach/design/second/003.jpg	svn:mime-type	1e86d1bc52f24f75cdba3765b30e79519a49e5dc5c0d27605048b15591e07892	application/octet-stream
eStab_0.9/tags/ver0.9.11/4fach/design/second/004.jpg	svn:mime-type	1e86d1bc52f24f75cdba3765b30e79519a49e5dc5c0d27605048b15591e07892	application/octet-stream
eStab_0.9/tags/ver0.9.11/4fach/design/second/004a.jpg	svn:mime-type	1e86d1bc52f24f75cdba3765b30e79519a49e5dc5c0d27605048b15591e07892	application/octet-stream
eStab_0.9/tags/ver0.9.11/4fach/design/second/005.jpg	svn:mime-type	1e86d1bc52f24f75cdba3765b30e79519a49e5dc5c0d27605048b15591e07892	application/octet-stream
eStab_0.9/tags/ver0.9.11/4fach/design/second/006.jpg	svn:mime-type	1e86d1bc52f24f75cdba3765b30e79519a49e5dc5c0d27605048b15591e07892	application/octet-stream
eStab_0.9/tags/ver0.9.11/4fach/design/second/007.jpg	svn:mime-type	1e86d1bc52f24f75cdba3765b30e79519a49e5dc5c0d27605048b15591e07892	application/octet-stream
eStab_0.9/tags/ver0.9.11/4fach/design/second/008.jpg	svn:mime-type	1e86d1bc52f24f75cdba3765b30e79519a49e5dc5c0d27605048b15591e07892	application/octet-stream
eStab_0.9/tags/ver0.9.11/4fach/design/second/009.jpg	svn:mime-type	1e86d1bc52f24f75cdba3765b30e79519a49e5dc5c0d27605048b15591e07892	application/octet-stream
eStab_0.9/tags/ver0.9.11/4fach/design/second/010.jpg	svn:mime-type	1e86d1bc52f24f75cdba3765b30e79519a49e5dc5c0d27605048b15591e07892	application/octet-stream
eStab_0.9/tags/ver0.9.11/4fach/design/second/011.jpg	svn:mime-type	1e86d1bc52f24f75cdba3765b30e79519a49e5dc5c0d27605048b15591e07892	application/octet-stream
eStab_0.9/tags/ver0.9.11/4fach/design/second/012.jpg	svn:mime-type	1e86d1bc52f24f75cdba3765b30e79519a49e5dc5c0d27605048b15591e07892	application/octet-stream
eStab_0.9/tags/ver0.9.11/4fach/design/second/012a.jpg	svn:mime-type	1e86d1bc52f24f75cdba3765b30e79519a49e5dc5c0d27605048b15591e07892	application/octet-stream
eStab_0.9/tags/ver0.9.11/4fach/design/second/012b.jpg	svn:mime-type	1e86d1bc52f24f75cdba3765b30e79519a49e5dc5c0d27605048b15591e07892	application/octet-stream
eStab_0.9/tags/ver0.9.11/4fach/design/second/013.jpg	svn:mime-type	1e86d1bc52f24f75cdba3765b30e79519a49e5dc5c0d27605048b15591e07892	application/octet-stream
eStab_0.9/tags/ver0.9.11/4fach/design/second/014.jpg	svn:mime-type	1e86d1bc52f24f75cdba3765b30e79519a49e5dc5c0d27605048b15591e07892	application/octet-stream
eStab_0.9/tags/ver0.9.11/4fach/design/second/015.jpg	svn:mime-type	1e86d1bc52f24f75cdba3765b30e79519a49e5dc5c0d27605048b15591e07892	application/octet-stream
eStab_0.9/tags/ver0.9.11/4fach/design/second/016.jpg	svn:mime-type	1e86d1bc52f24f75cdba3765b30e79519a49e5dc5c0d27605048b15591e07892	application/octet-stream
eStab_0.9/tags/ver0.9.11/4fach/design/second/017.jpg	svn:mime-type	1e86d1bc52f24f75cdba3765b30e79519a49e5dc5c0d27605048b15591e07892	application/octet-stream
eStab_0.9/tags/ver0.9.11/4fach/design/second/018.gif	svn:mime-type	1e86d1bc52f24f75cdba3765b30e79519a49e5dc5c0d27605048b15591e07892	application/octet-stream
eStab_0.9/tags/ver0.9.11/4fach/design/second/019.gif	svn:mime-type	1e86d1bc52f24f75cdba3765b30e79519a49e5dc5c0d27605048b15591e07892	application/octet-stream
eStab_0.9/tags/ver0.9.11/4fach/design/second/020.png	svn:mime-type	1e86d1bc52f24f75cdba3765b30e79519a49e5dc5c0d27605048b15591e07892	application/octet-stream
eStab_0.9/tags/ver0.9.11/4fach/design/second/021.png	svn:mime-type	1e86d1bc52f24f75cdba3765b30e79519a49e5dc5c0d27605048b15591e07892	application/octet-stream
eStab_0.9/tags/ver0.9.11/4fach/design/second/022.png	svn:mime-type	1e86d1bc52f24f75cdba3765b30e79519a49e5dc5c0d27605048b15591e07892	application/octet-stream
eStab_0.9/tags/ver0.9.11/4fach/design/second/023.png	svn:mime-type	1e86d1bc52f24f75cdba3765b30e79519a49e5dc5c0d27605048b15591e07892	application/octet-stream
eStab_0.9/tags/ver0.9.11/4fach/design/second/024.jpg	svn:mime-type	1e86d1bc52f24f75cdba3765b30e79519a49e5dc5c0d27605048b15591e07892	application/octet-stream
eStab_0.9/tags/ver0.9.11/4fach/design/second/025.gif	svn:mime-type	1e86d1bc52f24f75cdba3765b30e79519a49e5dc5c0d27605048b15591e07892	application/octet-stream
eStab_0.9/tags/ver0.9.11/4fach/design/second/026.gif	svn:mime-type	1e86d1bc52f24f75cdba3765b30e79519a49e5dc5c0d27605048b15591e07892	application/octet-stream
eStab_0.9/tags/ver0.9.11/4fach/design/second/027.gif	svn:mime-type	1e86d1bc52f24f75cdba3765b30e79519a49e5dc5c0d27605048b15591e07892	application/octet-stream
eStab_0.9/tags/ver0.9.11/4fach/design/second/028.gif	svn:mime-type	1e86d1bc52f24f75cdba3765b30e79519a49e5dc5c0d27605048b15591e07892	application/octet-stream
eStab_0.9/tags/ver0.9.11/4fach/design/second/028.jpg	svn:mime-type	1e86d1bc52f24f75cdba3765b30e79519a49e5dc5c0d27605048b15591e07892	application/octet-stream
eStab_0.9/tags/ver0.9.11/4fach/design/second/029.gif	svn:mime-type	1e86d1bc52f24f75cdba3765b30e79519a49e5dc5c0d27605048b15591e07892	application/octet-stream
eStab_0.9/tags/ver0.9.11/4fach/design/second/029.jpg	svn:mime-type	1e86d1bc52f24f75cdba3765b30e79519a49e5dc5c0d27605048b15591e07892	application/octet-stream
eStab_0.9/tags/ver0.9.11/4fach/design/second/030.jpg	svn:mime-type	1e86d1bc52f24f75cdba3765b30e79519a49e5dc5c0d27605048b15591e07892	application/octet-stream
eStab_0.9/tags/ver0.9.11/4fach/design/second/031.jpg	svn:mime-type	1e86d1bc52f24f75cdba3765b30e79519a49e5dc5c0d27605048b15591e07892	application/octet-stream
eStab_0.9/tags/ver0.9.11/4fach/design/second/032.jpg	svn:mime-type	1e86d1bc52f24f75cdba3765b30e79519a49e5dc5c0d27605048b15591e07892	application/octet-stream
eStab_0.9/tags/ver0.9.11/4fach/design/second/033.gif	svn:mime-type	1e86d1bc52f24f75cdba3765b30e79519a49e5dc5c0d27605048b15591e07892	application/octet-stream
eStab_0.9/tags/ver0.9.11/4fach/design/second/033.png	svn:mime-type	1e86d1bc52f24f75cdba3765b30e79519a49e5dc5c0d27605048b15591e07892	application/octet-stream
eStab_0.9/tags/ver0.9.11/4fach/design/second/034.gif	svn:mime-type	1e86d1bc52f24f75cdba3765b30e79519a49e5dc5c0d27605048b15591e07892	application/octet-stream
eStab_0.9/tags/ver0.9.11/4fach/design/second/035.png	svn:mime-type	1e86d1bc52f24f75cdba3765b30e79519a49e5dc5c0d27605048b15591e07892	application/octet-stream
eStab_0.9/tags/ver0.9.11/4fach/design/second/035a.png	svn:mime-type	1e86d1bc52f24f75cdba3765b30e79519a49e5dc5c0d27605048b15591e07892	application/octet-stream
eStab_0.9/tags/ver0.9.11/4fach/design/second/038.jpg	svn:mime-type	1e86d1bc52f24f75cdba3765b30e79519a49e5dc5c0d27605048b15591e07892	application/octet-stream
eStab_0.9/tags/ver0.9.11/4fach/design/second/040.jpg	svn:mime-type	1e86d1bc52f24f75cdba3765b30e79519a49e5dc5c0d27605048b15591e07892	application/octet-stream
eStab_0.9/tags/ver0.9.11/4fach/design/second/050.gif	svn:mime-type	1e86d1bc52f24f75cdba3765b30e79519a49e5dc5c0d27605048b15591e07892	application/octet-stream
eStab_0.9/tags/ver0.9.11/4fach/design/second/051.gif	svn:mime-type	1e86d1bc52f24f75cdba3765b30e79519a49e5dc5c0d27605048b15591e07892	application/octet-stream
eStab_0.9/tags/ver0.9.11/4fach/design/second/060.jpg	svn:mime-type	1e86d1bc52f24f75cdba3765b30e79519a49e5dc5c0d27605048b15591e07892	application/octet-stream
eStab_0.9/tags/ver0.9.11/4fach/design/second/060.png	svn:mime-type	1e86d1bc52f24f75cdba3765b30e79519a49e5dc5c0d27605048b15591e07892	application/octet-stream
eStab_0.9/tags/ver0.9.11/4fach/design/second/061.png	svn:mime-type	1e86d1bc52f24f75cdba3765b30e79519a49e5dc5c0d27605048b15591e07892	application/octet-stream
eStab_0.9/tags/ver0.9.11/4fach/design/second/101.gif	svn:mime-type	1e86d1bc52f24f75cdba3765b30e79519a49e5dc5c0d27605048b15591e07892	application/octet-stream
eStab_0.9/tags/ver0.9.11/4fach/design/second/102.gif	svn:mime-type	1e86d1bc52f24f75cdba3765b30e79519a49e5dc5c0d27605048b15591e07892	application/octet-stream
eStab_0.9/tags/ver0.9.11/4fach/design/second/103.gif	svn:mime-type	1e86d1bc52f24f75cdba3765b30e79519a49e5dc5c0d27605048b15591e07892	application/octet-stream
eStab_0.9/tags/ver0.9.11/4fach/design/second/104.gif	svn:mime-type	1e86d1bc52f24f75cdba3765b30e79519a49e5dc5c0d27605048b15591e07892	application/octet-stream
eStab_0.9/tags/ver0.9.11/4fach/design/second/110.gif	svn:mime-type	1e86d1bc52f24f75cdba3765b30e79519a49e5dc5c0d27605048b15591e07892	application/octet-stream
eStab_0.9/tags/ver0.9.11/4fach/design/second/111.gif	svn:mime-type	1e86d1bc52f24f75cdba3765b30e79519a49e5dc5c0d27605048b15591e07892	application/octet-stream
eStab_0.9/tags/ver0.9.11/4fach/design/second/112.png	svn:mime-type	1e86d1bc52f24f75cdba3765b30e79519a49e5dc5c0d27605048b15591e07892	application/octet-stream
eStab_0.9/tags/ver0.9.11/4fach/design/second/113.png	svn:mime-type	1e86d1bc52f24f75cdba3765b30e79519a49e5dc5c0d27605048b15591e07892	application/octet-stream
eStab_0.9/tags/ver0.9.11/4fach/design/second/115.gif	svn:mime-type	1e86d1bc52f24f75cdba3765b30e79519a49e5dc5c0d27605048b15591e07892	application/octet-stream
eStab_0.9/tags/ver0.9.11/4fach/design/second/116.jpg	svn:mime-type	1e86d1bc52f24f75cdba3765b30e79519a49e5dc5c0d27605048b15591e07892	application/octet-stream
eStab_0.9/tags/ver0.9.11/4fach/design/second/117.jpg	svn:mime-type	1e86d1bc52f24f75cdba3765b30e79519a49e5dc5c0d27605048b15591e07892	application/octet-stream
eStab_0.9/tags/ver0.9.11/4fach/design/second/118.jpg	svn:mime-type	1e86d1bc52f24f75cdba3765b30e79519a49e5dc5c0d27605048b15591e07892	application/octet-stream
eStab_0.9/tags/ver0.9.11/4fach/design/second/119.jpg	svn:mime-type	1e86d1bc52f24f75cdba3765b30e79519a49e5dc5c0d27605048b15591e07892	application/octet-stream
eStab_0.9/tags/ver0.9.11/4fach/design/second/120.gif	svn:mime-type	1e86d1bc52f24f75cdba3765b30e79519a49e5dc5c0d27605048b15591e07892	application/octet-stream
eStab_0.9/tags/ver0.9.11/4fach/design/second/120.jpg	svn:mime-type	1e86d1bc52f24f75cdba3765b30e79519a49e5dc5c0d27605048b15591e07892	application/octet-stream
eStab_0.9/tags/ver0.9.11/4fach/design/second/121.jpg	svn:mime-type	1e86d1bc52f24f75cdba3765b30e79519a49e5dc5c0d27605048b15591e07892	application/octet-stream
eStab_0.9/tags/ver0.9.11/4fach/design/second/1255.jpg	svn:mime-type	1e86d1bc52f24f75cdba3765b30e79519a49e5dc5c0d27605048b15591e07892	application/octet-stream
eStab_0.9/tags/ver0.9.11/4fach/design/second/24-book-blue-check.png	svn:mime-type	1e86d1bc52f24f75cdba3765b30e79519a49e5dc5c0d27605048b15591e07892	application/octet-stream
eStab_0.9/tags/ver0.9.11/4fach/design/second/A025.png	svn:mime-type	1e86d1bc52f24f75cdba3765b30e79519a49e5dc5c0d27605048b15591e07892	application/octet-stream
eStab_0.9/tags/ver0.9.11/4fach/design/second/A026.png	svn:mime-type	1e86d1bc52f24f75cdba3765b30e79519a49e5dc5c0d27605048b15591e07892	application/octet-stream
eStab_0.9/tags/ver0.9.11/4fach/design/second/A027.png	svn:mime-type	1e86d1bc52f24f75cdba3765b30e79519a49e5dc5c0d27605048b15591e07892	application/octet-stream
eStab_0.9/tags/ver0.9.11/4fach/design/second/A028.gif	svn:mime-type	1e86d1bc52f24f75cdba3765b30e79519a49e5dc5c0d27605048b15591e07892	application/octet-stream
eStab_0.9/tags/ver0.9.11/4fach/design/second/Thumbs.db	svn:mime-type	1e86d1bc52f24f75cdba3765b30e79519a49e5dc5c0d27605048b15591e07892	application/octet-stream
eStab_0.9/tags/ver0.9.11/4fach/design/second/bl.png	svn:mime-type	1e86d1bc52f24f75cdba3765b30e79519a49e5dc5c0d27605048b15591e07892	application/octet-stream
eStab_0.9/tags/ver0.9.11/4fach/design/second/checked.gif	svn:mime-type	1e86d1bc52f24f75cdba3765b30e79519a49e5dc5c0d27605048b15591e07892	application/octet-stream
eStab_0.9/tags/ver0.9.11/4fach/design/second/gn.png	svn:mime-type	1e86d1bc52f24f75cdba3765b30e79519a49e5dc5c0d27605048b15591e07892	application/octet-stream
eStab_0.9/tags/ver0.9.11/4fach/design/second/info.gif	svn:mime-type	1e86d1bc52f24f75cdba3765b30e79519a49e5dc5c0d27605048b15591e07892	application/octet-stream
eStab_0.9/tags/ver0.9.11/4fach/design/second/move.gif	svn:mime-type	1e86d1bc52f24f75cdba3765b30e79519a49e5dc5c0d27605048b15591e07892	application/octet-stream
eStab_0.9/tags/ver0.9.11/4fach/design/second/null.gif	svn:mime-type	1e86d1bc52f24f75cdba3765b30e79519a49e5dc5c0d27605048b15591e07892	application/octet-stream
eStab_0.9/tags/ver0.9.11/4fach/design/second/null.jpg	svn:mime-type	1e86d1bc52f24f75cdba3765b30e79519a49e5dc5c0d27605048b15591e07892	application/octet-stream
eStab_0.9/tags/ver0.9.11/4fach/design/second/second.bs	svn:mime-type	1e86d1bc52f24f75cdba3765b30e79519a49e5dc5c0d27605048b15591e07892	application/octet-stream
eStab_0.9/tags/ver0.9.11/4fach/design/second/vor.gif	svn:mime-type	1e86d1bc52f24f75cdba3765b30e79519a49e5dc5c0d27605048b15591e07892	application/octet-stream
eStab_0.9/tags/ver0.9.11/4fach/design/simple/001.jpg	svn:mime-type	1e86d1bc52f24f75cdba3765b30e79519a49e5dc5c0d27605048b15591e07892	application/octet-stream
eStab_0.9/tags/ver0.9.11/4fach/design/simple/002.jpg	svn:mime-type	1e86d1bc52f24f75cdba3765b30e79519a49e5dc5c0d27605048b15591e07892	application/octet-stream
eStab_0.9/tags/ver0.9.11/4fach/design/simple/003.jpg	svn:mime-type	1e86d1bc52f24f75cdba3765b30e79519a49e5dc5c0d27605048b15591e07892	application/octet-stream
eStab_0.9/tags/ver0.9.11/4fach/design/simple/004.jpg	svn:mime-type	1e86d1bc52f24f75cdba3765b30e79519a49e5dc5c0d27605048b15591e07892	application/octet-stream
eStab_0.9/tags/ver0.9.11/4fach/design/simple/004a.jpg	svn:mime-type	1e86d1bc52f24f75cdba3765b30e79519a49e5dc5c0d27605048b15591e07892	application/octet-stream
eStab_0.9/tags/ver0.9.11/4fach/design/simple/005.jpg	svn:mime-type	1e86d1bc52f24f75cdba3765b30e79519a49e5dc5c0d27605048b15591e07892	application/octet-stream
eStab_0.9/tags/ver0.9.11/4fach/design/simple/006.jpg	svn:mime-type	1e86d1bc52f24f75cdba3765b30e79519a49e5dc5c0d27605048b15591e07892	application/octet-stream
eStab_0.9/tags/ver0.9.11/4fach/design/simple/007.jpg	svn:mime-type	1e86d1bc52f24f75cdba3765b30e79519a49e5dc5c0d27605048b15591e07892	application/octet-stream
eStab_0.9/tags/ver0.9.11/4fach/design/simple/008.jpg	svn:mime-type	1e86d1bc52f24f75cdba3765b30e79519a49e5dc5c0d27605048b15591e07892	application/octet-stream
eStab_0.9/tags/ver0.9.11/4fach/design/simple/009.jpg	svn:mime-type	1e86d1bc52f24f75cdba3765b30e79519a49e5dc5c0d27605048b15591e07892	application/octet-stream
eStab_0.9/tags/ver0.9.11/4fach/design/simple/010.jpg	svn:mime-type	1e86d1bc52f24f75cdba3765b30e79519a49e5dc5c0d27605048b15591e07892	application/octet-stream
eStab_0.9/tags/ver0.9.11/4fach/design/simple/011.jpg	svn:mime-type	1e86d1bc52f24f75cdba3765b30e79519a49e5dc5c0d27605048b15591e07892	application/octet-stream
eStab_0.9/tags/ver0.9.11/4fach/design/simple/012.jpg	svn:mime-type	1e86d1bc52f24f75cdba3765b30e79519a49e5dc5c0d27605048b15591e07892	application/octet-stream
eStab_0.9/tags/ver0.9.11/4fach/design/simple/012a.jpg	svn:mime-type	1e86d1bc52f24f75cdba3765b30e79519a49e5dc5c0d27605048b15591e07892	application/octet-stream
eStab_0.9/tags/ver0.9.11/4fach/design/simple/012b.jpg	svn:mime-type	1e86d1bc52f24f75cdba3765b30e79519a49e5dc5c0d27605048b15591e07892	application/octet-stream
eStab_0.9/tags/ver0.9.11/4fach/design/simple/013.jpg	svn:mime-type	1e86d1bc52f24f75cdba3765b30e79519a49e5dc5c0d27605048b15591e07892	application/octet-stream
eStab_0.9/tags/ver0.9.11/4fach/design/simple/014.jpg	svn:mime-type	1e86d1bc52f24f75cdba3765b30e79519a49e5dc5c0d27605048b15591e07892	application/octet-stream
eStab_0.9/tags/ver0.9.11/4fach/design/simple/015.jpg	svn:mime-type	1e86d1bc52f24f75cdba3765b30e79519a49e5dc5c0d27605048b15591e07892	application/octet-stream
eStab_0.9/tags/ver0.9.11/4fach/design/simple/016.jpg	svn:mime-type	1e86d1bc52f24f75cdba3765b30e79519a49e5dc5c0d27605048b15591e07892	application/octet-stream
eStab_0.9/tags/ver0.9.11/4fach/design/simple/017.jpg	svn:mime-type	1e86d1bc52f24f75cdba3765b30e79519a49e5dc5c0d27605048b15591e07892	application/octet-stream
eStab_0.9/tags/ver0.9.11/4fach/design/simple/018.gif	svn:mime-type	1e86d1bc52f24f75cdba3765b30e79519a49e5dc5c0d27605048b15591e07892	application/octet-stream
eStab_0.9/tags/ver0.9.11/4fach/design/simple/019.gif	svn:mime-type	1e86d1bc52f24f75cdba3765b30e79519a49e5dc5c0d27605048b15591e07892	application/octet-stream
eStab_0.9/tags/ver0.9.11/4fach/design/simple/020.png	svn:mime-type	1e86d1bc52f24f75cdba3765b30e79519a49e5dc5c0d27605048b15591e07892	application/octet-stream
eStab_0.9/tags/ver0.9.11/4fach/design/simple/021.png	svn:mime-type	1e86d1bc52f24f75cdba3765b30e79519a49e5dc5c0d27605048b15591e07892	application/octet-stream
eStab_0.9/tags/ver0.9.11/4fach/design/simple/022.png	svn:mime-type	1e86d1bc52f24f75cdba3765b30e79519a49e5dc5c0d27605048b15591e07892	application/octet-stream
eStab_0.9/tags/ver0.9.11/4fach/design/simple/023.png	svn:mime-type	1e86d1bc52f24f75cdba3765b30e79519a49e5dc5c0d27605048b15591e07892	application/octet-stream
eStab_0.9/tags/ver0.9.11/4fach/design/simple/024.jpg	svn:mime-type	1e86d1bc52f24f75cdba3765b30e79519a49e5dc5c0d27605048b15591e07892	application/octet-stream
eStab_0.9/tags/ver0.9.11/4fach/design/simple/025.gif	svn:mime-type	1e86d1bc52f24f75cdba3765b30e79519a49e5dc5c0d27605048b15591e07892	application/octet-stream
eStab_0.9/tags/ver0.9.11/4fach/design/simple/026.gif	svn:mime-type	1e86d1bc52f24f75cdba3765b30e79519a49e5dc5c0d27605048b15591e07892	application/octet-stream
eStab_0.9/tags/ver0.9.11/4fach/design/simple/027.gif	svn:mime-type	1e86d1bc52f24f75cdba3765b30e79519a49e5dc5c0d27605048b15591e07892	application/octet-stream
eStab_0.9/tags/ver0.9.11/4fach/design/simple/028.gif	svn:mime-type	1e86d1bc52f24f75cdba3765b30e79519a49e5dc5c0d27605048b15591e07892	application/octet-stream
eStab_0.9/tags/ver0.9.11/4fach/design/simple/028.jpg	svn:mime-type	1e86d1bc52f24f75cdba3765b30e79519a49e5dc5c0d27605048b15591e07892	application/octet-stream
eStab_0.9/tags/ver0.9.11/4fach/design/simple/029.gif	svn:mime-type	1e86d1bc52f24f75cdba3765b30e79519a49e5dc5c0d27605048b15591e07892	application/octet-stream
eStab_0.9/tags/ver0.9.11/4fach/design/simple/029.jpg	svn:mime-type	1e86d1bc52f24f75cdba3765b30e79519a49e5dc5c0d27605048b15591e07892	application/octet-stream
eStab_0.9/tags/ver0.9.11/4fach/design/simple/030.jpg	svn:mime-type	1e86d1bc52f24f75cdba3765b30e79519a49e5dc5c0d27605048b15591e07892	application/octet-stream
eStab_0.9/tags/ver0.9.11/4fach/design/simple/031.JPG	svn:mime-type	1e86d1bc52f24f75cdba3765b30e79519a49e5dc5c0d27605048b15591e07892	application/octet-stream
eStab_0.9/tags/ver0.9.11/4fach/design/simple/035.jpg	svn:mime-type	1e86d1bc52f24f75cdba3765b30e79519a49e5dc5c0d27605048b15591e07892	application/octet-stream
eStab_0.9/tags/ver0.9.11/4fach/design/simple/040.jpg	svn:mime-type	1e86d1bc52f24f75cdba3765b30e79519a49e5dc5c0d27605048b15591e07892	application/octet-stream
eStab_0.9/tags/ver0.9.11/4fach/design/simple/050.gif	svn:mime-type	1e86d1bc52f24f75cdba3765b30e79519a49e5dc5c0d27605048b15591e07892	application/octet-stream
eStab_0.9/tags/ver0.9.11/4fach/design/simple/051.gif	svn:mime-type	1e86d1bc52f24f75cdba3765b30e79519a49e5dc5c0d27605048b15591e07892	application/octet-stream
eStab_0.9/tags/ver0.9.11/4fach/design/simple/A025.png	svn:mime-type	1e86d1bc52f24f75cdba3765b30e79519a49e5dc5c0d27605048b15591e07892	application/octet-stream
eStab_0.9/tags/ver0.9.11/4fach/design/simple/A026.png	svn:mime-type	1e86d1bc52f24f75cdba3765b30e79519a49e5dc5c0d27605048b15591e07892	application/octet-stream
eStab_0.9/tags/ver0.9.11/4fach/design/simple/A027.png	svn:mime-type	1e86d1bc52f24f75cdba3765b30e79519a49e5dc5c0d27605048b15591e07892	application/octet-stream
eStab_0.9/tags/ver0.9.11/4fach/design/simple/A028.gif	svn:mime-type	1e86d1bc52f24f75cdba3765b30e79519a49e5dc5c0d27605048b15591e07892	application/octet-stream
eStab_0.9/tags/ver0.9.11/4fach/design/simple/bl.png	svn:mime-type	1e86d1bc52f24f75cdba3765b30e79519a49e5dc5c0d27605048b15591e07892	application/octet-stream
eStab_0.9/tags/ver0.9.11/4fach/design/simple/gn.png	svn:mime-type	1e86d1bc52f24f75cdba3765b30e79519a49e5dc5c0d27605048b15591e07892	application/octet-stream
eStab_0.9/tags/ver0.9.11/4fach/design/simple/info.gif	svn:mime-type	1e86d1bc52f24f75cdba3765b30e79519a49e5dc5c0d27605048b15591e07892	application/octet-stream
eStab_0.9/tags/ver0.9.11/4fach/design/simple/move.gif	svn:mime-type	1e86d1bc52f24f75cdba3765b30e79519a49e5dc5c0d27605048b15591e07892	application/octet-stream
eStab_0.9/tags/ver0.9.11/4fach/design/simple/notify.wav	svn:mime-type	1e86d1bc52f24f75cdba3765b30e79519a49e5dc5c0d27605048b15591e07892	application/octet-stream
eStab_0.9/tags/ver0.9.11/4fach/design/simple/null.gif	svn:mime-type	1e86d1bc52f24f75cdba3765b30e79519a49e5dc5c0d27605048b15591e07892	application/octet-stream
eStab_0.9/tags/ver0.9.11/4fach/design/simple/null.jpg	svn:mime-type	1e86d1bc52f24f75cdba3765b30e79519a49e5dc5c0d27605048b15591e07892	application/octet-stream
eStab_0.9/tags/ver0.9.11/4fach/design/simple/simple.bs	svn:mime-type	1e86d1bc52f24f75cdba3765b30e79519a49e5dc5c0d27605048b15591e07892	application/octet-stream
eStab_0.9/tags/ver0.9.11/4fach/design/simple/vor.gif	svn:mime-type	1e86d1bc52f24f75cdba3765b30e79519a49e5dc5c0d27605048b15591e07892	application/octet-stream
eStab_0.9/tags/ver0.9.11/4fach/null.gif	svn:mime-type	1e86d1bc52f24f75cdba3765b30e79519a49e5dc5c0d27605048b15591e07892	application/octet-stream
eStab_0.9/tags/ver0.9.11/4fach/null.jpg	svn:mime-type	1e86d1bc52f24f75cdba3765b30e79519a49e5dc5c0d27605048b15591e07892	application/octet-stream
eStab_0.9/tags/ver0.9.11/bak/fonts/Activa.ttf	svn:mime-type	1e86d1bc52f24f75cdba3765b30e79519a49e5dc5c0d27605048b15591e07892	application/octet-stream
eStab_0.9/tags/ver0.9.11/bak/fonts/Alpha Beta BRK.ttf	svn:mime-type	1e86d1bc52f24f75cdba3765b30e79519a49e5dc5c0d27605048b15591e07892	application/octet-stream
eStab_0.9/tags/ver0.9.11/bak/fonts/Alpha Romanie G98.ttf	svn:mime-type	1e86d1bc52f24f75cdba3765b30e79519a49e5dc5c0d27605048b15591e07892	application/octet-stream
eStab_0.9/tags/ver0.9.11/bak/fonts/Garrison Cond. Sans BOLD.ttf	svn:mime-type	1e86d1bc52f24f75cdba3765b30e79519a49e5dc5c0d27605048b15591e07892	application/octet-stream
eStab_0.9/tags/ver0.9.11/bak/fonts/Garrison Cond. Sans.ttf	svn:mime-type	1e86d1bc52f24f75cdba3765b30e79519a49e5dc5c0d27605048b15591e07892	application/octet-stream
eStab_0.9/tags/ver0.9.11/bak/fonts/Garrison ExtraBold Sans BOLD.ttf	svn:mime-type	1e86d1bc52f24f75cdba3765b30e79519a49e5dc5c0d27605048b15591e07892	application/octet-stream
eStab_0.9/tags/ver0.9.11/bak/fonts/Garrison ExtraCond. Sans.ttf	svn:mime-type	1e86d1bc52f24f75cdba3765b30e79519a49e5dc5c0d27605048b15591e07892	application/octet-stream
eStab_0.9/tags/ver0.9.11/bak/fonts/Garrison Light Sans BOLD.ttf	svn:mime-type	1e86d1bc52f24f75cdba3765b30e79519a49e5dc5c0d27605048b15591e07892	application/octet-stream
eStab_0.9/tags/ver0.9.11/bak/fonts/Garrison Light Sans BOLDITALIC.ttf	svn:mime-type	1e86d1bc52f24f75cdba3765b30e79519a49e5dc5c0d27605048b15591e07892	application/octet-stream
eStab_0.9/tags/ver0.9.11/bak/fonts/Garrison Light Sans ITALIC.ttf	svn:mime-type	1e86d1bc52f24f75cdba3765b30e79519a49e5dc5c0d27605048b15591e07892	application/octet-stream
eStab_0.9/tags/ver0.9.11/bak/fonts/Garrison Light Sans.ttf	svn:mime-type	1e86d1bc52f24f75cdba3765b30e79519a49e5dc5c0d27605048b15591e07892	application/octet-stream
eStab_0.9/tags/ver0.9.11/bak/fonts/Garrison Sans BOLD.ttf	svn:mime-type	1e86d1bc52f24f75cdba3765b30e79519a49e5dc5c0d27605048b15591e07892	application/octet-stream
eStab_0.9/tags/ver0.9.11/bak/fonts/Garrison Sans BOLDITALIC.ttf	svn:mime-type	1e86d1bc52f24f75cdba3765b30e79519a49e5dc5c0d27605048b15591e07892	application/octet-stream
eStab_0.9/tags/ver0.9.11/bak/fonts/Garrison Sans ITALIC.ttf	svn:mime-type	1e86d1bc52f24f75cdba3765b30e79519a49e5dc5c0d27605048b15591e07892	application/octet-stream
eStab_0.9/tags/ver0.9.11/bak/fonts/Garrison Sans.ttf	svn:mime-type	1e86d1bc52f24f75cdba3765b30e79519a49e5dc5c0d27605048b15591e07892	application/octet-stream
eStab_0.9/tags/ver0.9.11/bak/fonts/georgia.ttf	svn:mime-type	1e86d1bc52f24f75cdba3765b30e79519a49e5dc5c0d27605048b15591e07892	application/octet-stream
eStab_0.9/tags/ver0.9.11/bak/fonts/georgiab.ttf	svn:mime-type	1e86d1bc52f24f75cdba3765b30e79519a49e5dc5c0d27605048b15591e07892	application/octet-stream
eStab_0.9/tags/ver0.9.11/bak/fonts/georgiai.ttf	svn:mime-type	1e86d1bc52f24f75cdba3765b30e79519a49e5dc5c0d27605048b15591e07892	application/octet-stream
eStab_0.9/tags/ver0.9.11/bak/fonts/georgiaz.ttf	svn:mime-type	1e86d1bc52f24f75cdba3765b30e79519a49e5dc5c0d27605048b15591e07892	application/octet-stream
eStab_0.9/tags/ver0.9.11/etb/Thumbs.db	svn:mime-type	1e86d1bc52f24f75cdba3765b30e79519a49e5dc5c0d27605048b15591e07892	application/octet-stream
eStab_0.9/tags/ver0.9.11/etb/null.gif	svn:mime-type	1e86d1bc52f24f75cdba3765b30e79519a49e5dc5c0d27605048b15591e07892	application/octet-stream
eStab_0.9/tags/ver0.9.11/etb/null.jpg	svn:mime-type	1e86d1bc52f24f75cdba3765b30e79519a49e5dc5c0d27605048b15591e07892	application/octet-stream
eStab_0.9/tags/ver0.9.11/info/ELStab.jpg	svn:mime-type	1e86d1bc52f24f75cdba3765b30e79519a49e5dc5c0d27605048b15591e07892	application/octet-stream
eStab_0.9/tags/ver0.9.11/info/Warendorf L4112 Kartendatum ED50.png	svn:mime-type	1e86d1bc52f24f75cdba3765b30e79519a49e5dc5c0d27605048b15591e07892	application/octet-stream
eStab_0.9/tags/ver0.9.11/info/Warendorf L4112 Kartendatum WGS84.png	svn:mime-type	1e86d1bc52f24f75cdba3765b30e79519a49e5dc5c0d27605048b15591e07892	application/octet-stream
eStab_0.9/tags/ver0.9.11/symbole/4fach_aktiv.png	svn:mime-type	1e86d1bc52f24f75cdba3765b30e79519a49e5dc5c0d27605048b15591e07892	application/octet-stream
eStab_0.9/tags/ver0.9.11/symbole/4fach_inaktiv.png	svn:mime-type	1e86d1bc52f24f75cdba3765b30e79519a49e5dc5c0d27605048b15591e07892	application/octet-stream
eStab_0.9/tags/ver0.9.11/symbole/IuK.bmp	svn:mime-type	1e86d1bc52f24f75cdba3765b30e79519a49e5dc5c0d27605048b15591e07892	application/octet-stream
eStab_0.9/tags/ver0.9.11/symbole/Thumbs.db	svn:mime-type	1e86d1bc52f24f75cdba3765b30e79519a49e5dc5c0d27605048b15591e07892	application/octet-stream
eStab_0.9/tags/ver0.9.11/symbole/abc_aktiv.png	svn:mime-type	1e86d1bc52f24f75cdba3765b30e79519a49e5dc5c0d27605048b15591e07892	application/octet-stream
eStab_0.9/tags/ver0.9.11/symbole/abc_inaktiv.png	svn:mime-type	1e86d1bc52f24f75cdba3765b30e79519a49e5dc5c0d27605048b15591e07892	application/octet-stream
eStab_0.9/tags/ver0.9.11/symbole/achtung.gif	svn:mime-type	1e86d1bc52f24f75cdba3765b30e79519a49e5dc5c0d27605048b15591e07892	application/octet-stream
eStab_0.9/tags/ver0.9.11/symbole/achtung01.gif	svn:mime-type	1e86d1bc52f24f75cdba3765b30e79519a49e5dc5c0d27605048b15591e07892	application/octet-stream
eStab_0.9/tags/ver0.9.11/symbole/adm_aktiv.png	svn:mime-type	1e86d1bc52f24f75cdba3765b30e79519a49e5dc5c0d27605048b15591e07892	application/octet-stream
eStab_0.9/tags/ver0.9.11/symbole/adm_inaktiv.png	svn:mime-type	1e86d1bc52f24f75cdba3765b30e79519a49e5dc5c0d27605048b15591e07892	application/octet-stream
eStab_0.9/tags/ver0.9.11/symbole/bhp_aktiv.png	svn:mime-type	1e86d1bc52f24f75cdba3765b30e79519a49e5dc5c0d27605048b15591e07892	application/octet-stream
eStab_0.9/tags/ver0.9.11/symbole/bhp_inaktiv.png	svn:mime-type	1e86d1bc52f24f75cdba3765b30e79519a49e5dc5c0d27605048b15591e07892	application/octet-stream
eStab_0.9/tags/ver0.9.11/symbole/br.jpg	svn:mime-type	1e86d1bc52f24f75cdba3765b30e79519a49e5dc5c0d27605048b15591e07892	application/octet-stream
eStab_0.9/tags/ver0.9.11/symbole/db_aktiv.png	svn:mime-type	1e86d1bc52f24f75cdba3765b30e79519a49e5dc5c0d27605048b15591e07892	application/octet-stream
eStab_0.9/tags/ver0.9.11/symbole/db_inaktiv.png	svn:mime-type	1e86d1bc52f24f75cdba3765b30e79519a49e5dc5c0d27605048b15591e07892	application/octet-stream
eStab_0.9/tags/ver0.9.11/symbole/el80.gif	svn:mime-type	1e86d1bc52f24f75cdba3765b30e79519a49e5dc5c0d27605048b15591e07892	application/octet-stream
eStab_0.9/tags/ver0.9.11/symbole/el80.jpg	svn:mime-type	1e86d1bc52f24f75cdba3765b30e79519a49e5dc5c0d27605048b15591e07892	application/octet-stream
eStab_0.9/tags/ver0.9.11/symbole/el8001.jpg	svn:mime-type	1e86d1bc52f24f75cdba3765b30e79519a49e5dc5c0d27605048b15591e07892	application/octet-stream
eStab_0.9/tags/ver0.9.11/symbole/etb_aktiv.png	svn:mime-type	1e86d1bc52f24f75cdba3765b30e79519a49e5dc5c0d27605048b15591e07892	application/octet-stream
eStab_0.9/tags/ver0.9.11/symbole/etb_inaktiv.png	svn:mime-type	1e86d1bc52f24f75cdba3765b30e79519a49e5dc5c0d27605048b15591e07892	application/octet-stream
eStab_0.9/tags/ver0.9.11/symbole/greenlight.gif	svn:mime-type	1e86d1bc52f24f75cdba3765b30e79519a49e5dc5c0d27605048b15591e07892	application/octet-stream
eStab_0.9/tags/ver0.9.11/symbole/iuk_80.jpg	svn:mime-type	1e86d1bc52f24f75cdba3765b30e79519a49e5dc5c0d27605048b15591e07892	application/octet-stream
eStab_0.9/tags/ver0.9.11/symbole/iuk_hs80.jpg	svn:mime-type	1e86d1bc52f24f75cdba3765b30e79519a49e5dc5c0d27605048b15591e07892	application/octet-stream
eStab_0.9/tags/ver0.9.11/symbole/kh_aktiv.jpg	svn:mime-type	1e86d1bc52f24f75cdba3765b30e79519a49e5dc5c0d27605048b15591e07892	application/octet-stream
eStab_0.9/tags/ver0.9.11/symbole/kh_inaktiv.jpg	svn:mime-type	1e86d1bc52f24f75cdba3765b30e79519a49e5dc5c0d27605048b15591e07892	application/octet-stream
eStab_0.9/tags/ver0.9.11/symbole/merke.gif	svn:mime-type	1e86d1bc52f24f75cdba3765b30e79519a49e5dc5c0d27605048b15591e07892	application/octet-stream
eStab_0.9/tags/ver0.9.11/symbole/merke.jpg	svn:mime-type	1e86d1bc52f24f75cdba3765b30e79519a49e5dc5c0d27605048b15591e07892	application/octet-stream
eStab_0.9/tags/ver0.9.11/symbole/null.gif	svn:mime-type	1e86d1bc52f24f75cdba3765b30e79519a49e5dc5c0d27605048b15591e07892	application/octet-stream
eStab_0.9/tags/ver0.9.11/symbole/null.jpg	svn:mime-type	1e86d1bc52f24f75cdba3765b30e79519a49e5dc5c0d27605048b15591e07892	application/octet-stream
eStab_0.9/tags/ver0.9.11/symbole/nw.png	svn:mime-type	1e86d1bc52f24f75cdba3765b30e79519a49e5dc5c0d27605048b15591e07892	application/octet-stream
eStab_0.9/tags/ver0.9.11/symbole/nwa_aktiv.png	svn:mime-type	1e86d1bc52f24f75cdba3765b30e79519a49e5dc5c0d27605048b15591e07892	application/octet-stream
eStab_0.9/tags/ver0.9.11/symbole/nwe_aktiv.png	svn:mime-type	1e86d1bc52f24f75cdba3765b30e79519a49e5dc5c0d27605048b15591e07892	application/octet-stream
eStab_0.9/tags/ver0.9.11/symbole/nwea_aktiv.png	svn:mime-type	1e86d1bc52f24f75cdba3765b30e79519a49e5dc5c0d27605048b15591e07892	application/octet-stream
eStab_0.9/tags/ver0.9.11/symbole/nwea_inaktiv.png	svn:mime-type	1e86d1bc52f24f75cdba3765b30e79519a49e5dc5c0d27605048b15591e07892	application/octet-stream
eStab_0.9/tags/ver0.9.11/symbole/redlight.gif	svn:mime-type	1e86d1bc52f24f75cdba3765b30e79519a49e5dc5c0d27605048b15591e07892	application/octet-stream
eStab_0.9/tags/ver0.9.11/symbole/tbb_aktiv.png	svn:mime-type	1e86d1bc52f24f75cdba3765b30e79519a49e5dc5c0d27605048b15591e07892	application/octet-stream
eStab_0.9/tags/ver0.9.11/symbole/tbb_inaktiv.png	svn:mime-type	1e86d1bc52f24f75cdba3765b30e79519a49e5dc5c0d27605048b15591e07892	application/octet-stream
eStab_0.9/tags/ver0.9.11/symbole/vorsicht.gif	svn:mime-type	1e86d1bc52f24f75cdba3765b30e79519a49e5dc5c0d27605048b15591e07892	application/octet-stream
eStab_0.9/tags/ver0.9.11/symbole/yellowlight.gif	svn:mime-type	1e86d1bc52f24f75cdba3765b30e79519a49e5dc5c0d27605048b15591e07892	application/octet-stream
eStab_0.9/tags/ver0.9.12/4fach/design/HL0001/001.jpg	svn:mime-type	1e86d1bc52f24f75cdba3765b30e79519a49e5dc5c0d27605048b15591e07892	application/octet-stream
eStab_0.9/tags/ver0.9.12/4fach/design/HL0001/002.jpg	svn:mime-type	1e86d1bc52f24f75cdba3765b30e79519a49e5dc5c0d27605048b15591e07892	application/octet-stream
eStab_0.9/tags/ver0.9.12/4fach/design/HL0001/003.jpg	svn:mime-type	1e86d1bc52f24f75cdba3765b30e79519a49e5dc5c0d27605048b15591e07892	application/octet-stream
eStab_0.9/tags/ver0.9.12/4fach/design/HL0001/004.jpg	svn:mime-type	1e86d1bc52f24f75cdba3765b30e79519a49e5dc5c0d27605048b15591e07892	application/octet-stream
eStab_0.9/tags/ver0.9.12/4fach/design/HL0001/005.jpg	svn:mime-type	1e86d1bc52f24f75cdba3765b30e79519a49e5dc5c0d27605048b15591e07892	application/octet-stream
eStab_0.9/tags/ver0.9.12/4fach/design/HL0001/006.jpg	svn:mime-type	1e86d1bc52f24f75cdba3765b30e79519a49e5dc5c0d27605048b15591e07892	application/octet-stream
eStab_0.9/tags/ver0.9.12/4fach/design/HL0001/007.jpg	svn:mime-type	1e86d1bc52f24f75cdba3765b30e79519a49e5dc5c0d27605048b15591e07892	application/octet-stream
eStab_0.9/tags/ver0.9.12/4fach/design/HL0001/008.jpg	svn:mime-type	1e86d1bc52f24f75cdba3765b30e79519a49e5dc5c0d27605048b15591e07892	application/octet-stream
eStab_0.9/tags/ver0.9.12/4fach/design/HL0001/009.jpg	svn:mime-type	1e86d1bc52f24f75cdba3765b30e79519a49e5dc5c0d27605048b15591e07892	application/octet-stream
eStab_0.9/tags/ver0.9.12/4fach/design/HL0001/010.jpg	svn:mime-type	1e86d1bc52f24f75cdba3765b30e79519a49e5dc5c0d27605048b15591e07892	application/octet-stream
eStab_0.9/tags/ver0.9.12/4fach/design/HL0001/011.jpg	svn:mime-type	1e86d1bc52f24f75cdba3765b30e79519a49e5dc5c0d27605048b15591e07892	application/octet-stream
eStab_0.9/tags/ver0.9.12/4fach/design/HL0001/013.jpg	svn:mime-type	1e86d1bc52f24f75cdba3765b30e79519a49e5dc5c0d27605048b15591e07892	application/octet-stream
eStab_0.9/tags/ver0.9.12/4fach/design/HL0001/014.jpg	svn:mime-type	1e86d1bc52f24f75cdba3765b30e79519a49e5dc5c0d27605048b15591e07892	application/octet-stream
eStab_0.9/tags/ver0.9.12/4fach/design/HL0001/016.jpg	svn:mime-type	1e86d1bc52f24f75cdba3765b30e79519a49e5dc5c0d27605048b15591e07892	application/octet-stream
eStab_0.9/tags/ver0.9.12/4fach/design/HL0001/017.jpg	svn:mime-type	1e86d1bc52f24f75cdba3765b30e79519a49e5dc5c0d27605048b15591e07892	application/octet-stream
eStab_0.9/tags/ver0.9.12/4fach/design/HL0001/018.gif	svn:mime-type	1e86d1bc52f24f75cdba3765b30e79519a49e5dc5c0d27605048b15591e07892	application/octet-stream
eStab_0.9/tags/ver0.9.12/4fach/design/HL0001/020.gif	svn:mime-type	1e86d1bc52f24f75cdba3765b30e79519a49e5dc5c0d27605048b15591e07892	application/octet-stream
eStab_0.9/tags/ver0.9.12/4fach/design/HL0001/021.gif	svn:mime-type	1e86d1bc52f24f75cdba3765b30e79519a49e5dc5c0d27605048b15591e07892	application/octet-stream
eStab_0.9/tags/ver0.9.12/4fach/design/HL0001/022.gif	svn:mime-type	1e86d1bc52f24f75cdba3765b30e79519a49e5dc5c0d27605048b15591e07892	application/octet-stream
eStab_0.9/tags/ver0.9.12/4fach/design/HL0001/Buttonvorlage.bs	svn:mime-type	1e86d1bc52f24f75cdba3765b30e79519a49e5dc5c0d27605048b15591e07892	application/octet-stream
eStab_0.9/tags/ver0.9.12/4fach/design/HL0001/Buttonvorlage_gruen.bs	svn:mime-type	1e86d1bc52f24f75cdba3765b30e79519a49e5dc5c0d27605048b15591e07892	application/octet-stream
eStab_0.9/tags/ver0.9.12/4fach/design/HL0001/Buttonvorlage_hellblau.bs	svn:mime-type	1e86d1bc52f24f75cdba3765b30e79519a49e5dc5c0d27605048b15591e07892	application/octet-stream
eStab_0.9/tags/ver0.9.12/4fach/design/HL0001/Buttonvorlage_rot.bs	svn:mime-type	1e86d1bc52f24f75cdba3765b30e79519a49e5dc5c0d27605048b15591e07892	application/octet-stream
eStab_0.9/tags/ver0.9.12/4fach/design/HL0001/Kopie von abmelden.jpg	svn:mime-type	1e86d1bc52f24f75cdba3765b30e79519a49e5dc5c0d27605048b15591e07892	application/octet-stream
eStab_0.9/tags/ver0.9.12/4fach/design/HL0001/d_hoch01.gif	svn:mime-type	1e86d1bc52f24f75cdba3765b30e79519a49e5dc5c0d27605048b15591e07892	application/octet-stream
eStab_0.9/tags/ver0.9.12/4fach/design/HL0001/greenlight.gif	svn:mime-type	1e86d1bc52f24f75cdba3765b30e79519a49e5dc5c0d27605048b15591e07892	application/octet-stream
eStab_0.9/tags/ver0.9.12/4fach/design/HL0001/hochladen.JPG	svn:mime-type	1e86d1bc52f24f75cdba3765b30e79519a49e5dc5c0d27605048b15591e07892	application/octet-stream
eStab_0.9/tags/ver0.9.12/4fach/design/HL0001/n_sichten.jpg	svn:mime-type	1e86d1bc52f24f75cdba3765b30e79519a49e5dc5c0d27605048b15591e07892	application/octet-stream
eStab_0.9/tags/ver0.9.12/4fach/design/HL0001/null.gif	svn:mime-type	1e86d1bc52f24f75cdba3765b30e79519a49e5dc5c0d27605048b15591e07892	application/octet-stream
eStab_0.9/tags/ver0.9.12/4fach/design/HL0001/null.jpg	svn:mime-type	1e86d1bc52f24f75cdba3765b30e79519a49e5dc5c0d27605048b15591e07892	application/octet-stream
eStab_0.9/tags/ver0.9.12/4fach/design/HL0001/redlight.gif	svn:mime-type	1e86d1bc52f24f75cdba3765b30e79519a49e5dc5c0d27605048b15591e07892	application/octet-stream
eStab_0.9/tags/ver0.9.12/4fach/design/HL0001/yellowlight.gif	svn:mime-type	1e86d1bc52f24f75cdba3765b30e79519a49e5dc5c0d27605048b15591e07892	application/octet-stream
eStab_0.9/tags/ver0.9.12/4fach/design/HS/000.gif	svn:mime-type	1e86d1bc52f24f75cdba3765b30e79519a49e5dc5c0d27605048b15591e07892	application/octet-stream
eStab_0.9/tags/ver0.9.12/4fach/design/HS/2ndAssort.gif	svn:mime-type	1e86d1bc52f24f75cdba3765b30e79519a49e5dc5c0d27605048b15591e07892	application/octet-stream
eStab_0.9/tags/ver0.9.12/4fach/design/HS/_go_back.gif	svn:mime-type	1e86d1bc52f24f75cdba3765b30e79519a49e5dc5c0d27605048b15591e07892	application/octet-stream
eStab_0.9/tags/ver0.9.12/4fach/design/HS/_go_end.gif	svn:mime-type	1e86d1bc52f24f75cdba3765b30e79519a49e5dc5c0d27605048b15591e07892	application/octet-stream
eStab_0.9/tags/ver0.9.12/4fach/design/HS/_go_forward.gif	svn:mime-type	1e86d1bc52f24f75cdba3765b30e79519a49e5dc5c0d27605048b15591e07892	application/octet-stream
eStab_0.9/tags/ver0.9.12/4fach/design/HS/_go_start.gif	svn:mime-type	1e86d1bc52f24f75cdba3765b30e79519a49e5dc5c0d27605048b15591e07892	application/octet-stream
eStab_0.9/tags/ver0.9.12/4fach/design/HS/_status_blue.gif	svn:mime-type	1e86d1bc52f24f75cdba3765b30e79519a49e5dc5c0d27605048b15591e07892	application/octet-stream
eStab_0.9/tags/ver0.9.12/4fach/design/HS/_status_green.gif	svn:mime-type	1e86d1bc52f24f75cdba3765b30e79519a49e5dc5c0d27605048b15591e07892	application/octet-stream
eStab_0.9/tags/ver0.9.12/4fach/design/HS/_status_yellow.gif	svn:mime-type	1e86d1bc52f24f75cdba3765b30e79519a49e5dc5c0d27605048b15591e07892	application/octet-stream
eStab_0.9/tags/ver0.9.12/4fach/design/HS/all.gif	svn:mime-type	1e86d1bc52f24f75cdba3765b30e79519a49e5dc5c0d27605048b15591e07892	application/octet-stream
eStab_0.9/tags/ver0.9.12/4fach/design/HS/assort.gif	svn:mime-type	1e86d1bc52f24f75cdba3765b30e79519a49e5dc5c0d27605048b15591e07892	application/octet-stream
eStab_0.9/tags/ver0.9.12/4fach/design/HS/attachment.gif	svn:mime-type	1e86d1bc52f24f75cdba3765b30e79519a49e5dc5c0d27605048b15591e07892	application/octet-stream
eStab_0.9/tags/ver0.9.12/4fach/design/HS/cancel.gif	svn:mime-type	1e86d1bc52f24f75cdba3765b30e79519a49e5dc5c0d27605048b15591e07892	application/octet-stream
eStab_0.9/tags/ver0.9.12/4fach/design/HS/checked.gif	svn:mime-type	1e86d1bc52f24f75cdba3765b30e79519a49e5dc5c0d27605048b15591e07892	application/octet-stream
eStab_0.9/tags/ver0.9.12/4fach/design/HS/delete.gif	svn:mime-type	1e86d1bc52f24f75cdba3765b30e79519a49e5dc5c0d27605048b15591e07892	application/octet-stream
eStab_0.9/tags/ver0.9.12/4fach/design/HS/edit.gif	svn:mime-type	1e86d1bc52f24f75cdba3765b30e79519a49e5dc5c0d27605048b15591e07892	application/octet-stream
eStab_0.9/tags/ver0.9.12/4fach/design/HS/file_global.gif	svn:mime-type	1e86d1bc52f24f75cdba3765b30e79519a49e5dc5c0d27605048b15591e07892	application/octet-stream
eStab_0.9/tags/ver0.9.12/4fach/design/HS/file_local.gif	svn:mime-type	1e86d1bc52f24f75cdba3765b30e79519a49e5dc5c0d27605048b15591e07892	application/octet-stream
eStab_0.9/tags/ver0.9.12/4fach/design/HS/filethis.gif	svn:mime-type	1e86d1bc52f24f75cdba3765b30e79519a49e5dc5c0d27605048b15591e07892	application/octet-stream
eStab_0.9/tags/ver0.9.12/4fach/design/HS/folder_global.gif	svn:mime-type	1e86d1bc52f24f75cdba3765b30e79519a49e5dc5c0d27605048b15591e07892	application/octet-stream
eStab_0.9/tags/ver0.9.12/4fach/design/HS/folder_local.gif	svn:mime-type	1e86d1bc52f24f75cdba3765b30e79519a49e5dc5c0d27605048b15591e07892	application/octet-stream
eStab_0.9/tags/ver0.9.12/4fach/design/HS/forward.gif	svn:mime-type	1e86d1bc52f24f75cdba3765b30e79519a49e5dc5c0d27605048b15591e07892	application/octet-stream
eStab_0.9/tags/ver0.9.12/4fach/design/HS/go_back.gif	svn:mime-type	1e86d1bc52f24f75cdba3765b30e79519a49e5dc5c0d27605048b15591e07892	application/octet-stream
eStab_0.9/tags/ver0.9.12/4fach/design/HS/go_end.gif	svn:mime-type	1e86d1bc52f24f75cdba3765b30e79519a49e5dc5c0d27605048b15591e07892	application/octet-stream
eStab_0.9/tags/ver0.9.12/4fach/design/HS/go_forward.gif	svn:mime-type	1e86d1bc52f24f75cdba3765b30e79519a49e5dc5c0d27605048b15591e07892	application/octet-stream
eStab_0.9/tags/ver0.9.12/4fach/design/HS/go_start.gif	svn:mime-type	1e86d1bc52f24f75cdba3765b30e79519a49e5dc5c0d27605048b15591e07892	application/octet-stream
eStab_0.9/tags/ver0.9.12/4fach/design/HS/in.gif	svn:mime-type	1e86d1bc52f24f75cdba3765b30e79519a49e5dc5c0d27605048b15591e07892	application/octet-stream
eStab_0.9/tags/ver0.9.12/4fach/design/HS/info.gif	svn:mime-type	1e86d1bc52f24f75cdba3765b30e79519a49e5dc5c0d27605048b15591e07892	application/octet-stream
eStab_0.9/tags/ver0.9.12/4fach/design/HS/isread.gif	svn:mime-type	1e86d1bc52f24f75cdba3765b30e79519a49e5dc5c0d27605048b15591e07892	application/octet-stream
eStab_0.9/tags/ver0.9.12/4fach/design/HS/logbook_entry.gif	svn:mime-type	1e86d1bc52f24f75cdba3765b30e79519a49e5dc5c0d27605048b15591e07892	application/octet-stream
eStab_0.9/tags/ver0.9.12/4fach/design/HS/logon.gif	svn:mime-type	1e86d1bc52f24f75cdba3765b30e79519a49e5dc5c0d27605048b15591e07892	application/octet-stream
eStab_0.9/tags/ver0.9.12/4fach/design/HS/logout.gif	svn:mime-type	1e86d1bc52f24f75cdba3765b30e79519a49e5dc5c0d27605048b15591e07892	application/octet-stream
eStab_0.9/tags/ver0.9.12/4fach/design/HS/mail_prio_unread.gif	svn:mime-type	1e86d1bc52f24f75cdba3765b30e79519a49e5dc5c0d27605048b15591e07892	application/octet-stream
eStab_0.9/tags/ver0.9.12/4fach/design/HS/mail_unread.gif	svn:mime-type	1e86d1bc52f24f75cdba3765b30e79519a49e5dc5c0d27605048b15591e07892	application/octet-stream
eStab_0.9/tags/ver0.9.12/4fach/design/HS/notify_aw.wav	svn:mime-type	1e86d1bc52f24f75cdba3765b30e79519a49e5dc5c0d27605048b15591e07892	application/octet-stream
eStab_0.9/tags/ver0.9.12/4fach/design/HS/notify_si.wav	svn:mime-type	1e86d1bc52f24f75cdba3765b30e79519a49e5dc5c0d27605048b15591e07892	application/octet-stream
eStab_0.9/tags/ver0.9.12/4fach/design/HS/notify_stab.wav	svn:mime-type	1e86d1bc52f24f75cdba3765b30e79519a49e5dc5c0d27605048b15591e07892	application/octet-stream
eStab_0.9/tags/ver0.9.12/4fach/design/HS/null.gif	svn:mime-type	1e86d1bc52f24f75cdba3765b30e79519a49e5dc5c0d27605048b15591e07892	application/octet-stream
eStab_0.9/tags/ver0.9.12/4fach/design/HS/null.jpg	svn:mime-type	1e86d1bc52f24f75cdba3765b30e79519a49e5dc5c0d27605048b15591e07892	application/octet-stream
eStab_0.9/tags/ver0.9.12/4fach/design/HS/ok.gif	svn:mime-type	1e86d1bc52f24f75cdba3765b30e79519a49e5dc5c0d27605048b15591e07892	application/octet-stream
eStab_0.9/tags/ver0.9.12/4fach/design/HS/out.gif	svn:mime-type	1e86d1bc52f24f75cdba3765b30e79519a49e5dc5c0d27605048b15591e07892	application/octet-stream
eStab_0.9/tags/ver0.9.12/4fach/design/HS/print.gif	svn:mime-type	1e86d1bc52f24f75cdba3765b30e79519a49e5dc5c0d27605048b15591e07892	application/octet-stream
eStab_0.9/tags/ver0.9.12/4fach/design/HS/read.gif	svn:mime-type	1e86d1bc52f24f75cdba3765b30e79519a49e5dc5c0d27605048b15591e07892	application/octet-stream
eStab_0.9/tags/ver0.9.12/4fach/design/HS/reply.gif	svn:mime-type	1e86d1bc52f24f75cdba3765b30e79519a49e5dc5c0d27605048b15591e07892	application/octet-stream
eStab_0.9/tags/ver0.9.12/4fach/design/HS/second.bs	svn:mime-type	1e86d1bc52f24f75cdba3765b30e79519a49e5dc5c0d27605048b15591e07892	application/octet-stream
eStab_0.9/tags/ver0.9.12/4fach/design/HS/send.gif	svn:mime-type	1e86d1bc52f24f75cdba3765b30e79519a49e5dc5c0d27605048b15591e07892	application/octet-stream
eStab_0.9/tags/ver0.9.12/4fach/design/HS/status_green.gif	svn:mime-type	1e86d1bc52f24f75cdba3765b30e79519a49e5dc5c0d27605048b15591e07892	application/octet-stream
eStab_0.9/tags/ver0.9.12/4fach/design/HS/status_red.gif	svn:mime-type	1e86d1bc52f24f75cdba3765b30e79519a49e5dc5c0d27605048b15591e07892	application/octet-stream
eStab_0.9/tags/ver0.9.12/4fach/design/HS/status_yellow.gif	svn:mime-type	1e86d1bc52f24f75cdba3765b30e79519a49e5dc5c0d27605048b15591e07892	application/octet-stream
eStab_0.9/tags/ver0.9.12/4fach/design/HS/task_done.gif	svn:mime-type	1e86d1bc52f24f75cdba3765b30e79519a49e5dc5c0d27605048b15591e07892	application/octet-stream
eStab_0.9/tags/ver0.9.12/4fach/design/HS/task_due.gif	svn:mime-type	1e86d1bc52f24f75cdba3765b30e79519a49e5dc5c0d27605048b15591e07892	application/octet-stream
eStab_0.9/tags/ver0.9.12/4fach/design/HS/timer.gif	svn:mime-type	1e86d1bc52f24f75cdba3765b30e79519a49e5dc5c0d27605048b15591e07892	application/octet-stream
eStab_0.9/tags/ver0.9.12/4fach/design/HS/transport.gif	svn:mime-type	1e86d1bc52f24f75cdba3765b30e79519a49e5dc5c0d27605048b15591e07892	application/octet-stream
eStab_0.9/tags/ver0.9.12/4fach/design/HS/upload.gif	svn:mime-type	1e86d1bc52f24f75cdba3765b30e79519a49e5dc5c0d27605048b15591e07892	application/octet-stream
eStab_0.9/tags/ver0.9.12/4fach/design/HS/users.gif	svn:mime-type	1e86d1bc52f24f75cdba3765b30e79519a49e5dc5c0d27605048b15591e07892	application/octet-stream
eStab_0.9/tags/ver0.9.12/4fach/design/HS/warning.gif	svn:mime-type	1e86d1bc52f24f75cdba3765b30e79519a49e5dc5c0d27605048b15591e07892	application/octet-stream
eStab_0.9/tags/ver0.9.12/4fach/design/HS/write.gif	svn:mime-type	1e86d1bc52f24f75cdba3765b30e79519a49e5dc5c0d27605048b15591e07892	application/octet-stream
eStab_0.9/tags/ver0.9.12/4fach/design/Symboldesigne.odt	svn:mime-type	1e86d1bc52f24f75cdba3765b30e79519a49e5dc5c0d27605048b15591e07892	application/octet-stream
eStab_0.9/tags/ver0.9.12/4fach/design/mr/000.gif	svn:mime-type	1e86d1bc52f24f75cdba3765b30e79519a49e5dc5c0d27605048b15591e07892	application/octet-stream
eStab_0.9/tags/ver0.9.12/4fach/design/mr/2ndAssort.gif	svn:mime-type	1e86d1bc52f24f75cdba3765b30e79519a49e5dc5c0d27605048b15591e07892	application/octet-stream
eStab_0.9/tags/ver0.9.12/4fach/design/mr/_go_back.gif	svn:mime-type	1e86d1bc52f24f75cdba3765b30e79519a49e5dc5c0d27605048b15591e07892	application/octet-stream
eStab_0.9/tags/ver0.9.12/4fach/design/mr/_go_end.gif	svn:mime-type	1e86d1bc52f24f75cdba3765b30e79519a49e5dc5c0d27605048b15591e07892	application/octet-stream
eStab_0.9/tags/ver0.9.12/4fach/design/mr/_go_forward.gif	svn:mime-type	1e86d1bc52f24f75cdba3765b30e79519a49e5dc5c0d27605048b15591e07892	application/octet-stream
eStab_0.9/tags/ver0.9.12/4fach/design/mr/_go_start.gif	svn:mime-type	1e86d1bc52f24f75cdba3765b30e79519a49e5dc5c0d27605048b15591e07892	application/octet-stream
eStab_0.9/tags/ver0.9.12/4fach/design/mr/_status_blue.gif	svn:mime-type	1e86d1bc52f24f75cdba3765b30e79519a49e5dc5c0d27605048b15591e07892	application/octet-stream
eStab_0.9/tags/ver0.9.12/4fach/design/mr/_status_green.gif	svn:mime-type	1e86d1bc52f24f75cdba3765b30e79519a49e5dc5c0d27605048b15591e07892	application/octet-stream
eStab_0.9/tags/ver0.9.12/4fach/design/mr/_status_yellow.gif	svn:mime-type	1e86d1bc52f24f75cdba3765b30e79519a49e5dc5c0d27605048b15591e07892	application/octet-stream
eStab_0.9/tags/ver0.9.12/4fach/design/mr/all.gif	svn:mime-type	1e86d1bc52f24f75cdba3765b30e79519a49e5dc5c0d27605048b15591e07892	application/octet-stream
eStab_0.9/tags/ver0.9.12/4fach/design/mr/assort.gif	svn:mime-type	1e86d1bc52f24f75cdba3765b30e79519a49e5dc5c0d27605048b15591e07892	application/octet-stream
eStab_0.9/tags/ver0.9.12/4fach/design/mr/attachment.gif	svn:mime-type	1e86d1bc52f24f75cdba3765b30e79519a49e5dc5c0d27605048b15591e07892	application/octet-stream
eStab_0.9/tags/ver0.9.12/4fach/design/mr/cancel.gif	svn:mime-type	1e86d1bc52f24f75cdba3765b30e79519a49e5dc5c0d27605048b15591e07892	application/octet-stream
eStab_0.9/tags/ver0.9.12/4fach/design/mr/checked.gif	svn:mime-type	1e86d1bc52f24f75cdba3765b30e79519a49e5dc5c0d27605048b15591e07892	application/octet-stream
eStab_0.9/tags/ver0.9.12/4fach/design/mr/delete.gif	svn:mime-type	1e86d1bc52f24f75cdba3765b30e79519a49e5dc5c0d27605048b15591e07892	application/octet-stream
eStab_0.9/tags/ver0.9.12/4fach/design/mr/edit.gif	svn:mime-type	1e86d1bc52f24f75cdba3765b30e79519a49e5dc5c0d27605048b15591e07892	application/octet-stream
eStab_0.9/tags/ver0.9.12/4fach/design/mr/file_global.gif	svn:mime-type	1e86d1bc52f24f75cdba3765b30e79519a49e5dc5c0d27605048b15591e07892	application/octet-stream
eStab_0.9/tags/ver0.9.12/4fach/design/mr/file_local.gif	svn:mime-type	1e86d1bc52f24f75cdba3765b30e79519a49e5dc5c0d27605048b15591e07892	application/octet-stream
eStab_0.9/tags/ver0.9.12/4fach/design/mr/filethis.gif	svn:mime-type	1e86d1bc52f24f75cdba3765b30e79519a49e5dc5c0d27605048b15591e07892	application/octet-stream
eStab_0.9/tags/ver0.9.12/4fach/design/mr/folder_global.gif	svn:mime-type	1e86d1bc52f24f75cdba3765b30e79519a49e5dc5c0d27605048b15591e07892	application/octet-stream
eStab_0.9/tags/ver0.9.12/4fach/design/mr/folder_local.gif	svn:mime-type	1e86d1bc52f24f75cdba3765b30e79519a49e5dc5c0d27605048b15591e07892	application/octet-stream
eStab_0.9/tags/ver0.9.12/4fach/design/mr/forward.gif	svn:mime-type	1e86d1bc52f24f75cdba3765b30e79519a49e5dc5c0d27605048b15591e07892	application/octet-stream
eStab_0.9/tags/ver0.9.12/4fach/design/mr/go_back.gif	svn:mime-type	1e86d1bc52f24f75cdba3765b30e79519a49e5dc5c0d27605048b15591e07892	application/octet-stream
eStab_0.9/tags/ver0.9.12/4fach/design/mr/go_end.gif	svn:mime-type	1e86d1bc52f24f75cdba3765b30e79519a49e5dc5c0d27605048b15591e07892	application/octet-stream
eStab_0.9/tags/ver0.9.12/4fach/design/mr/go_forward.gif	svn:mime-type	1e86d1bc52f24f75cdba3765b30e79519a49e5dc5c0d27605048b15591e07892	application/octet-stream
eStab_0.9/tags/ver0.9.12/4fach/design/mr/go_start.gif	svn:mime-type	1e86d1bc52f24f75cdba3765b30e79519a49e5dc5c0d27605048b15591e07892	application/octet-stream
eStab_0.9/tags/ver0.9.12/4fach/design/mr/in.gif	svn:mime-type	1e86d1bc52f24f75cdba3765b30e79519a49e5dc5c0d27605048b15591e07892	application/octet-stream
eStab_0.9/tags/ver0.9.12/4fach/design/mr/info.gif	svn:mime-type	1e86d1bc52f24f75cdba3765b30e79519a49e5dc5c0d27605048b15591e07892	application/octet-stream
eStab_0.9/tags/ver0.9.12/4fach/design/mr/isread.gif	svn:mime-type	1e86d1bc52f24f75cdba3765b30e79519a49e5dc5c0d27605048b15591e07892	application/octet-stream
eStab_0.9/tags/ver0.9.12/4fach/design/mr/logbook_entry.gif	svn:mime-type	1e86d1bc52f24f75cdba3765b30e79519a49e5dc5c0d27605048b15591e07892	application/octet-stream
eStab_0.9/tags/ver0.9.12/4fach/design/mr/logon.gif	svn:mime-type	1e86d1bc52f24f75cdba3765b30e79519a49e5dc5c0d27605048b15591e07892	application/octet-stream
eStab_0.9/tags/ver0.9.12/4fach/design/mr/logout.gif	svn:mime-type	1e86d1bc52f24f75cdba3765b30e79519a49e5dc5c0d27605048b15591e07892	application/octet-stream
eStab_0.9/tags/ver0.9.12/4fach/design/mr/mail_prio_unread.gif	svn:mime-type	1e86d1bc52f24f75cdba3765b30e79519a49e5dc5c0d27605048b15591e07892	application/octet-stream
eStab_0.9/tags/ver0.9.12/4fach/design/mr/mail_unread.gif	svn:mime-type	1e86d1bc52f24f75cdba3765b30e79519a49e5dc5c0d27605048b15591e07892	application/octet-stream
eStab_0.9/tags/ver0.9.12/4fach/design/mr/notify_aw.wav	svn:mime-type	1e86d1bc52f24f75cdba3765b30e79519a49e5dc5c0d27605048b15591e07892	application/octet-stream
eStab_0.9/tags/ver0.9.12/4fach/design/mr/notify_si.wav	svn:mime-type	1e86d1bc52f24f75cdba3765b30e79519a49e5dc5c0d27605048b15591e07892	application/octet-stream
eStab_0.9/tags/ver0.9.12/4fach/design/mr/notify_stab.wav	svn:mime-type	1e86d1bc52f24f75cdba3765b30e79519a49e5dc5c0d27605048b15591e07892	application/octet-stream
eStab_0.9/tags/ver0.9.12/4fach/design/mr/null.gif	svn:mime-type	1e86d1bc52f24f75cdba3765b30e79519a49e5dc5c0d27605048b15591e07892	application/octet-stream
eStab_0.9/tags/ver0.9.12/4fach/design/mr/null.jpg	svn:mime-type	1e86d1bc52f24f75cdba3765b30e79519a49e5dc5c0d27605048b15591e07892	application/octet-stream
eStab_0.9/tags/ver0.9.12/4fach/design/mr/ok.gif	svn:mime-type	1e86d1bc52f24f75cdba3765b30e79519a49e5dc5c0d27605048b15591e07892	application/octet-stream
eStab_0.9/tags/ver0.9.12/4fach/design/mr/out.gif	svn:mime-type	1e86d1bc52f24f75cdba3765b30e79519a49e5dc5c0d27605048b15591e07892	application/octet-stream
eStab_0.9/tags/ver0.9.12/4fach/design/mr/print.gif	svn:mime-type	1e86d1bc52f24f75cdba3765b30e79519a49e5dc5c0d27605048b15591e07892	application/octet-stream
eStab_0.9/tags/ver0.9.12/4fach/design/mr/read.gif	svn:mime-type	1e86d1bc52f24f75cdba3765b30e79519a49e5dc5c0d27605048b15591e07892	application/octet-stream
eStab_0.9/tags/ver0.9.12/4fach/design/mr/reply.gif	svn:mime-type	1e86d1bc52f24f75cdba3765b30e79519a49e5dc5c0d27605048b15591e07892	application/octet-stream
eStab_0.9/tags/ver0.9.12/4fach/design/mr/second.bs	svn:mime-type	1e86d1bc52f24f75cdba3765b30e79519a49e5dc5c0d27605048b15591e07892	application/octet-stream
eStab_0.9/tags/ver0.9.12/4fach/design/mr/send.gif	svn:mime-type	1e86d1bc52f24f75cdba3765b30e79519a49e5dc5c0d27605048b15591e07892	application/octet-stream
eStab_0.9/tags/ver0.9.12/4fach/design/mr/status_green.gif	svn:mime-type	1e86d1bc52f24f75cdba3765b30e79519a49e5dc5c0d27605048b15591e07892	application/octet-stream
eStab_0.9/tags/ver0.9.12/4fach/design/mr/status_red.gif	svn:mime-type	1e86d1bc52f24f75cdba3765b30e79519a49e5dc5c0d27605048b15591e07892	application/octet-stream
eStab_0.9/tags/ver0.9.12/4fach/design/mr/status_yellow.gif	svn:mime-type	1e86d1bc52f24f75cdba3765b30e79519a49e5dc5c0d27605048b15591e07892	application/octet-stream
eStab_0.9/tags/ver0.9.12/4fach/design/mr/task_done.gif	svn:mime-type	1e86d1bc52f24f75cdba3765b30e79519a49e5dc5c0d27605048b15591e07892	application/octet-stream
eStab_0.9/tags/ver0.9.12/4fach/design/mr/task_due.gif	svn:mime-type	1e86d1bc52f24f75cdba3765b30e79519a49e5dc5c0d27605048b15591e07892	application/octet-stream
eStab_0.9/tags/ver0.9.12/4fach/design/mr/timer.gif	svn:mime-type	1e86d1bc52f24f75cdba3765b30e79519a49e5dc5c0d27605048b15591e07892	application/octet-stream
eStab_0.9/tags/ver0.9.12/4fach/design/mr/transport.gif	svn:mime-type	1e86d1bc52f24f75cdba3765b30e79519a49e5dc5c0d27605048b15591e07892	application/octet-stream
eStab_0.9/tags/ver0.9.12/4fach/design/mr/upload.gif	svn:mime-type	1e86d1bc52f24f75cdba3765b30e79519a49e5dc5c0d27605048b15591e07892	application/octet-stream
eStab_0.9/tags/ver0.9.12/4fach/design/mr/users.gif	svn:mime-type	1e86d1bc52f24f75cdba3765b30e79519a49e5dc5c0d27605048b15591e07892	application/octet-stream
eStab_0.9/tags/ver0.9.12/4fach/design/mr/warning.gif	svn:mime-type	1e86d1bc52f24f75cdba3765b30e79519a49e5dc5c0d27605048b15591e07892	application/octet-stream
eStab_0.9/tags/ver0.9.12/4fach/design/mr/write.gif	svn:mime-type	1e86d1bc52f24f75cdba3765b30e79519a49e5dc5c0d27605048b15591e07892	application/octet-stream
eStab_0.9/tags/ver0.9.12/4fach/design/second/000.gif	svn:mime-type	1e86d1bc52f24f75cdba3765b30e79519a49e5dc5c0d27605048b15591e07892	application/octet-stream
eStab_0.9/tags/ver0.9.12/4fach/design/second/001.jpg	svn:mime-type	1e86d1bc52f24f75cdba3765b30e79519a49e5dc5c0d27605048b15591e07892	application/octet-stream
eStab_0.9/tags/ver0.9.12/4fach/design/second/002.jpg	svn:mime-type	1e86d1bc52f24f75cdba3765b30e79519a49e5dc5c0d27605048b15591e07892	application/octet-stream
eStab_0.9/tags/ver0.9.12/4fach/design/second/003.jpg	svn:mime-type	1e86d1bc52f24f75cdba3765b30e79519a49e5dc5c0d27605048b15591e07892	application/octet-stream
eStab_0.9/tags/ver0.9.12/4fach/design/second/004.jpg	svn:mime-type	1e86d1bc52f24f75cdba3765b30e79519a49e5dc5c0d27605048b15591e07892	application/octet-stream
eStab_0.9/tags/ver0.9.12/4fach/design/second/004a.jpg	svn:mime-type	1e86d1bc52f24f75cdba3765b30e79519a49e5dc5c0d27605048b15591e07892	application/octet-stream
eStab_0.9/tags/ver0.9.12/4fach/design/second/005.jpg	svn:mime-type	1e86d1bc52f24f75cdba3765b30e79519a49e5dc5c0d27605048b15591e07892	application/octet-stream
eStab_0.9/tags/ver0.9.12/4fach/design/second/006.jpg	svn:mime-type	1e86d1bc52f24f75cdba3765b30e79519a49e5dc5c0d27605048b15591e07892	application/octet-stream
eStab_0.9/tags/ver0.9.12/4fach/design/second/007.jpg	svn:mime-type	1e86d1bc52f24f75cdba3765b30e79519a49e5dc5c0d27605048b15591e07892	application/octet-stream
eStab_0.9/tags/ver0.9.12/4fach/design/second/008.jpg	svn:mime-type	1e86d1bc52f24f75cdba3765b30e79519a49e5dc5c0d27605048b15591e07892	application/octet-stream
eStab_0.9/tags/ver0.9.12/4fach/design/second/009.jpg	svn:mime-type	1e86d1bc52f24f75cdba3765b30e79519a49e5dc5c0d27605048b15591e07892	application/octet-stream
eStab_0.9/tags/ver0.9.12/4fach/design/second/010.jpg	svn:mime-type	1e86d1bc52f24f75cdba3765b30e79519a49e5dc5c0d27605048b15591e07892	application/octet-stream
eStab_0.9/tags/ver0.9.12/4fach/design/second/011.jpg	svn:mime-type	1e86d1bc52f24f75cdba3765b30e79519a49e5dc5c0d27605048b15591e07892	application/octet-stream
eStab_0.9/tags/ver0.9.12/4fach/design/second/012.jpg	svn:mime-type	1e86d1bc52f24f75cdba3765b30e79519a49e5dc5c0d27605048b15591e07892	application/octet-stream
eStab_0.9/tags/ver0.9.12/4fach/design/second/012a.jpg	svn:mime-type	1e86d1bc52f24f75cdba3765b30e79519a49e5dc5c0d27605048b15591e07892	application/octet-stream
eStab_0.9/tags/ver0.9.12/4fach/design/second/012b.jpg	svn:mime-type	1e86d1bc52f24f75cdba3765b30e79519a49e5dc5c0d27605048b15591e07892	application/octet-stream
eStab_0.9/tags/ver0.9.12/4fach/design/second/013.jpg	svn:mime-type	1e86d1bc52f24f75cdba3765b30e79519a49e5dc5c0d27605048b15591e07892	application/octet-stream
eStab_0.9/tags/ver0.9.12/4fach/design/second/014.jpg	svn:mime-type	1e86d1bc52f24f75cdba3765b30e79519a49e5dc5c0d27605048b15591e07892	application/octet-stream
eStab_0.9/tags/ver0.9.12/4fach/design/second/015.jpg	svn:mime-type	1e86d1bc52f24f75cdba3765b30e79519a49e5dc5c0d27605048b15591e07892	application/octet-stream
eStab_0.9/tags/ver0.9.12/4fach/design/second/016.jpg	svn:mime-type	1e86d1bc52f24f75cdba3765b30e79519a49e5dc5c0d27605048b15591e07892	application/octet-stream
eStab_0.9/tags/ver0.9.12/4fach/design/second/017.jpg	svn:mime-type	1e86d1bc52f24f75cdba3765b30e79519a49e5dc5c0d27605048b15591e07892	application/octet-stream
eStab_0.9/tags/ver0.9.12/4fach/design/second/018.gif	svn:mime-type	1e86d1bc52f24f75cdba3765b30e79519a49e5dc5c0d27605048b15591e07892	application/octet-stream
eStab_0.9/tags/ver0.9.12/4fach/design/second/019.gif	svn:mime-type	1e86d1bc52f24f75cdba3765b30e79519a49e5dc5c0d27605048b15591e07892	application/octet-stream
eStab_0.9/tags/ver0.9.12/4fach/design/second/020.png	svn:mime-type	1e86d1bc52f24f75cdba3765b30e79519a49e5dc5c0d27605048b15591e07892	application/octet-stream
eStab_0.9/tags/ver0.9.12/4fach/design/second/021.png	svn:mime-type	1e86d1bc52f24f75cdba3765b30e79519a49e5dc5c0d27605048b15591e07892	application/octet-stream
eStab_0.9/tags/ver0.9.12/4fach/design/second/022.png	svn:mime-type	1e86d1bc52f24f75cdba3765b30e79519a49e5dc5c0d27605048b15591e07892	application/octet-stream
eStab_0.9/tags/ver0.9.12/4fach/design/second/023.png	svn:mime-type	1e86d1bc52f24f75cdba3765b30e79519a49e5dc5c0d27605048b15591e07892	application/octet-stream
eStab_0.9/tags/ver0.9.12/4fach/design/second/024.jpg	svn:mime-type	1e86d1bc52f24f75cdba3765b30e79519a49e5dc5c0d27605048b15591e07892	application/octet-stream
eStab_0.9/tags/ver0.9.12/4fach/design/second/025.gif	svn:mime-type	1e86d1bc52f24f75cdba3765b30e79519a49e5dc5c0d27605048b15591e07892	application/octet-stream
eStab_0.9/tags/ver0.9.12/4fach/design/second/026.gif	svn:mime-type	1e86d1bc52f24f75cdba3765b30e79519a49e5dc5c0d27605048b15591e07892	application/octet-stream
eStab_0.9/tags/ver0.9.12/4fach/design/second/027.gif	svn:mime-type	1e86d1bc52f24f75cdba3765b30e79519a49e5dc5c0d27605048b15591e07892	application/octet-stream
eStab_0.9/tags/ver0.9.12/4fach/design/second/028.gif	svn:mime-type	1e86d1bc52f24f75cdba3765b30e79519a49e5dc5c0d27605048b15591e07892	application/octet-stream
eStab_0.9/tags/ver0.9.12/4fach/design/second/028.jpg	svn:mime-type	1e86d1bc52f24f75cdba3765b30e79519a49e5dc5c0d27605048b15591e07892	application/octet-stream
eStab_0.9/tags/ver0.9.12/4fach/design/second/029.gif	svn:mime-type	1e86d1bc52f24f75cdba3765b30e79519a49e5dc5c0d27605048b15591e07892	application/octet-stream
eStab_0.9/tags/ver0.9.12/4fach/design/second/029.jpg	svn:mime-type	1e86d1bc52f24f75cdba3765b30e79519a49e5dc5c0d27605048b15591e07892	application/octet-stream
eStab_0.9/tags/ver0.9.12/4fach/design/second/030.jpg	svn:mime-type	1e86d1bc52f24f75cdba3765b30e79519a49e5dc5c0d27605048b15591e07892	application/octet-stream
eStab_0.9/tags/ver0.9.12/4fach/design/second/031.jpg	svn:mime-type	1e86d1bc52f24f75cdba3765b30e79519a49e5dc5c0d27605048b15591e07892	application/octet-stream
eStab_0.9/tags/ver0.9.12/4fach/design/second/032.jpg	svn:mime-type	1e86d1bc52f24f75cdba3765b30e79519a49e5dc5c0d27605048b15591e07892	application/octet-stream
eStab_0.9/tags/ver0.9.12/4fach/design/second/033.gif	svn:mime-type	1e86d1bc52f24f75cdba3765b30e79519a49e5dc5c0d27605048b15591e07892	application/octet-stream
eStab_0.9/tags/ver0.9.12/4fach/design/second/033.png	svn:mime-type	1e86d1bc52f24f75cdba3765b30e79519a49e5dc5c0d27605048b15591e07892	application/octet-stream
eStab_0.9/tags/ver0.9.12/4fach/design/second/034.gif	svn:mime-type	1e86d1bc52f24f75cdba3765b30e79519a49e5dc5c0d27605048b15591e07892	application/octet-stream
eStab_0.9/tags/ver0.9.12/4fach/design/second/035.png	svn:mime-type	1e86d1bc52f24f75cdba3765b30e79519a49e5dc5c0d27605048b15591e07892	application/octet-stream
eStab_0.9/tags/ver0.9.12/4fach/design/second/035a.png	svn:mime-type	1e86d1bc52f24f75cdba3765b30e79519a49e5dc5c0d27605048b15591e07892	application/octet-stream
eStab_0.9/tags/ver0.9.12/4fach/design/second/038.jpg	svn:mime-type	1e86d1bc52f24f75cdba3765b30e79519a49e5dc5c0d27605048b15591e07892	application/octet-stream
eStab_0.9/tags/ver0.9.12/4fach/design/second/040.jpg	svn:mime-type	1e86d1bc52f24f75cdba3765b30e79519a49e5dc5c0d27605048b15591e07892	application/octet-stream
eStab_0.9/tags/ver0.9.12/4fach/design/second/050.gif	svn:mime-type	1e86d1bc52f24f75cdba3765b30e79519a49e5dc5c0d27605048b15591e07892	application/octet-stream
eStab_0.9/tags/ver0.9.12/4fach/design/second/051.gif	svn:mime-type	1e86d1bc52f24f75cdba3765b30e79519a49e5dc5c0d27605048b15591e07892	application/octet-stream
eStab_0.9/tags/ver0.9.12/4fach/design/second/060.jpg	svn:mime-type	1e86d1bc52f24f75cdba3765b30e79519a49e5dc5c0d27605048b15591e07892	application/octet-stream
eStab_0.9/tags/ver0.9.12/4fach/design/second/060.png	svn:mime-type	1e86d1bc52f24f75cdba3765b30e79519a49e5dc5c0d27605048b15591e07892	application/octet-stream
eStab_0.9/tags/ver0.9.12/4fach/design/second/061.png	svn:mime-type	1e86d1bc52f24f75cdba3765b30e79519a49e5dc5c0d27605048b15591e07892	application/octet-stream
eStab_0.9/tags/ver0.9.12/4fach/design/second/101.gif	svn:mime-type	1e86d1bc52f24f75cdba3765b30e79519a49e5dc5c0d27605048b15591e07892	application/octet-stream
eStab_0.9/tags/ver0.9.12/4fach/design/second/102.gif	svn:mime-type	1e86d1bc52f24f75cdba3765b30e79519a49e5dc5c0d27605048b15591e07892	application/octet-stream
eStab_0.9/tags/ver0.9.12/4fach/design/second/103.gif	svn:mime-type	1e86d1bc52f24f75cdba3765b30e79519a49e5dc5c0d27605048b15591e07892	application/octet-stream
eStab_0.9/tags/ver0.9.12/4fach/design/second/104.gif	svn:mime-type	1e86d1bc52f24f75cdba3765b30e79519a49e5dc5c0d27605048b15591e07892	application/octet-stream
eStab_0.9/tags/ver0.9.12/4fach/design/second/110.gif	svn:mime-type	1e86d1bc52f24f75cdba3765b30e79519a49e5dc5c0d27605048b15591e07892	application/octet-stream
eStab_0.9/tags/ver0.9.12/4fach/design/second/111.gif	svn:mime-type	1e86d1bc52f24f75cdba3765b30e79519a49e5dc5c0d27605048b15591e07892	application/octet-stream
eStab_0.9/tags/ver0.9.12/4fach/design/second/112.png	svn:mime-type	1e86d1bc52f24f75cdba3765b30e79519a49e5dc5c0d27605048b15591e07892	application/octet-stream
eStab_0.9/tags/ver0.9.12/4fach/design/second/113.png	svn:mime-type	1e86d1bc52f24f75cdba3765b30e79519a49e5dc5c0d27605048b15591e07892	application/octet-stream
eStab_0.9/tags/ver0.9.12/4fach/design/second/115.gif	svn:mime-type	1e86d1bc52f24f75cdba3765b30e79519a49e5dc5c0d27605048b15591e07892	application/octet-stream
eStab_0.9/tags/ver0.9.12/4fach/design/second/116.jpg	svn:mime-type	1e86d1bc52f24f75cdba3765b30e79519a49e5dc5c0d27605048b15591e07892	application/octet-stream
eStab_0.9/tags/ver0.9.12/4fach/design/second/117.jpg	svn:mime-type	1e86d1bc52f24f75cdba3765b30e79519a49e5dc5c0d27605048b15591e07892	application/octet-stream
eStab_0.9/tags/ver0.9.12/4fach/design/second/118.jpg	svn:mime-type	1e86d1bc52f24f75cdba3765b30e79519a49e5dc5c0d27605048b15591e07892	application/octet-stream
eStab_0.9/tags/ver0.9.12/4fach/design/second/119.jpg	svn:mime-type	1e86d1bc52f24f75cdba3765b30e79519a49e5dc5c0d27605048b15591e07892	application/octet-stream
eStab_0.9/tags/ver0.9.12/4fach/design/second/120.gif	svn:mime-type	1e86d1bc52f24f75cdba3765b30e79519a49e5dc5c0d27605048b15591e07892	application/octet-stream
eStab_0.9/tags/ver0.9.12/4fach/design/second/120.jpg	svn:mime-type	1e86d1bc52f24f75cdba3765b30e79519a49e5dc5c0d27605048b15591e07892	application/octet-stream
eStab_0.9/tags/ver0.9.12/4fach/design/second/121.jpg	svn:mime-type	1e86d1bc52f24f75cdba3765b30e79519a49e5dc5c0d27605048b15591e07892	application/octet-stream
eStab_0.9/tags/ver0.9.12/4fach/design/second/1255.jpg	svn:mime-type	1e86d1bc52f24f75cdba3765b30e79519a49e5dc5c0d27605048b15591e07892	application/octet-stream
eStab_0.9/tags/ver0.9.12/4fach/design/second/24-book-blue-check.png	svn:mime-type	1e86d1bc52f24f75cdba3765b30e79519a49e5dc5c0d27605048b15591e07892	application/octet-stream
eStab_0.9/tags/ver0.9.12/4fach/design/second/A025.png	svn:mime-type	1e86d1bc52f24f75cdba3765b30e79519a49e5dc5c0d27605048b15591e07892	application/octet-stream
eStab_0.9/tags/ver0.9.12/4fach/design/second/A026.png	svn:mime-type	1e86d1bc52f24f75cdba3765b30e79519a49e5dc5c0d27605048b15591e07892	application/octet-stream
eStab_0.9/tags/ver0.9.12/4fach/design/second/A027.png	svn:mime-type	1e86d1bc52f24f75cdba3765b30e79519a49e5dc5c0d27605048b15591e07892	application/octet-stream
eStab_0.9/tags/ver0.9.12/4fach/design/second/A028.gif	svn:mime-type	1e86d1bc52f24f75cdba3765b30e79519a49e5dc5c0d27605048b15591e07892	application/octet-stream
eStab_0.9/tags/ver0.9.12/4fach/design/second/bl.png	svn:mime-type	1e86d1bc52f24f75cdba3765b30e79519a49e5dc5c0d27605048b15591e07892	application/octet-stream
eStab_0.9/tags/ver0.9.12/4fach/design/second/checked.gif	svn:mime-type	1e86d1bc52f24f75cdba3765b30e79519a49e5dc5c0d27605048b15591e07892	application/octet-stream
eStab_0.9/tags/ver0.9.12/4fach/design/second/gn.png	svn:mime-type	1e86d1bc52f24f75cdba3765b30e79519a49e5dc5c0d27605048b15591e07892	application/octet-stream
eStab_0.9/tags/ver0.9.12/4fach/design/second/info.gif	svn:mime-type	1e86d1bc52f24f75cdba3765b30e79519a49e5dc5c0d27605048b15591e07892	application/octet-stream
eStab_0.9/tags/ver0.9.12/4fach/design/second/move.gif	svn:mime-type	1e86d1bc52f24f75cdba3765b30e79519a49e5dc5c0d27605048b15591e07892	application/octet-stream
eStab_0.9/tags/ver0.9.12/4fach/design/second/null.gif	svn:mime-type	1e86d1bc52f24f75cdba3765b30e79519a49e5dc5c0d27605048b15591e07892	application/octet-stream
eStab_0.9/tags/ver0.9.12/4fach/design/second/null.jpg	svn:mime-type	1e86d1bc52f24f75cdba3765b30e79519a49e5dc5c0d27605048b15591e07892	application/octet-stream
eStab_0.9/tags/ver0.9.12/4fach/design/second/second.bs	svn:mime-type	1e86d1bc52f24f75cdba3765b30e79519a49e5dc5c0d27605048b15591e07892	application/octet-stream
eStab_0.9/tags/ver0.9.12/4fach/design/second/vor.gif	svn:mime-type	1e86d1bc52f24f75cdba3765b30e79519a49e5dc5c0d27605048b15591e07892	application/octet-stream
eStab_0.9/tags/ver0.9.12/4fach/design/simple/001.jpg	svn:mime-type	1e86d1bc52f24f75cdba3765b30e79519a49e5dc5c0d27605048b15591e07892	application/octet-stream
eStab_0.9/tags/ver0.9.12/4fach/design/simple/002.jpg	svn:mime-type	1e86d1bc52f24f75cdba3765b30e79519a49e5dc5c0d27605048b15591e07892	application/octet-stream
eStab_0.9/tags/ver0.9.12/4fach/design/simple/003.jpg	svn:mime-type	1e86d1bc52f24f75cdba3765b30e79519a49e5dc5c0d27605048b15591e07892	application/octet-stream
eStab_0.9/tags/ver0.9.12/4fach/design/simple/004.jpg	svn:mime-type	1e86d1bc52f24f75cdba3765b30e79519a49e5dc5c0d27605048b15591e07892	application/octet-stream
eStab_0.9/tags/ver0.9.12/4fach/design/simple/004a.jpg	svn:mime-type	1e86d1bc52f24f75cdba3765b30e79519a49e5dc5c0d27605048b15591e07892	application/octet-stream
eStab_0.9/tags/ver0.9.12/4fach/design/simple/005.jpg	svn:mime-type	1e86d1bc52f24f75cdba3765b30e79519a49e5dc5c0d27605048b15591e07892	application/octet-stream
eStab_0.9/tags/ver0.9.12/4fach/design/simple/006.jpg	svn:mime-type	1e86d1bc52f24f75cdba3765b30e79519a49e5dc5c0d27605048b15591e07892	application/octet-stream
eStab_0.9/tags/ver0.9.12/4fach/design/simple/007.jpg	svn:mime-type	1e86d1bc52f24f75cdba3765b30e79519a49e5dc5c0d27605048b15591e07892	application/octet-stream
eStab_0.9/tags/ver0.9.12/4fach/design/simple/008.jpg	svn:mime-type	1e86d1bc52f24f75cdba3765b30e79519a49e5dc5c0d27605048b15591e07892	application/octet-stream
eStab_0.9/tags/ver0.9.12/4fach/design/simple/009.jpg	svn:mime-type	1e86d1bc52f24f75cdba3765b30e79519a49e5dc5c0d27605048b15591e07892	application/octet-stream
eStab_0.9/tags/ver0.9.12/4fach/design/simple/010.jpg	svn:mime-type	1e86d1bc52f24f75cdba3765b30e79519a49e5dc5c0d27605048b15591e07892	application/octet-stream
eStab_0.9/tags/ver0.9.12/4fach/design/simple/011.jpg	svn:mime-type	1e86d1bc52f24f75cdba3765b30e79519a49e5dc5c0d27605048b15591e07892	application/octet-stream
eStab_0.9/tags/ver0.9.12/4fach/design/simple/012.jpg	svn:mime-type	1e86d1bc52f24f75cdba3765b30e79519a49e5dc5c0d27605048b15591e07892	application/octet-stream
eStab_0.9/tags/ver0.9.12/4fach/design/simple/012a.jpg	svn:mime-type	1e86d1bc52f24f75cdba3765b30e79519a49e5dc5c0d27605048b15591e07892	application/octet-stream
eStab_0.9/tags/ver0.9.12/4fach/design/simple/012b.jpg	svn:mime-type	1e86d1bc52f24f75cdba3765b30e79519a49e5dc5c0d27605048b15591e07892	application/octet-stream
eStab_0.9/tags/ver0.9.12/4fach/design/simple/013.jpg	svn:mime-type	1e86d1bc52f24f75cdba3765b30e79519a49e5dc5c0d27605048b15591e07892	application/octet-stream
eStab_0.9/tags/ver0.9.12/4fach/design/simple/014.jpg	svn:mime-type	1e86d1bc52f24f75cdba3765b30e79519a49e5dc5c0d27605048b15591e07892	application/octet-stream
eStab_0.9/tags/ver0.9.12/4fach/design/simple/015.jpg	svn:mime-type	1e86d1bc52f24f75cdba3765b30e79519a49e5dc5c0d27605048b15591e07892	application/octet-stream
eStab_0.9/tags/ver0.9.12/4fach/design/simple/016.jpg	svn:mime-type	1e86d1bc52f24f75cdba3765b30e79519a49e5dc5c0d27605048b15591e07892	application/octet-stream
eStab_0.9/tags/ver0.9.12/4fach/design/simple/017.jpg	svn:mime-type	1e86d1bc52f24f75cdba3765b30e79519a49e5dc5c0d27605048b15591e07892	application/octet-stream
eStab_0.9/tags/ver0.9.12/4fach/design/simple/018.gif	svn:mime-type	1e86d1bc52f24f75cdba3765b30e79519a49e5dc5c0d27605048b15591e07892	application/octet-stream
eStab_0.9/tags/ver0.9.12/4fach/design/simple/019.gif	svn:mime-type	1e86d1bc52f24f75cdba3765b30e79519a49e5dc5c0d27605048b15591e07892	application/octet-stream
eStab_0.9/tags/ver0.9.12/4fach/design/simple/020.png	svn:mime-type	1e86d1bc52f24f75cdba3765b30e79519a49e5dc5c0d27605048b15591e07892	application/octet-stream
eStab_0.9/tags/ver0.9.12/4fach/design/simple/021.png	svn:mime-type	1e86d1bc52f24f75cdba3765b30e79519a49e5dc5c0d27605048b15591e07892	application/octet-stream
eStab_0.9/tags/ver0.9.12/4fach/design/simple/022.png	svn:mime-type	1e86d1bc52f24f75cdba3765b30e79519a49e5dc5c0d27605048b15591e07892	application/octet-stream
eStab_0.9/tags/ver0.9.12/4fach/design/simple/023.png	svn:mime-type	1e86d1bc52f24f75cdba3765b30e79519a49e5dc5c0d27605048b15591e07892	application/octet-stream
eStab_0.9/tags/ver0.9.12/4fach/design/simple/024.jpg	svn:mime-type	1e86d1bc52f24f75cdba3765b30e79519a49e5dc5c0d27605048b15591e07892	application/octet-stream
eStab_0.9/tags/ver0.9.12/4fach/design/simple/025.gif	svn:mime-type	1e86d1bc52f24f75cdba3765b30e79519a49e5dc5c0d27605048b15591e07892	application/octet-stream
eStab_0.9/tags/ver0.9.12/4fach/design/simple/026.gif	svn:mime-type	1e86d1bc52f24f75cdba3765b30e79519a49e5dc5c0d27605048b15591e07892	application/octet-stream
eStab_0.9/tags/ver0.9.12/4fach/design/simple/027.gif	svn:mime-type	1e86d1bc52f24f75cdba3765b30e79519a49e5dc5c0d27605048b15591e07892	application/octet-stream
eStab_0.9/tags/ver0.9.12/4fach/design/simple/028.gif	svn:mime-type	1e86d1bc52f24f75cdba3765b30e79519a49e5dc5c0d27605048b15591e07892	application/octet-stream
eStab_0.9/tags/ver0.9.12/4fach/design/simple/028.jpg	svn:mime-type	1e86d1bc52f24f75cdba3765b30e79519a49e5dc5c0d27605048b15591e07892	application/octet-stream
eStab_0.9/tags/ver0.9.12/4fach/design/simple/029.gif	svn:mime-type	1e86d1bc52f24f75cdba3765b30e79519a49e5dc5c0d27605048b15591e07892	application/octet-stream
eStab_0.9/tags/ver0.9.12/4fach/design/simple/029.jpg	svn:mime-type	1e86d1bc52f24f75cdba3765b30e79519a49e5dc5c0d27605048b15591e07892	application/octet-stream
eStab_0.9/tags/ver0.9.12/4fach/design/simple/030.jpg	svn:mime-type	1e86d1bc52f24f75cdba3765b30e79519a49e5dc5c0d27605048b15591e07892	application/octet-stream
eStab_0.9/tags/ver0.9.12/4fach/design/simple/031.JPG	svn:mime-type	1e86d1bc52f24f75cdba3765b30e79519a49e5dc5c0d27605048b15591e07892	application/octet-stream
eStab_0.9/tags/ver0.9.12/4fach/design/simple/035.jpg	svn:mime-type	1e86d1bc52f24f75cdba3765b30e79519a49e5dc5c0d27605048b15591e07892	application/octet-stream
eStab_0.9/tags/ver0.9.12/4fach/design/simple/040.jpg	svn:mime-type	1e86d1bc52f24f75cdba3765b30e79519a49e5dc5c0d27605048b15591e07892	application/octet-stream
eStab_0.9/tags/ver0.9.12/4fach/design/simple/050.gif	svn:mime-type	1e86d1bc52f24f75cdba3765b30e79519a49e5dc5c0d27605048b15591e07892	application/octet-stream
eStab_0.9/tags/ver0.9.12/4fach/design/simple/051.gif	svn:mime-type	1e86d1bc52f24f75cdba3765b30e79519a49e5dc5c0d27605048b15591e07892	application/octet-stream
eStab_0.9/tags/ver0.9.12/4fach/design/simple/A025.png	svn:mime-type	1e86d1bc52f24f75cdba3765b30e79519a49e5dc5c0d27605048b15591e07892	application/octet-stream
eStab_0.9/tags/ver0.9.12/4fach/design/simple/A026.png	svn:mime-type	1e86d1bc52f24f75cdba3765b30e79519a49e5dc5c0d27605048b15591e07892	application/octet-stream
eStab_0.9/tags/ver0.9.12/4fach/design/simple/A027.png	svn:mime-type	1e86d1bc52f24f75cdba3765b30e79519a49e5dc5c0d27605048b15591e07892	application/octet-stream
eStab_0.9/tags/ver0.9.12/4fach/design/simple/A028.gif	svn:mime-type	1e86d1bc52f24f75cdba3765b30e79519a49e5dc5c0d27605048b15591e07892	application/octet-stream
eStab_0.9/tags/ver0.9.12/4fach/design/simple/bl.png	svn:mime-type	1e86d1bc52f24f75cdba3765b30e79519a49e5dc5c0d27605048b15591e07892	application/octet-stream
eStab_0.9/tags/ver0.9.12/4fach/design/simple/gn.png	svn:mime-type	1e86d1bc52f24f75cdba3765b30e79519a49e5dc5c0d27605048b15591e07892	application/octet-stream
eStab_0.9/tags/ver0.9.12/4fach/design/simple/info.gif	svn:mime-type	1e86d1bc52f24f75cdba3765b30e79519a49e5dc5c0d27605048b15591e07892	application/octet-stream
eStab_0.9/tags/ver0.9.12/4fach/design/simple/move.gif	svn:mime-type	1e86d1bc52f24f75cdba3765b30e79519a49e5dc5c0d27605048b15591e07892	application/octet-stream
eStab_0.9/tags/ver0.9.12/4fach/design/simple/notify.wav	svn:mime-type	1e86d1bc52f24f75cdba3765b30e79519a49e5dc5c0d27605048b15591e07892	application/octet-stream
eStab_0.9/tags/ver0.9.12/4fach/design/simple/null.gif	svn:mime-type	1e86d1bc52f24f75cdba3765b30e79519a49e5dc5c0d27605048b15591e07892	application/octet-stream
eStab_0.9/tags/ver0.9.12/4fach/design/simple/null.jpg	svn:mime-type	1e86d1bc52f24f75cdba3765b30e79519a49e5dc5c0d27605048b15591e07892	application/octet-stream
eStab_0.9/tags/ver0.9.12/4fach/design/simple/simple.bs	svn:mime-type	1e86d1bc52f24f75cdba3765b30e79519a49e5dc5c0d27605048b15591e07892	application/octet-stream
eStab_0.9/tags/ver0.9.12/4fach/design/simple/vor.gif	svn:mime-type	1e86d1bc52f24f75cdba3765b30e79519a49e5dc5c0d27605048b15591e07892	application/octet-stream
eStab_0.9/tags/ver0.9.12/4fach/null.gif	svn:mime-type	1e86d1bc52f24f75cdba3765b30e79519a49e5dc5c0d27605048b15591e07892	application/octet-stream
eStab_0.9/tags/ver0.9.12/4fach/null.jpg	svn:mime-type	1e86d1bc52f24f75cdba3765b30e79519a49e5dc5c0d27605048b15591e07892	application/octet-stream
eStab_0.9/tags/ver0.9.12/4fbak/fonts/Activa.ttf	svn:mime-type	1e86d1bc52f24f75cdba3765b30e79519a49e5dc5c0d27605048b15591e07892	application/octet-stream
eStab_0.9/tags/ver0.9.12/4fbak/fonts/Alpha Beta BRK.ttf	svn:mime-type	1e86d1bc52f24f75cdba3765b30e79519a49e5dc5c0d27605048b15591e07892	application/octet-stream
eStab_0.9/tags/ver0.9.12/4fbak/fonts/Alpha Romanie G98.ttf	svn:mime-type	1e86d1bc52f24f75cdba3765b30e79519a49e5dc5c0d27605048b15591e07892	application/octet-stream
eStab_0.9/tags/ver0.9.12/4fbak/fonts/Garrison Cond. Sans BOLD.ttf	svn:mime-type	1e86d1bc52f24f75cdba3765b30e79519a49e5dc5c0d27605048b15591e07892	application/octet-stream
eStab_0.9/tags/ver0.9.12/4fbak/fonts/Garrison Cond. Sans.ttf	svn:mime-type	1e86d1bc52f24f75cdba3765b30e79519a49e5dc5c0d27605048b15591e07892	application/octet-stream
eStab_0.9/tags/ver0.9.12/4fbak/fonts/Garrison ExtraBold Sans BOLD.ttf	svn:mime-type	1e86d1bc52f24f75cdba3765b30e79519a49e5dc5c0d27605048b15591e07892	application/octet-stream
eStab_0.9/tags/ver0.9.12/4fbak/fonts/Garrison ExtraCond. Sans.ttf	svn:mime-type	1e86d1bc52f24f75cdba3765b30e79519a49e5dc5c0d27605048b15591e07892	application/octet-stream
eStab_0.9/tags/ver0.9.12/4fbak/fonts/Garrison Light Sans BOLD.ttf	svn:mime-type	1e86d1bc52f24f75cdba3765b30e79519a49e5dc5c0d27605048b15591e07892	application/octet-stream
eStab_0.9/tags/ver0.9.12/4fbak/fonts/Garrison Light Sans BOLDITALIC.ttf	svn:mime-type	1e86d1bc52f24f75cdba3765b30e79519a49e5dc5c0d27605048b15591e07892	application/octet-stream
eStab_0.9/tags/ver0.9.12/4fbak/fonts/Garrison Light Sans ITALIC.ttf	svn:mime-type	1e86d1bc52f24f75cdba3765b30e79519a49e5dc5c0d27605048b15591e07892	application/octet-stream
eStab_0.9/tags/ver0.9.12/4fbak/fonts/Garrison Light Sans.ttf	svn:mime-type	1e86d1bc52f24f75cdba3765b30e79519a49e5dc5c0d27605048b15591e07892	application/octet-stream
eStab_0.9/tags/ver0.9.12/4fbak/fonts/Garrison Sans BOLD.ttf	svn:mime-type	1e86d1bc52f24f75cdba3765b30e79519a49e5dc5c0d27605048b15591e07892	application/octet-stream
eStab_0.9/tags/ver0.9.12/4fbak/fonts/Garrison Sans BOLDITALIC.ttf	svn:mime-type	1e86d1bc52f24f75cdba3765b30e79519a49e5dc5c0d27605048b15591e07892	application/octet-stream
eStab_0.9/tags/ver0.9.12/4fbak/fonts/Garrison Sans ITALIC.ttf	svn:mime-type	1e86d1bc52f24f75cdba3765b30e79519a49e5dc5c0d27605048b15591e07892	application/octet-stream
eStab_0.9/tags/ver0.9.12/4fbak/fonts/Garrison Sans.ttf	svn:mime-type	1e86d1bc52f24f75cdba3765b30e79519a49e5dc5c0d27605048b15591e07892	application/octet-stream
eStab_0.9/tags/ver0.9.12/4fbak/fonts/georgia.ttf	svn:mime-type	1e86d1bc52f24f75cdba3765b30e79519a49e5dc5c0d27605048b15591e07892	application/octet-stream
eStab_0.9/tags/ver0.9.12/4fbak/fonts/georgiab.ttf	svn:mime-type	1e86d1bc52f24f75cdba3765b30e79519a49e5dc5c0d27605048b15591e07892	application/octet-stream
eStab_0.9/tags/ver0.9.12/4fbak/fonts/georgiai.ttf	svn:mime-type	1e86d1bc52f24f75cdba3765b30e79519a49e5dc5c0d27605048b15591e07892	application/octet-stream
eStab_0.9/tags/ver0.9.12/4fbak/fonts/georgiaz.ttf	svn:mime-type	1e86d1bc52f24f75cdba3765b30e79519a49e5dc5c0d27605048b15591e07892	application/octet-stream
eStab_0.9/tags/ver0.9.12/4fbak/fpdf/ex.pdf	svn:mime-type	1e86d1bc52f24f75cdba3765b30e79519a49e5dc5c0d27605048b15591e07892	application/octet-stream
eStab_0.9/tags/ver0.9.12/4fbak/fpdf/tutorial/calligra.ttf	svn:mime-type	1e86d1bc52f24f75cdba3765b30e79519a49e5dc5c0d27605048b15591e07892	application/octet-stream
eStab_0.9/tags/ver0.9.12/4fbak/fpdf/tutorial/calligra.z	svn:mime-type	1e86d1bc52f24f75cdba3765b30e79519a49e5dc5c0d27605048b15591e07892	application/octet-stream
eStab_0.9/tags/ver0.9.12/4fbak/fpdf/tutorial/logo.png	svn:mime-type	1e86d1bc52f24f75cdba3765b30e79519a49e5dc5c0d27605048b15591e07892	application/octet-stream
eStab_0.9/tags/ver0.9.12/4fbak/fpdf/tutorial/logo_pb.png	svn:mime-type	1e86d1bc52f24f75cdba3765b30e79519a49e5dc5c0d27605048b15591e07892	application/octet-stream
eStab_0.9/tags/ver0.9.12/4fsym/4fach_aktiv.png	svn:mime-type	1e86d1bc52f24f75cdba3765b30e79519a49e5dc5c0d27605048b15591e07892	application/octet-stream
eStab_0.9/tags/ver0.9.12/4fsym/4fach_inaktiv.png	svn:mime-type	1e86d1bc52f24f75cdba3765b30e79519a49e5dc5c0d27605048b15591e07892	application/octet-stream
eStab_0.9/tags/ver0.9.12/4fsym/IuK.bmp	svn:mime-type	1e86d1bc52f24f75cdba3765b30e79519a49e5dc5c0d27605048b15591e07892	application/octet-stream
eStab_0.9/tags/ver0.9.12/4fsym/Thumbs.db	svn:mime-type	1e86d1bc52f24f75cdba3765b30e79519a49e5dc5c0d27605048b15591e07892	application/octet-stream
eStab_0.9/tags/ver0.9.12/4fsym/abc_aktiv.png	svn:mime-type	1e86d1bc52f24f75cdba3765b30e79519a49e5dc5c0d27605048b15591e07892	application/octet-stream
eStab_0.9/tags/ver0.9.12/4fsym/abc_inaktiv.png	svn:mime-type	1e86d1bc52f24f75cdba3765b30e79519a49e5dc5c0d27605048b15591e07892	application/octet-stream
eStab_0.9/tags/ver0.9.12/4fsym/achtung.gif	svn:mime-type	1e86d1bc52f24f75cdba3765b30e79519a49e5dc5c0d27605048b15591e07892	application/octet-stream
eStab_0.9/tags/ver0.9.12/4fsym/achtung01.gif	svn:mime-type	1e86d1bc52f24f75cdba3765b30e79519a49e5dc5c0d27605048b15591e07892	application/octet-stream
eStab_0.9/tags/ver0.9.12/4fsym/adm_aktiv.png	svn:mime-type	1e86d1bc52f24f75cdba3765b30e79519a49e5dc5c0d27605048b15591e07892	application/octet-stream
eStab_0.9/tags/ver0.9.12/4fsym/adm_inaktiv.png	svn:mime-type	1e86d1bc52f24f75cdba3765b30e79519a49e5dc5c0d27605048b15591e07892	application/octet-stream
eStab_0.9/tags/ver0.9.12/4fsym/all_msg.png	svn:mime-type	1e86d1bc52f24f75cdba3765b30e79519a49e5dc5c0d27605048b15591e07892	application/octet-stream
eStab_0.9/tags/ver0.9.12/4fsym/bhp_aktiv.png	svn:mime-type	1e86d1bc52f24f75cdba3765b30e79519a49e5dc5c0d27605048b15591e07892	application/octet-stream
eStab_0.9/tags/ver0.9.12/4fsym/bhp_inaktiv.png	svn:mime-type	1e86d1bc52f24f75cdba3765b30e79519a49e5dc5c0d27605048b15591e07892	application/octet-stream
eStab_0.9/tags/ver0.9.12/4fsym/br.jpg	svn:mime-type	1e86d1bc52f24f75cdba3765b30e79519a49e5dc5c0d27605048b15591e07892	application/octet-stream
eStab_0.9/tags/ver0.9.12/4fsym/db_aktiv.png	svn:mime-type	1e86d1bc52f24f75cdba3765b30e79519a49e5dc5c0d27605048b15591e07892	application/octet-stream
eStab_0.9/tags/ver0.9.12/4fsym/db_inaktiv.png	svn:mime-type	1e86d1bc52f24f75cdba3765b30e79519a49e5dc5c0d27605048b15591e07892	application/octet-stream
eStab_0.9/tags/ver0.9.12/4fsym/el80.gif	svn:mime-type	1e86d1bc52f24f75cdba3765b30e79519a49e5dc5c0d27605048b15591e07892	application/octet-stream
eStab_0.9/tags/ver0.9.12/4fsym/el80.jpg	svn:mime-type	1e86d1bc52f24f75cdba3765b30e79519a49e5dc5c0d27605048b15591e07892	application/octet-stream
eStab_0.9/tags/ver0.9.12/4fsym/el8001.jpg	svn:mime-type	1e86d1bc52f24f75cdba3765b30e79519a49e5dc5c0d27605048b15591e07892	application/octet-stream
eStab_0.9/tags/ver0.9.12/4fsym/etb_aktiv.png	svn:mime-type	1e86d1bc52f24f75cdba3765b30e79519a49e5dc5c0d27605048b15591e07892	application/octet-stream
eStab_0.9/tags/ver0.9.12/4fsym/etb_inaktiv.png	svn:mime-type	1e86d1bc52f24f75cdba3765b30e79519a49e5dc5c0d27605048b15591e07892	application/octet-stream
eStab_0.9/tags/ver0.9.12/4fsym/greenlight.gif	svn:mime-type	1e86d1bc52f24f75cdba3765b30e79519a49e5dc5c0d27605048b15591e07892	application/octet-stream
eStab_0.9/tags/ver0.9.12/4fsym/iuk_80.jpg	svn:mime-type	1e86d1bc52f24f75cdba3765b30e79519a49e5dc5c0d27605048b15591e07892	application/octet-stream
eStab_0.9/tags/ver0.9.12/4fsym/iuk_hs80.jpg	svn:mime-type	1e86d1bc52f24f75cdba3765b30e79519a49e5dc5c0d27605048b15591e07892	application/octet-stream
eStab_0.9/tags/ver0.9.12/4fsym/kh_aktiv.jpg	svn:mime-type	1e86d1bc52f24f75cdba3765b30e79519a49e5dc5c0d27605048b15591e07892	application/octet-stream
eStab_0.9/tags/ver0.9.12/4fsym/kh_inaktiv.jpg	svn:mime-type	1e86d1bc52f24f75cdba3765b30e79519a49e5dc5c0d27605048b15591e07892	application/octet-stream
eStab_0.9/tags/ver0.9.12/4fsym/merke.gif	svn:mime-type	1e86d1bc52f24f75cdba3765b30e79519a49e5dc5c0d27605048b15591e07892	application/octet-stream
eStab_0.9/tags/ver0.9.12/4fsym/merke.jpg	svn:mime-type	1e86d1bc52f24f75cdba3765b30e79519a49e5dc5c0d27605048b15591e07892	application/octet-stream
eStab_0.9/tags/ver0.9.12/4fsym/merke32.gif	svn:mime-type	1e86d1bc52f24f75cdba3765b30e79519a49e5dc5c0d27605048b15591e07892	application/octet-stream
eStab_0.9/tags/ver0.9.12/4fsym/null.gif	svn:mime-type	1e86d1bc52f24f75cdba3765b30e79519a49e5dc5c0d27605048b15591e07892	application/octet-stream
eStab_0.9/tags/ver0.9.12/4fsym/null.jpg	svn:mime-type	1e86d1bc52f24f75cdba3765b30e79519a49e5dc5c0d27605048b15591e07892	application/octet-stream
eStab_0.9/tags/ver0.9.12/4fsym/nw.png	svn:mime-type	1e86d1bc52f24f75cdba3765b30e79519a49e5dc5c0d27605048b15591e07892	application/octet-stream
eStab_0.9/tags/ver0.9.12/4fsym/nwa_aktiv.png	svn:mime-type	1e86d1bc52f24f75cdba3765b30e79519a49e5dc5c0d27605048b15591e07892	application/octet-stream
eStab_0.9/tags/ver0.9.12/4fsym/nwe_aktiv.png	svn:mime-type	1e86d1bc52f24f75cdba3765b30e79519a49e5dc5c0d27605048b15591e07892	application/octet-stream
eStab_0.9/tags/ver0.9.12/4fsym/nwea_aktiv.png	svn:mime-type	1e86d1bc52f24f75cdba3765b30e79519a49e5dc5c0d27605048b15591e07892	application/octet-stream
eStab_0.9/tags/ver0.9.12/4fsym/nwea_inaktiv.png	svn:mime-type	1e86d1bc52f24f75cdba3765b30e79519a49e5dc5c0d27605048b15591e07892	application/octet-stream
eStab_0.9/tags/ver0.9.12/4fsym/redlight.gif	svn:mime-type	1e86d1bc52f24f75cdba3765b30e79519a49e5dc5c0d27605048b15591e07892	application/octet-stream
eStab_0.9/tags/ver0.9.12/4fsym/tbb_aktiv.png	svn:mime-type	1e86d1bc52f24f75cdba3765b30e79519a49e5dc5c0d27605048b15591e07892	application/octet-stream
eStab_0.9/tags/ver0.9.12/4fsym/tbb_inaktiv.png	svn:mime-type	1e86d1bc52f24f75cdba3765b30e79519a49e5dc5c0d27605048b15591e07892	application/octet-stream
eStab_0.9/tags/ver0.9.12/4fsym/vorsicht.gif	svn:mime-type	1e86d1bc52f24f75cdba3765b30e79519a49e5dc5c0d27605048b15591e07892	application/octet-stream
eStab_0.9/tags/ver0.9.12/4fsym/yellowlight.gif	svn:mime-type	1e86d1bc52f24f75cdba3765b30e79519a49e5dc5c0d27605048b15591e07892	application/octet-stream
eStab_0.9/tags/ver0.9.12/info/ELStab.jpg	svn:mime-type	1e86d1bc52f24f75cdba3765b30e79519a49e5dc5c0d27605048b15591e07892	application/octet-stream
eStab_0.9/tags/ver0.9.12/info/Warendorf L4112 Kartendatum ED50.png	svn:mime-type	1e86d1bc52f24f75cdba3765b30e79519a49e5dc5c0d27605048b15591e07892	application/octet-stream
eStab_0.9/tags/ver0.9.12/info/Warendorf L4112 Kartendatum WGS84.png	svn:mime-type	1e86d1bc52f24f75cdba3765b30e79519a49e5dc5c0d27605048b15591e07892	application/octet-stream
eStab_0.9/tags/ver0.9.12/stabetb/Thumbs.db	svn:mime-type	1e86d1bc52f24f75cdba3765b30e79519a49e5dc5c0d27605048b15591e07892	application/octet-stream
eStab_0.9/tags/ver0.9.12/stabetb/null.gif	svn:mime-type	1e86d1bc52f24f75cdba3765b30e79519a49e5dc5c0d27605048b15591e07892	application/octet-stream
eStab_0.9/tags/ver0.9.12/stabetb/null.jpg	svn:mime-type	1e86d1bc52f24f75cdba3765b30e79519a49e5dc5c0d27605048b15591e07892	application/octet-stream
eStab_0.9/tags/ver0.9.12/stabinfo/ELStab.jpg	svn:mime-type	1e86d1bc52f24f75cdba3765b30e79519a49e5dc5c0d27605048b15591e07892	application/octet-stream
eStab_0.9/tags/ver0.9.12/stabinfo/Warendorf L4112 Kartendatum ED50.png	svn:mime-type	1e86d1bc52f24f75cdba3765b30e79519a49e5dc5c0d27605048b15591e07892	application/octet-stream
eStab_0.9/tags/ver0.9.12/stabinfo/Warendorf L4112 Kartendatum WGS84.png	svn:mime-type	1e86d1bc52f24f75cdba3765b30e79519a49e5dc5c0d27605048b15591e07892	application/octet-stream
eStab_0.9/tags/ver0.9.20/4fach/design/HL0001/001.jpg	svn:mime-type	1e86d1bc52f24f75cdba3765b30e79519a49e5dc5c0d27605048b15591e07892	application/octet-stream
eStab_0.9/tags/ver0.9.20/4fach/design/HL0001/002.jpg	svn:mime-type	1e86d1bc52f24f75cdba3765b30e79519a49e5dc5c0d27605048b15591e07892	application/octet-stream
eStab_0.9/tags/ver0.9.20/4fach/design/HL0001/003.jpg	svn:mime-type	1e86d1bc52f24f75cdba3765b30e79519a49e5dc5c0d27605048b15591e07892	application/octet-stream
eStab_0.9/tags/ver0.9.20/4fach/design/HL0001/004.jpg	svn:mime-type	1e86d1bc52f24f75cdba3765b30e79519a49e5dc5c0d27605048b15591e07892	application/octet-stream
eStab_0.9/tags/ver0.9.20/4fach/design/HL0001/005.jpg	svn:mime-type	1e86d1bc52f24f75cdba3765b30e79519a49e5dc5c0d27605048b15591e07892	application/octet-stream
eStab_0.9/tags/ver0.9.20/4fach/design/HL0001/006.jpg	svn:mime-type	1e86d1bc52f24f75cdba3765b30e79519a49e5dc5c0d27605048b15591e07892	application/octet-stream
eStab_0.9/tags/ver0.9.20/4fach/design/HL0001/007.jpg	svn:mime-type	1e86d1bc52f24f75cdba3765b30e79519a49e5dc5c0d27605048b15591e07892	application/octet-stream
eStab_0.9/tags/ver0.9.20/4fach/design/HL0001/008.jpg	svn:mime-type	1e86d1bc52f24f75cdba3765b30e79519a49e5dc5c0d27605048b15591e07892	application/octet-stream
eStab_0.9/tags/ver0.9.20/4fach/design/HL0001/009.jpg	svn:mime-type	1e86d1bc52f24f75cdba3765b30e79519a49e5dc5c0d27605048b15591e07892	application/octet-stream
eStab_0.9/tags/ver0.9.20/4fach/design/HL0001/010.jpg	svn:mime-type	1e86d1bc52f24f75cdba3765b30e79519a49e5dc5c0d27605048b15591e07892	application/octet-stream
eStab_0.9/tags/ver0.9.20/4fach/design/HL0001/011.jpg	svn:mime-type	1e86d1bc52f24f75cdba3765b30e79519a49e5dc5c0d27605048b15591e07892	application/octet-stream
eStab_0.9/tags/ver0.9.20/4fach/design/HL0001/013.jpg	svn:mime-type	1e86d1bc52f24f75cdba3765b30e79519a49e5dc5c0d27605048b15591e07892	application/octet-stream
eStab_0.9/tags/ver0.9.20/4fach/design/HL0001/014.jpg	svn:mime-type	1e86d1bc52f24f75cdba3765b30e79519a49e5dc5c0d27605048b15591e07892	application/octet-stream
eStab_0.9/tags/ver0.9.20/4fach/design/HL0001/016.jpg	svn:mime-type	1e86d1bc52f24f75cdba3765b30e79519a49e5dc5c0d27605048b15591e07892	application/octet-stream
eStab_0.9/tags/ver0.9.20/4fach/design/HL0001/017.jpg	svn:mime-type	1e86d1bc52f24f75cdba3765b30e79519a49e5dc5c0d27605048b15591e07892	application/octet-stream
eStab_0.9/tags/ver0.9.20/4fach/design/HL0001/018.gif	svn:mime-type	1e86d1bc52f24f75cdba3765b30e79519a49e5dc5c0d27605048b15591e07892	application/octet-stream
eStab_0.9/tags/ver0.9.20/4fach/design/HL0001/020.gif	svn:mime-type	1e86d1bc52f24f75cdba3765b30e79519a49e5dc5c0d27605048b15591e07892	application/octet-stream
eStab_0.9/tags/ver0.9.20/4fach/design/HL0001/021.gif	svn:mime-type	1e86d1bc52f24f75cdba3765b30e79519a49e5dc5c0d27605048b15591e07892	application/octet-stream
eStab_0.9/tags/ver0.9.20/4fach/design/HL0001/022.gif	svn:mime-type	1e86d1bc52f24f75cdba3765b30e79519a49e5dc5c0d27605048b15591e07892	application/octet-stream
eStab_0.9/tags/ver0.9.20/4fach/design/HL0001/Buttonvorlage.bs	svn:mime-type	1e86d1bc52f24f75cdba3765b30e79519a49e5dc5c0d27605048b15591e07892	application/octet-stream
eStab_0.9/tags/ver0.9.20/4fach/design/HL0001/Buttonvorlage_gruen.bs	svn:mime-type	1e86d1bc52f24f75cdba3765b30e79519a49e5dc5c0d27605048b15591e07892	application/octet-stream
eStab_0.9/tags/ver0.9.20/4fach/design/HL0001/Buttonvorlage_hellblau.bs	svn:mime-type	1e86d1bc52f24f75cdba3765b30e79519a49e5dc5c0d27605048b15591e07892	application/octet-stream
eStab_0.9/tags/ver0.9.20/4fach/design/HL0001/Buttonvorlage_rot.bs	svn:mime-type	1e86d1bc52f24f75cdba3765b30e79519a49e5dc5c0d27605048b15591e07892	application/octet-stream
eStab_0.9/tags/ver0.9.20/4fach/design/HL0001/Kopie von abmelden.jpg	svn:mime-type	1e86d1bc52f24f75cdba3765b30e79519a49e5dc5c0d27605048b15591e07892	application/octet-stream
eStab_0.9/tags/ver0.9.20/4fach/design/HL0001/d_hoch01.gif	svn:mime-type	1e86d1bc52f24f75cdba3765b30e79519a49e5dc5c0d27605048b15591e07892	application/octet-stream
eStab_0.9/tags/ver0.9.20/4fach/design/HL0001/greenlight.gif	svn:mime-type	1e86d1bc52f24f75cdba3765b30e79519a49e5dc5c0d27605048b15591e07892	application/octet-stream
eStab_0.9/tags/ver0.9.20/4fach/design/HL0001/hochladen.JPG	svn:mime-type	1e86d1bc52f24f75cdba3765b30e79519a49e5dc5c0d27605048b15591e07892	application/octet-stream
eStab_0.9/tags/ver0.9.20/4fach/design/HL0001/n_sichten.jpg	svn:mime-type	1e86d1bc52f24f75cdba3765b30e79519a49e5dc5c0d27605048b15591e07892	application/octet-stream
eStab_0.9/tags/ver0.9.20/4fach/design/HL0001/null.gif	svn:mime-type	1e86d1bc52f24f75cdba3765b30e79519a49e5dc5c0d27605048b15591e07892	application/octet-stream
eStab_0.9/tags/ver0.9.20/4fach/design/HL0001/null.jpg	svn:mime-type	1e86d1bc52f24f75cdba3765b30e79519a49e5dc5c0d27605048b15591e07892	application/octet-stream
eStab_0.9/tags/ver0.9.20/4fach/design/HL0001/redlight.gif	svn:mime-type	1e86d1bc52f24f75cdba3765b30e79519a49e5dc5c0d27605048b15591e07892	application/octet-stream
eStab_0.9/tags/ver0.9.20/4fach/design/HL0001/yellowlight.gif	svn:mime-type	1e86d1bc52f24f75cdba3765b30e79519a49e5dc5c0d27605048b15591e07892	application/octet-stream
eStab_0.9/tags/ver0.9.20/4fach/design/HS/000.gif	svn:mime-type	1e86d1bc52f24f75cdba3765b30e79519a49e5dc5c0d27605048b15591e07892	application/octet-stream
eStab_0.9/tags/ver0.9.20/4fach/design/HS/2ndAssort.gif	svn:mime-type	1e86d1bc52f24f75cdba3765b30e79519a49e5dc5c0d27605048b15591e07892	application/octet-stream
eStab_0.9/tags/ver0.9.20/4fach/design/HS/_go_back.gif	svn:mime-type	1e86d1bc52f24f75cdba3765b30e79519a49e5dc5c0d27605048b15591e07892	application/octet-stream
eStab_0.9/tags/ver0.9.20/4fach/design/HS/_go_end.gif	svn:mime-type	1e86d1bc52f24f75cdba3765b30e79519a49e5dc5c0d27605048b15591e07892	application/octet-stream
eStab_0.9/tags/ver0.9.20/4fach/design/HS/_go_forward.gif	svn:mime-type	1e86d1bc52f24f75cdba3765b30e79519a49e5dc5c0d27605048b15591e07892	application/octet-stream
eStab_0.9/tags/ver0.9.20/4fach/design/HS/_go_start.gif	svn:mime-type	1e86d1bc52f24f75cdba3765b30e79519a49e5dc5c0d27605048b15591e07892	application/octet-stream
eStab_0.9/tags/ver0.9.20/4fach/design/HS/_status_blue.gif	svn:mime-type	1e86d1bc52f24f75cdba3765b30e79519a49e5dc5c0d27605048b15591e07892	application/octet-stream
eStab_0.9/tags/ver0.9.20/4fach/design/HS/_status_green.gif	svn:mime-type	1e86d1bc52f24f75cdba3765b30e79519a49e5dc5c0d27605048b15591e07892	application/octet-stream
eStab_0.9/tags/ver0.9.20/4fach/design/HS/_status_yellow.gif	svn:mime-type	1e86d1bc52f24f75cdba3765b30e79519a49e5dc5c0d27605048b15591e07892	application/octet-stream
eStab_0.9/tags/ver0.9.20/4fach/design/HS/all.gif	svn:mime-type	1e86d1bc52f24f75cdba3765b30e79519a49e5dc5c0d27605048b15591e07892	application/octet-stream
eStab_0.9/tags/ver0.9.20/4fach/design/HS/assort.gif	svn:mime-type	1e86d1bc52f24f75cdba3765b30e79519a49e5dc5c0d27605048b15591e07892	application/octet-stream
eStab_0.9/tags/ver0.9.20/4fach/design/HS/attachment.gif	svn:mime-type	1e86d1bc52f24f75cdba3765b30e79519a49e5dc5c0d27605048b15591e07892	application/octet-stream
eStab_0.9/tags/ver0.9.20/4fach/design/HS/cancel.gif	svn:mime-type	1e86d1bc52f24f75cdba3765b30e79519a49e5dc5c0d27605048b15591e07892	application/octet-stream
eStab_0.9/tags/ver0.9.20/4fach/design/HS/checked.gif	svn:mime-type	1e86d1bc52f24f75cdba3765b30e79519a49e5dc5c0d27605048b15591e07892	application/octet-stream
eStab_0.9/tags/ver0.9.20/4fach/design/HS/delete.gif	svn:mime-type	1e86d1bc52f24f75cdba3765b30e79519a49e5dc5c0d27605048b15591e07892	application/octet-stream
eStab_0.9/tags/ver0.9.20/4fach/design/HS/edit.gif	svn:mime-type	1e86d1bc52f24f75cdba3765b30e79519a49e5dc5c0d27605048b15591e07892	application/octet-stream
eStab_0.9/tags/ver0.9.20/4fach/design/HS/file_global.gif	svn:mime-type	1e86d1bc52f24f75cdba3765b30e79519a49e5dc5c0d27605048b15591e07892	application/octet-stream
eStab_0.9/tags/ver0.9.20/4fach/design/HS/file_local.gif	svn:mime-type	1e86d1bc52f24f75cdba3765b30e79519a49e5dc5c0d27605048b15591e07892	application/octet-stream
eStab_0.9/tags/ver0.9.20/4fach/design/HS/filethis.gif	svn:mime-type	1e86d1bc52f24f75cdba3765b30e79519a49e5dc5c0d27605048b15591e07892	application/octet-stream
eStab_0.9/tags/ver0.9.20/4fach/design/HS/folder_global.gif	svn:mime-type	1e86d1bc52f24f75cdba3765b30e79519a49e5dc5c0d27605048b15591e07892	application/octet-stream
eStab_0.9/tags/ver0.9.20/4fach/design/HS/folder_local.gif	svn:mime-type	1e86d1bc52f24f75cdba3765b30e79519a49e5dc5c0d27605048b15591e07892	application/octet-stream
eStab_0.9/tags/ver0.9.20/4fach/design/HS/forward.gif	svn:mime-type	1e86d1bc52f24f75cdba3765b30e79519a49e5dc5c0d27605048b15591e07892	application/octet-stream
eStab_0.9/tags/ver0.9.20/4fach/design/HS/go_back.gif	svn:mime-type	1e86d1bc52f24f75cdba3765b30e79519a49e5dc5c0d27605048b15591e07892	application/octet-stream
eStab_0.9/tags/ver0.9.20/4fach/design/HS/go_end.gif	svn:mime-type	1e86d1bc52f24f75cdba3765b30e79519a49e5dc5c0d27605048b15591e07892	application/octet-stream
eStab_0.9/tags/ver0.9.20/4fach/design/HS/go_forward.gif	svn:mime-type	1e86d1bc52f24f75cdba3765b30e79519a49e5dc5c0d27605048b15591e07892	application/octet-stream
eStab_0.9/tags/ver0.9.20/4fach/design/HS/go_start.gif	svn:mime-type	1e86d1bc52f24f75cdba3765b30e79519a49e5dc5c0d27605048b15591e07892	application/octet-stream
eStab_0.9/tags/ver0.9.20/4fach/design/HS/in.gif	svn:mime-type	1e86d1bc52f24f75cdba3765b30e79519a49e5dc5c0d27605048b15591e07892	application/octet-stream
eStab_0.9/tags/ver0.9.20/4fach/design/HS/info.gif	svn:mime-type	1e86d1bc52f24f75cdba3765b30e79519a49e5dc5c0d27605048b15591e07892	application/octet-stream
eStab_0.9/tags/ver0.9.20/4fach/design/HS/isread.gif	svn:mime-type	1e86d1bc52f24f75cdba3765b30e79519a49e5dc5c0d27605048b15591e07892	application/octet-stream
eStab_0.9/tags/ver0.9.20/4fach/design/HS/load.gif	svn:mime-type	1e86d1bc52f24f75cdba3765b30e79519a49e5dc5c0d27605048b15591e07892	application/octet-stream
eStab_0.9/tags/ver0.9.20/4fach/design/HS/logbook_entry.gif	svn:mime-type	1e86d1bc52f24f75cdba3765b30e79519a49e5dc5c0d27605048b15591e07892	application/octet-stream
eStab_0.9/tags/ver0.9.20/4fach/design/HS/logon.gif	svn:mime-type	1e86d1bc52f24f75cdba3765b30e79519a49e5dc5c0d27605048b15591e07892	application/octet-stream
eStab_0.9/tags/ver0.9.20/4fach/design/HS/logout.gif	svn:mime-type	1e86d1bc52f24f75cdba3765b30e79519a49e5dc5c0d27605048b15591e07892	application/octet-stream
eStab_0.9/tags/ver0.9.20/4fach/design/HS/mail_prio_unread.gif	svn:mime-type	1e86d1bc52f24f75cdba3765b30e79519a49e5dc5c0d27605048b15591e07892	application/octet-stream
eStab_0.9/tags/ver0.9.20/4fach/design/HS/mail_unread.gif	svn:mime-type	1e86d1bc52f24f75cdba3765b30e79519a49e5dc5c0d27605048b15591e07892	application/octet-stream
eStab_0.9/tags/ver0.9.20/4fach/design/HS/notify_aw.wav	svn:mime-type	1e86d1bc52f24f75cdba3765b30e79519a49e5dc5c0d27605048b15591e07892	application/octet-stream
eStab_0.9/tags/ver0.9.20/4fach/design/HS/notify_si.wav	svn:mime-type	1e86d1bc52f24f75cdba3765b30e79519a49e5dc5c0d27605048b15591e07892	application/octet-stream
eStab_0.9/tags/ver0.9.20/4fach/design/HS/notify_stab.wav	svn:mime-type	1e86d1bc52f24f75cdba3765b30e79519a49e5dc5c0d27605048b15591e07892	application/octet-stream
eStab_0.9/tags/ver0.9.20/4fach/design/HS/null.gif	svn:mime-type	1e86d1bc52f24f75cdba3765b30e79519a49e5dc5c0d27605048b15591e07892	application/octet-stream
eStab_0.9/tags/ver0.9.20/4fach/design/HS/null.jpg	svn:mime-type	1e86d1bc52f24f75cdba3765b30e79519a49e5dc5c0d27605048b15591e07892	application/octet-stream
eStab_0.9/tags/ver0.9.20/4fach/design/HS/ok.gif	svn:mime-type	1e86d1bc52f24f75cdba3765b30e79519a49e5dc5c0d27605048b15591e07892	application/octet-stream
eStab_0.9/tags/ver0.9.20/4fach/design/HS/out.gif	svn:mime-type	1e86d1bc52f24f75cdba3765b30e79519a49e5dc5c0d27605048b15591e07892	application/octet-stream
eStab_0.9/tags/ver0.9.20/4fach/design/HS/print.gif	svn:mime-type	1e86d1bc52f24f75cdba3765b30e79519a49e5dc5c0d27605048b15591e07892	application/octet-stream
eStab_0.9/tags/ver0.9.20/4fach/design/HS/read.gif	svn:mime-type	1e86d1bc52f24f75cdba3765b30e79519a49e5dc5c0d27605048b15591e07892	application/octet-stream
eStab_0.9/tags/ver0.9.20/4fach/design/HS/reply.gif	svn:mime-type	1e86d1bc52f24f75cdba3765b30e79519a49e5dc5c0d27605048b15591e07892	application/octet-stream
eStab_0.9/tags/ver0.9.20/4fach/design/HS/save.gif	svn:mime-type	1e86d1bc52f24f75cdba3765b30e79519a49e5dc5c0d27605048b15591e07892	application/octet-stream
eStab_0.9/tags/ver0.9.20/4fach/design/HS/second.bs	svn:mime-type	1e86d1bc52f24f75cdba3765b30e79519a49e5dc5c0d27605048b15591e07892	application/octet-stream
eStab_0.9/tags/ver0.9.20/4fach/design/HS/send.gif	svn:mime-type	1e86d1bc52f24f75cdba3765b30e79519a49e5dc5c0d27605048b15591e07892	application/octet-stream
eStab_0.9/tags/ver0.9.20/4fach/design/HS/status_green.gif	svn:mime-type	1e86d1bc52f24f75cdba3765b30e79519a49e5dc5c0d27605048b15591e07892	application/octet-stream
eStab_0.9/tags/ver0.9.20/4fach/design/HS/status_red.gif	svn:mime-type	1e86d1bc52f24f75cdba3765b30e79519a49e5dc5c0d27605048b15591e07892	application/octet-stream
eStab_0.9/tags/ver0.9.20/4fach/design/HS/status_yellow.gif	svn:mime-type	1e86d1bc52f24f75cdba3765b30e79519a49e5dc5c0d27605048b15591e07892	application/octet-stream
eStab_0.9/tags/ver0.9.20/4fach/design/HS/task_done.gif	svn:mime-type	1e86d1bc52f24f75cdba3765b30e79519a49e5dc5c0d27605048b15591e07892	application/octet-stream
eStab_0.9/tags/ver0.9.20/4fach/design/HS/task_due.gif	svn:mime-type	1e86d1bc52f24f75cdba3765b30e79519a49e5dc5c0d27605048b15591e07892	application/octet-stream
eStab_0.9/tags/ver0.9.20/4fach/design/HS/timer.gif	svn:mime-type	1e86d1bc52f24f75cdba3765b30e79519a49e5dc5c0d27605048b15591e07892	application/octet-stream
eStab_0.9/tags/ver0.9.20/4fach/design/HS/transport.gif	svn:mime-type	1e86d1bc52f24f75cdba3765b30e79519a49e5dc5c0d27605048b15591e07892	application/octet-stream
eStab_0.9/tags/ver0.9.20/4fach/design/HS/upload.gif	svn:mime-type	1e86d1bc52f24f75cdba3765b30e79519a49e5dc5c0d27605048b15591e07892	application/octet-stream
eStab_0.9/tags/ver0.9.20/4fach/design/HS/users.gif	svn:mime-type	1e86d1bc52f24f75cdba3765b30e79519a49e5dc5c0d27605048b15591e07892	application/octet-stream
eStab_0.9/tags/ver0.9.20/4fach/design/HS/warning.gif	svn:mime-type	1e86d1bc52f24f75cdba3765b30e79519a49e5dc5c0d27605048b15591e07892	application/octet-stream
eStab_0.9/tags/ver0.9.20/4fach/design/HS/write.gif	svn:mime-type	1e86d1bc52f24f75cdba3765b30e79519a49e5dc5c0d27605048b15591e07892	application/octet-stream
eStab_0.9/tags/ver0.9.20/4fach/design/Symboldesign.odt	svn:mime-type	1e86d1bc52f24f75cdba3765b30e79519a49e5dc5c0d27605048b15591e07892	application/octet-stream
eStab_0.9/tags/ver0.9.20/4fach/design/mr/000.gif	svn:mime-type	1e86d1bc52f24f75cdba3765b30e79519a49e5dc5c0d27605048b15591e07892	application/octet-stream
eStab_0.9/tags/ver0.9.20/4fach/design/mr/2ndAssort.gif	svn:mime-type	1e86d1bc52f24f75cdba3765b30e79519a49e5dc5c0d27605048b15591e07892	application/octet-stream
eStab_0.9/tags/ver0.9.20/4fach/design/mr/_go_back.gif	svn:mime-type	1e86d1bc52f24f75cdba3765b30e79519a49e5dc5c0d27605048b15591e07892	application/octet-stream
eStab_0.9/tags/ver0.9.20/4fach/design/mr/_go_end.gif	svn:mime-type	1e86d1bc52f24f75cdba3765b30e79519a49e5dc5c0d27605048b15591e07892	application/octet-stream
eStab_0.9/tags/ver0.9.20/4fach/design/mr/_go_forward.gif	svn:mime-type	1e86d1bc52f24f75cdba3765b30e79519a49e5dc5c0d27605048b15591e07892	application/octet-stream
eStab_0.9/tags/ver0.9.20/4fach/design/mr/_go_start.gif	svn:mime-type	1e86d1bc52f24f75cdba3765b30e79519a49e5dc5c0d27605048b15591e07892	application/octet-stream
eStab_0.9/tags/ver0.9.20/4fach/design/mr/_status_blue.gif	svn:mime-type	1e86d1bc52f24f75cdba3765b30e79519a49e5dc5c0d27605048b15591e07892	application/octet-stream
eStab_0.9/tags/ver0.9.20/4fach/design/mr/_status_green.gif	svn:mime-type	1e86d1bc52f24f75cdba3765b30e79519a49e5dc5c0d27605048b15591e07892	application/octet-stream
eStab_0.9/tags/ver0.9.20/4fach/design/mr/_status_yellow.gif	svn:mime-type	1e86d1bc52f24f75cdba3765b30e79519a49e5dc5c0d27605048b15591e07892	application/octet-stream
eStab_0.9/tags/ver0.9.20/4fach/design/mr/all.gif	svn:mime-type	1e86d1bc52f24f75cdba3765b30e79519a49e5dc5c0d27605048b15591e07892	application/octet-stream
eStab_0.9/tags/ver0.9.20/4fach/design/mr/assort.gif	svn:mime-type	1e86d1bc52f24f75cdba3765b30e79519a49e5dc5c0d27605048b15591e07892	application/octet-stream
eStab_0.9/tags/ver0.9.20/4fach/design/mr/attachment.gif	svn:mime-type	1e86d1bc52f24f75cdba3765b30e79519a49e5dc5c0d27605048b15591e07892	application/octet-stream
eStab_0.9/tags/ver0.9.20/4fach/design/mr/cancel.gif	svn:mime-type	1e86d1bc52f24f75cdba3765b30e79519a49e5dc5c0d27605048b15591e07892	application/octet-stream
eStab_0.9/tags/ver0.9.20/4fach/design/mr/checked.gif	svn:mime-type	1e86d1bc52f24f75cdba3765b30e79519a49e5dc5c0d27605048b15591e07892	application/octet-stream
eStab_0.9/tags/ver0.9.20/4fach/design/mr/delete.gif	svn:mime-type	1e86d1bc52f24f75cdba3765b30e79519a49e5dc5c0d27605048b15591e07892	application/octet-stream
eStab_0.9/tags/ver0.9.20/4fach/design/mr/edit.gif	svn:mime-type	1e86d1bc52f24f75cdba3765b30e79519a49e5dc5c0d27605048b15591e07892	application/octet-stream
eStab_0.9/tags/ver0.9.20/4fach/design/mr/file_global.gif	svn:mime-type	1e86d1bc52f24f75cdba3765b30e79519a49e5dc5c0d27605048b15591e07892	application/octet-stream
eStab_0.9/tags/ver0.9.20/4fach/design/mr/file_local.gif	svn:mime-type	1e86d1bc52f24f75cdba3765b30e79519a49e5dc5c0d27605048b15591e07892	application/octet-stream
eStab_0.9/tags/ver0.9.20/4fach/design/mr/filethis.gif	svn:mime-type	1e86d1bc52f24f75cdba3765b30e79519a49e5dc5c0d27605048b15591e07892	application/octet-stream
eStab_0.9/tags/ver0.9.20/4fach/design/mr/folder_global.gif	svn:mime-type	1e86d1bc52f24f75cdba3765b30e79519a49e5dc5c0d27605048b15591e07892	application/octet-stream
eStab_0.9/tags/ver0.9.20/4fach/design/mr/folder_local.gif	svn:mime-type	1e86d1bc52f24f75cdba3765b30e79519a49e5dc5c0d27605048b15591e07892	application/octet-stream
eStab_0.9/tags/ver0.9.20/4fach/design/mr/forward.gif	svn:mime-type	1e86d1bc52f24f75cdba3765b30e79519a49e5dc5c0d27605048b15591e07892	application/octet-stream
eStab_0.9/tags/ver0.9.20/4fach/design/mr/go_back.gif	svn:mime-type	1e86d1bc52f24f75cdba3765b30e79519a49e5dc5c0d27605048b15591e07892	application/octet-stream
eStab_0.9/tags/ver0.9.20/4fach/design/mr/go_end.gif	svn:mime-type	1e86d1bc52f24f75cdba3765b30e79519a49e5dc5c0d27605048b15591e07892	application/octet-stream
eStab_0.9/tags/ver0.9.20/4fach/design/mr/go_forward.gif	svn:mime-type	1e86d1bc52f24f75cdba3765b30e79519a49e5dc5c0d27605048b15591e07892	application/octet-stream
eStab_0.9/tags/ver0.9.20/4fach/design/mr/go_start.gif	svn:mime-type	1e86d1bc52f24f75cdba3765b30e79519a49e5dc5c0d27605048b15591e07892	application/octet-stream
eStab_0.9/tags/ver0.9.20/4fach/design/mr/in.gif	svn:mime-type	1e86d1bc52f24f75cdba3765b30e79519a49e5dc5c0d27605048b15591e07892	application/octet-stream
eStab_0.9/tags/ver0.9.20/4fach/design/mr/info.gif	svn:mime-type	1e86d1bc52f24f75cdba3765b30e79519a49e5dc5c0d27605048b15591e07892	application/octet-stream
eStab_0.9/tags/ver0.9.20/4fach/design/mr/isread.gif	svn:mime-type	1e86d1bc52f24f75cdba3765b30e79519a49e5dc5c0d27605048b15591e07892	application/octet-stream
eStab_0.9/tags/ver0.9.20/4fach/design/mr/logbook_entry.gif	svn:mime-type	1e86d1bc52f24f75cdba3765b30e79519a49e5dc5c0d27605048b15591e07892	application/octet-stream
eStab_0.9/tags/ver0.9.20/4fach/design/mr/logon.gif	svn:mime-type	1e86d1bc52f24f75cdba3765b30e79519a49e5dc5c0d27605048b15591e07892	application/octet-stream
eStab_0.9/tags/ver0.9.20/4fach/design/mr/logout.gif	svn:mime-type	1e86d1bc52f24f75cdba3765b30e79519a49e5dc5c0d27605048b15591e07892	application/octet-stream
eStab_0.9/tags/ver0.9.20/4fach/design/mr/mail_prio_unread.gif	svn:mime-type	1e86d1bc52f24f75cdba3765b30e79519a49e5dc5c0d27605048b15591e07892	application/octet-stream
eStab_0.9/tags/ver0.9.20/4fach/design/mr/mail_unread.gif	svn:mime-type	1e86d1bc52f24f75cdba3765b30e79519a49e5dc5c0d27605048b15591e07892	application/octet-stream
eStab_0.9/tags/ver0.9.20/4fach/design/mr/notify_aw.wav	svn:mime-type	1e86d1bc52f24f75cdba3765b30e79519a49e5dc5c0d27605048b15591e07892	application/octet-stream
eStab_0.9/tags/ver0.9.20/4fach/design/mr/notify_si.wav	svn:mime-type	1e86d1bc52f24f75cdba3765b30e79519a49e5dc5c0d27605048b15591e07892	application/octet-stream
eStab_0.9/tags/ver0.9.20/4fach/design/mr/notify_stab.wav	svn:mime-type	1e86d1bc52f24f75cdba3765b30e79519a49e5dc5c0d27605048b15591e07892	application/octet-stream
eStab_0.9/tags/ver0.9.20/4fach/design/mr/null.gif	svn:mime-type	1e86d1bc52f24f75cdba3765b30e79519a49e5dc5c0d27605048b15591e07892	application/octet-stream
eStab_0.9/tags/ver0.9.20/4fach/design/mr/null.jpg	svn:mime-type	1e86d1bc52f24f75cdba3765b30e79519a49e5dc5c0d27605048b15591e07892	application/octet-stream
eStab_0.9/tags/ver0.9.20/4fach/design/mr/ok.gif	svn:mime-type	1e86d1bc52f24f75cdba3765b30e79519a49e5dc5c0d27605048b15591e07892	application/octet-stream
eStab_0.9/tags/ver0.9.20/4fach/design/mr/out.gif	svn:mime-type	1e86d1bc52f24f75cdba3765b30e79519a49e5dc5c0d27605048b15591e07892	application/octet-stream
eStab_0.9/tags/ver0.9.20/4fach/design/mr/print.gif	svn:mime-type	1e86d1bc52f24f75cdba3765b30e79519a49e5dc5c0d27605048b15591e07892	application/octet-stream
eStab_0.9/tags/ver0.9.20/4fach/design/mr/read.gif	svn:mime-type	1e86d1bc52f24f75cdba3765b30e79519a49e5dc5c0d27605048b15591e07892	application/octet-stream
eStab_0.9/tags/ver0.9.20/4fach/design/mr/reply.gif	svn:mime-type	1e86d1bc52f24f75cdba3765b30e79519a49e5dc5c0d27605048b15591e07892	application/octet-stream
eStab_0.9/tags/ver0.9.20/4fach/design/mr/second.bs	svn:mime-type	1e86d1bc52f24f75cdba3765b30e79519a49e5dc5c0d27605048b15591e07892	application/octet-stream
eStab_0.9/tags/ver0.9.20/4fach/design/mr/send.gif	svn:mime-type	1e86d1bc52f24f75cdba3765b30e79519a49e5dc5c0d27605048b15591e07892	application/octet-stream
eStab_0.9/tags/ver0.9.20/4fach/design/mr/status_green.gif	svn:mime-type	1e86d1bc52f24f75cdba3765b30e79519a49e5dc5c0d27605048b15591e07892	application/octet-stream
eStab_0.9/tags/ver0.9.20/4fach/design/mr/status_red.gif	svn:mime-type	1e86d1bc52f24f75cdba3765b30e79519a49e5dc5c0d27605048b15591e07892	application/octet-stream
eStab_0.9/tags/ver0.9.20/4fach/design/mr/status_yellow.gif	svn:mime-type	1e86d1bc52f24f75cdba3765b30e79519a49e5dc5c0d27605048b15591e07892	application/octet-stream
eStab_0.9/tags/ver0.9.20/4fach/design/mr/task_done.gif	svn:mime-type	1e86d1bc52f24f75cdba3765b30e79519a49e5dc5c0d27605048b15591e07892	application/octet-stream
eStab_0.9/tags/ver0.9.20/4fach/design/mr/task_due.gif	svn:mime-type	1e86d1bc52f24f75cdba3765b30e79519a49e5dc5c0d27605048b15591e07892	application/octet-stream
eStab_0.9/tags/ver0.9.20/4fach/design/mr/timer.gif	svn:mime-type	1e86d1bc52f24f75cdba3765b30e79519a49e5dc5c0d27605048b15591e07892	application/octet-stream
eStab_0.9/tags/ver0.9.20/4fach/design/mr/transport.gif	svn:mime-type	1e86d1bc52f24f75cdba3765b30e79519a49e5dc5c0d27605048b15591e07892	application/octet-stream
eStab_0.9/tags/ver0.9.20/4fach/design/mr/upload.gif	svn:mime-type	1e86d1bc52f24f75cdba3765b30e79519a49e5dc5c0d27605048b15591e07892	application/octet-stream
eStab_0.9/tags/ver0.9.20/4fach/design/mr/users.gif	svn:mime-type	1e86d1bc52f24f75cdba3765b30e79519a49e5dc5c0d27605048b15591e07892	application/octet-stream
eStab_0.9/tags/ver0.9.20/4fach/design/mr/warning.gif	svn:mime-type	1e86d1bc52f24f75cdba3765b30e79519a49e5dc5c0d27605048b15591e07892	application/octet-stream
eStab_0.9/tags/ver0.9.20/4fach/design/mr/write.gif	svn:mime-type	1e86d1bc52f24f75cdba3765b30e79519a49e5dc5c0d27605048b15591e07892	application/octet-stream
eStab_0.9/tags/ver0.9.20/4fach/design/second/000.gif	svn:mime-type	1e86d1bc52f24f75cdba3765b30e79519a49e5dc5c0d27605048b15591e07892	application/octet-stream
eStab_0.9/tags/ver0.9.20/4fach/design/second/001.jpg	svn:mime-type	1e86d1bc52f24f75cdba3765b30e79519a49e5dc5c0d27605048b15591e07892	application/octet-stream
eStab_0.9/tags/ver0.9.20/4fach/design/second/002.jpg	svn:mime-type	1e86d1bc52f24f75cdba3765b30e79519a49e5dc5c0d27605048b15591e07892	application/octet-stream
eStab_0.9/tags/ver0.9.20/4fach/design/second/003.jpg	svn:mime-type	1e86d1bc52f24f75cdba3765b30e79519a49e5dc5c0d27605048b15591e07892	application/octet-stream
eStab_0.9/tags/ver0.9.20/4fach/design/second/004.jpg	svn:mime-type	1e86d1bc52f24f75cdba3765b30e79519a49e5dc5c0d27605048b15591e07892	application/octet-stream
eStab_0.9/tags/ver0.9.20/4fach/design/second/004a.jpg	svn:mime-type	1e86d1bc52f24f75cdba3765b30e79519a49e5dc5c0d27605048b15591e07892	application/octet-stream
eStab_0.9/tags/ver0.9.20/4fach/design/second/005.jpg	svn:mime-type	1e86d1bc52f24f75cdba3765b30e79519a49e5dc5c0d27605048b15591e07892	application/octet-stream
eStab_0.9/tags/ver0.9.20/4fach/design/second/006.jpg	svn:mime-type	1e86d1bc52f24f75cdba3765b30e79519a49e5dc5c0d27605048b15591e07892	application/octet-stream
eStab_0.9/tags/ver0.9.20/4fach/design/second/007.jpg	svn:mime-type	1e86d1bc52f24f75cdba3765b30e79519a49e5dc5c0d27605048b15591e07892	application/octet-stream
eStab_0.9/tags/ver0.9.20/4fach/design/second/008.jpg	svn:mime-type	1e86d1bc52f24f75cdba3765b30e79519a49e5dc5c0d27605048b15591e07892	application/octet-stream
eStab_0.9/tags/ver0.9.20/4fach/design/second/009.jpg	svn:mime-type	1e86d1bc52f24f75cdba3765b30e79519a49e5dc5c0d27605048b15591e07892	application/octet-stream
eStab_0.9/tags/ver0.9.20/4fach/design/second/010.jpg	svn:mime-type	1e86d1bc52f24f75cdba3765b30e79519a49e5dc5c0d27605048b15591e07892	application/octet-stream
eStab_0.9/tags/ver0.9.20/4fach/design/second/011.jpg	svn:mime-type	1e86d1bc52f24f75cdba3765b30e79519a49e5dc5c0d27605048b15591e07892	application/octet-stream
eStab_0.9/tags/ver0.9.20/4fach/design/second/012.jpg	svn:mime-type	1e86d1bc52f24f75cdba3765b30e79519a49e5dc5c0d27605048b15591e07892	application/octet-stream
eStab_0.9/tags/ver0.9.20/4fach/design/second/012a.jpg	svn:mime-type	1e86d1bc52f24f75cdba3765b30e79519a49e5dc5c0d27605048b15591e07892	application/octet-stream
eStab_0.9/tags/ver0.9.20/4fach/design/second/012b.jpg	svn:mime-type	1e86d1bc52f24f75cdba3765b30e79519a49e5dc5c0d27605048b15591e07892	application/octet-stream
eStab_0.9/tags/ver0.9.20/4fach/design/second/013.jpg	svn:mime-type	1e86d1bc52f24f75cdba3765b30e79519a49e5dc5c0d27605048b15591e07892	application/octet-stream
eStab_0.9/tags/ver0.9.20/4fach/design/second/014.jpg	svn:mime-type	1e86d1bc52f24f75cdba3765b30e79519a49e5dc5c0d27605048b15591e07892	application/octet-stream
eStab_0.9/tags/ver0.9.20/4fach/design/second/015.jpg	svn:mime-type	1e86d1bc52f24f75cdba3765b30e79519a49e5dc5c0d27605048b15591e07892	application/octet-stream
eStab_0.9/tags/ver0.9.20/4fach/design/second/016.jpg	svn:mime-type	1e86d1bc52f24f75cdba3765b30e79519a49e5dc5c0d27605048b15591e07892	application/octet-stream
eStab_0.9/tags/ver0.9.20/4fach/design/second/017.jpg	svn:mime-type	1e86d1bc52f24f75cdba3765b30e79519a49e5dc5c0d27605048b15591e07892	application/octet-stream
eStab_0.9/tags/ver0.9.20/4fach/design/second/018.gif	svn:mime-type	1e86d1bc52f24f75cdba3765b30e79519a49e5dc5c0d27605048b15591e07892	application/octet-stream
eStab_0.9/tags/ver0.9.20/4fach/design/second/019.gif	svn:mime-type	1e86d1bc52f24f75cdba3765b30e79519a49e5dc5c0d27605048b15591e07892	application/octet-stream
eStab_0.9/tags/ver0.9.20/4fach/design/second/020.png	svn:mime-type	1e86d1bc52f24f75cdba3765b30e79519a49e5dc5c0d27605048b15591e07892	application/octet-stream
eStab_0.9/tags/ver0.9.20/4fach/design/second/021.png	svn:mime-type	1e86d1bc52f24f75cdba3765b30e79519a49e5dc5c0d27605048b15591e07892	application/octet-stream
eStab_0.9/tags/ver0.9.20/4fach/design/second/022.png	svn:mime-type	1e86d1bc52f24f75cdba3765b30e79519a49e5dc5c0d27605048b15591e07892	application/octet-stream
eStab_0.9/tags/ver0.9.20/4fach/design/second/023.png	svn:mime-type	1e86d1bc52f24f75cdba3765b30e79519a49e5dc5c0d27605048b15591e07892	application/octet-stream
eStab_0.9/tags/ver0.9.20/4fach/design/second/024.jpg	svn:mime-type	1e86d1bc52f24f75cdba3765b30e79519a49e5dc5c0d27605048b15591e07892	application/octet-stream
eStab_0.9/tags/ver0.9.20/4fach/design/second/025.gif	svn:mime-type	1e86d1bc52f24f75cdba3765b30e79519a49e5dc5c0d27605048b15591e07892	application/octet-stream
eStab_0.9/tags/ver0.9.20/4fach/design/second/026.gif	svn:mime-type	1e86d1bc52f24f75cdba3765b30e79519a49e5dc5c0d27605048b15591e07892	application/octet-stream
eStab_0.9/tags/ver0.9.20/4fach/design/second/027.gif	svn:mime-type	1e86d1bc52f24f75cdba3765b30e79519a49e5dc5c0d27605048b15591e07892	application/octet-stream
eStab_0.9/tags/ver0.9.20/4fach/design/second/028.gif	svn:mime-type	1e86d1bc52f24f75cdba3765b30e79519a49e5dc5c0d27605048b15591e07892	application/octet-stream
eStab_0.9/tags/ver0.9.20/4fach/design/second/028.jpg	svn:mime-type	1e86d1bc52f24f75cdba3765b30e79519a49e5dc5c0d27605048b15591e07892	application/octet-stream
eStab_0.9/tags/ver0.9.20/4fach/design/second/029.gif	svn:mime-type	1e86d1bc52f24f75cdba3765b30e79519a49e5dc5c0d27605048b15591e07892	application/octet-stream
eStab_0.9/tags/ver0.9.20/4fach/design/second/029.jpg	svn:mime-type	1e86d1bc52f24f75cdba3765b30e79519a49e5dc5c0d27605048b15591e07892	application/octet-stream
eStab_0.9/tags/ver0.9.20/4fach/design/second/030.jpg	svn:mime-type	1e86d1bc52f24f75cdba3765b30e79519a49e5dc5c0d27605048b15591e07892	application/octet-stream
eStab_0.9/tags/ver0.9.20/4fach/design/second/031.jpg	svn:mime-type	1e86d1bc52f24f75cdba3765b30e79519a49e5dc5c0d27605048b15591e07892	application/octet-stream
eStab_0.9/tags/ver0.9.20/4fach/design/second/032.jpg	svn:mime-type	1e86d1bc52f24f75cdba3765b30e79519a49e5dc5c0d27605048b15591e07892	application/octet-stream
eStab_0.9/tags/ver0.9.20/4fach/design/second/033.gif	svn:mime-type	1e86d1bc52f24f75cdba3765b30e79519a49e5dc5c0d27605048b15591e07892	application/octet-stream
eStab_0.9/tags/ver0.9.20/4fach/design/second/033.png	svn:mime-type	1e86d1bc52f24f75cdba3765b30e79519a49e5dc5c0d27605048b15591e07892	application/octet-stream
eStab_0.9/tags/ver0.9.20/4fach/design/second/034.gif	svn:mime-type	1e86d1bc52f24f75cdba3765b30e79519a49e5dc5c0d27605048b15591e07892	application/octet-stream
eStab_0.9/tags/ver0.9.20/4fach/design/second/035.png	svn:mime-type	1e86d1bc52f24f75cdba3765b30e79519a49e5dc5c0d27605048b15591e07892	application/octet-stream
eStab_0.9/tags/ver0.9.20/4fach/design/second/035a.png	svn:mime-type	1e86d1bc52f24f75cdba3765b30e79519a49e5dc5c0d27605048b15591e07892	application/octet-stream
eStab_0.9/tags/ver0.9.20/4fach/design/second/038.jpg	svn:mime-type	1e86d1bc52f24f75cdba3765b30e79519a49e5dc5c0d27605048b15591e07892	application/octet-stream
eStab_0.9/tags/ver0.9.20/4fach/design/second/040.jpg	svn:mime-type	1e86d1bc52f24f75cdba3765b30e79519a49e5dc5c0d27605048b15591e07892	application/octet-stream
eStab_0.9/tags/ver0.9.20/4fach/design/second/050.gif	svn:mime-type	1e86d1bc52f24f75cdba3765b30e79519a49e5dc5c0d27605048b15591e07892	application/octet-stream
eStab_0.9/tags/ver0.9.20/4fach/design/second/051.gif	svn:mime-type	1e86d1bc52f24f75cdba3765b30e79519a49e5dc5c0d27605048b15591e07892	application/octet-stream
eStab_0.9/tags/ver0.9.20/4fach/design/second/060.jpg	svn:mime-type	1e86d1bc52f24f75cdba3765b30e79519a49e5dc5c0d27605048b15591e07892	application/octet-stream
eStab_0.9/tags/ver0.9.20/4fach/design/second/060.png	svn:mime-type	1e86d1bc52f24f75cdba3765b30e79519a49e5dc5c0d27605048b15591e07892	application/octet-stream
eStab_0.9/tags/ver0.9.20/4fach/design/second/061.png	svn:mime-type	1e86d1bc52f24f75cdba3765b30e79519a49e5dc5c0d27605048b15591e07892	application/octet-stream
eStab_0.9/tags/ver0.9.20/4fach/design/second/101.gif	svn:mime-type	1e86d1bc52f24f75cdba3765b30e79519a49e5dc5c0d27605048b15591e07892	application/octet-stream
eStab_0.9/tags/ver0.9.20/4fach/design/second/102.gif	svn:mime-type	1e86d1bc52f24f75cdba3765b30e79519a49e5dc5c0d27605048b15591e07892	application/octet-stream
eStab_0.9/tags/ver0.9.20/4fach/design/second/103.gif	svn:mime-type	1e86d1bc52f24f75cdba3765b30e79519a49e5dc5c0d27605048b15591e07892	application/octet-stream
eStab_0.9/tags/ver0.9.20/4fach/design/second/104.gif	svn:mime-type	1e86d1bc52f24f75cdba3765b30e79519a49e5dc5c0d27605048b15591e07892	application/octet-stream
eStab_0.9/tags/ver0.9.20/4fach/design/second/110.gif	svn:mime-type	1e86d1bc52f24f75cdba3765b30e79519a49e5dc5c0d27605048b15591e07892	application/octet-stream
eStab_0.9/tags/ver0.9.20/4fach/design/second/111.gif	svn:mime-type	1e86d1bc52f24f75cdba3765b30e79519a49e5dc5c0d27605048b15591e07892	application/octet-stream
eStab_0.9/tags/ver0.9.20/4fach/design/second/112.png	svn:mime-type	1e86d1bc52f24f75cdba3765b30e79519a49e5dc5c0d27605048b15591e07892	application/octet-stream
eStab_0.9/tags/ver0.9.20/4fach/design/second/113.png	svn:mime-type	1e86d1bc52f24f75cdba3765b30e79519a49e5dc5c0d27605048b15591e07892	application/octet-stream
eStab_0.9/tags/ver0.9.20/4fach/design/second/115.gif	svn:mime-type	1e86d1bc52f24f75cdba3765b30e79519a49e5dc5c0d27605048b15591e07892	application/octet-stream
eStab_0.9/tags/ver0.9.20/4fach/design/second/116.jpg	svn:mime-type	1e86d1bc52f24f75cdba3765b30e79519a49e5dc5c0d27605048b15591e07892	application/octet-stream
eStab_0.9/tags/ver0.9.20/4fach/design/second/117.jpg	svn:mime-type	1e86d1bc52f24f75cdba3765b30e79519a49e5dc5c0d27605048b15591e07892	application/octet-stream
eStab_0.9/tags/ver0.9.20/4fach/design/second/118.jpg	svn:mime-type	1e86d1bc52f24f75cdba3765b30e79519a49e5dc5c0d27605048b15591e07892	application/octet-stream
eStab_0.9/tags/ver0.9.20/4fach/design/second/119.jpg	svn:mime-type	1e86d1bc52f24f75cdba3765b30e79519a49e5dc5c0d27605048b15591e07892	application/octet-stream
eStab_0.9/tags/ver0.9.20/4fach/design/second/120.gif	svn:mime-type	1e86d1bc52f24f75cdba3765b30e79519a49e5dc5c0d27605048b15591e07892	application/octet-stream
eStab_0.9/tags/ver0.9.20/4fach/design/second/120.jpg	svn:mime-type	1e86d1bc52f24f75cdba3765b30e79519a49e5dc5c0d27605048b15591e07892	application/octet-stream
eStab_0.9/tags/ver0.9.20/4fach/design/second/121.jpg	svn:mime-type	1e86d1bc52f24f75cdba3765b30e79519a49e5dc5c0d27605048b15591e07892	application/octet-stream
eStab_0.9/tags/ver0.9.20/4fach/design/second/1255.jpg	svn:mime-type	1e86d1bc52f24f75cdba3765b30e79519a49e5dc5c0d27605048b15591e07892	application/octet-stream
eStab_0.9/tags/ver0.9.20/4fach/design/second/24-book-blue-check.png	svn:mime-type	1e86d1bc52f24f75cdba3765b30e79519a49e5dc5c0d27605048b15591e07892	application/octet-stream
eStab_0.9/tags/ver0.9.20/4fach/design/second/A025.png	svn:mime-type	1e86d1bc52f24f75cdba3765b30e79519a49e5dc5c0d27605048b15591e07892	application/octet-stream
eStab_0.9/tags/ver0.9.20/4fach/design/second/A026.png	svn:mime-type	1e86d1bc52f24f75cdba3765b30e79519a49e5dc5c0d27605048b15591e07892	application/octet-stream
eStab_0.9/tags/ver0.9.20/4fach/design/second/A027.png	svn:mime-type	1e86d1bc52f24f75cdba3765b30e79519a49e5dc5c0d27605048b15591e07892	application/octet-stream
eStab_0.9/tags/ver0.9.20/4fach/design/second/A028.gif	svn:mime-type	1e86d1bc52f24f75cdba3765b30e79519a49e5dc5c0d27605048b15591e07892	application/octet-stream
eStab_0.9/tags/ver0.9.20/4fach/design/second/bl.png	svn:mime-type	1e86d1bc52f24f75cdba3765b30e79519a49e5dc5c0d27605048b15591e07892	application/octet-stream
eStab_0.9/tags/ver0.9.20/4fach/design/second/checked.gif	svn:mime-type	1e86d1bc52f24f75cdba3765b30e79519a49e5dc5c0d27605048b15591e07892	application/octet-stream
eStab_0.9/tags/ver0.9.20/4fach/design/second/gn.png	svn:mime-type	1e86d1bc52f24f75cdba3765b30e79519a49e5dc5c0d27605048b15591e07892	application/octet-stream
eStab_0.9/tags/ver0.9.20/4fach/design/second/info.gif	svn:mime-type	1e86d1bc52f24f75cdba3765b30e79519a49e5dc5c0d27605048b15591e07892	application/octet-stream
eStab_0.9/tags/ver0.9.20/4fach/design/second/move.gif	svn:mime-type	1e86d1bc52f24f75cdba3765b30e79519a49e5dc5c0d27605048b15591e07892	application/octet-stream
eStab_0.9/tags/ver0.9.20/4fach/design/second/null.gif	svn:mime-type	1e86d1bc52f24f75cdba3765b30e79519a49e5dc5c0d27605048b15591e07892	application/octet-stream
eStab_0.9/tags/ver0.9.20/4fach/design/second/null.jpg	svn:mime-type	1e86d1bc52f24f75cdba3765b30e79519a49e5dc5c0d27605048b15591e07892	application/octet-stream
eStab_0.9/tags/ver0.9.20/4fach/design/second/second.bs	svn:mime-type	1e86d1bc52f24f75cdba3765b30e79519a49e5dc5c0d27605048b15591e07892	application/octet-stream
eStab_0.9/tags/ver0.9.20/4fach/design/second/vor.gif	svn:mime-type	1e86d1bc52f24f75cdba3765b30e79519a49e5dc5c0d27605048b15591e07892	application/octet-stream
eStab_0.9/tags/ver0.9.20/4fach/design/simple/001.jpg	svn:mime-type	1e86d1bc52f24f75cdba3765b30e79519a49e5dc5c0d27605048b15591e07892	application/octet-stream
eStab_0.9/tags/ver0.9.20/4fach/design/simple/002.jpg	svn:mime-type	1e86d1bc52f24f75cdba3765b30e79519a49e5dc5c0d27605048b15591e07892	application/octet-stream
eStab_0.9/tags/ver0.9.20/4fach/design/simple/003.jpg	svn:mime-type	1e86d1bc52f24f75cdba3765b30e79519a49e5dc5c0d27605048b15591e07892	application/octet-stream
eStab_0.9/tags/ver0.9.20/4fach/design/simple/004.jpg	svn:mime-type	1e86d1bc52f24f75cdba3765b30e79519a49e5dc5c0d27605048b15591e07892	application/octet-stream
eStab_0.9/tags/ver0.9.20/4fach/design/simple/004a.jpg	svn:mime-type	1e86d1bc52f24f75cdba3765b30e79519a49e5dc5c0d27605048b15591e07892	application/octet-stream
eStab_0.9/tags/ver0.9.20/4fach/design/simple/005.jpg	svn:mime-type	1e86d1bc52f24f75cdba3765b30e79519a49e5dc5c0d27605048b15591e07892	application/octet-stream
eStab_0.9/tags/ver0.9.20/4fach/design/simple/006.jpg	svn:mime-type	1e86d1bc52f24f75cdba3765b30e79519a49e5dc5c0d27605048b15591e07892	application/octet-stream
eStab_0.9/tags/ver0.9.20/4fach/design/simple/007.jpg	svn:mime-type	1e86d1bc52f24f75cdba3765b30e79519a49e5dc5c0d27605048b15591e07892	application/octet-stream
eStab_0.9/tags/ver0.9.20/4fach/design/simple/008.jpg	svn:mime-type	1e86d1bc52f24f75cdba3765b30e79519a49e5dc5c0d27605048b15591e07892	application/octet-stream
eStab_0.9/tags/ver0.9.20/4fach/design/simple/009.jpg	svn:mime-type	1e86d1bc52f24f75cdba3765b30e79519a49e5dc5c0d27605048b15591e07892	application/octet-stream
eStab_0.9/tags/ver0.9.20/4fach/design/simple/010.jpg	svn:mime-type	1e86d1bc52f24f75cdba3765b30e79519a49e5dc5c0d27605048b15591e07892	application/octet-stream
eStab_0.9/tags/ver0.9.20/4fach/design/simple/011.jpg	svn:mime-type	1e86d1bc52f24f75cdba3765b30e79519a49e5dc5c0d27605048b15591e07892	application/octet-stream
eStab_0.9/tags/ver0.9.20/4fach/design/simple/012.jpg	svn:mime-type	1e86d1bc52f24f75cdba3765b30e79519a49e5dc5c0d27605048b15591e07892	application/octet-stream
eStab_0.9/tags/ver0.9.20/4fach/design/simple/012a.jpg	svn:mime-type	1e86d1bc52f24f75cdba3765b30e79519a49e5dc5c0d27605048b15591e07892	application/octet-stream
eStab_0.9/tags/ver0.9.20/4fach/design/simple/012b.jpg	svn:mime-type	1e86d1bc52f24f75cdba3765b30e79519a49e5dc5c0d27605048b15591e07892	application/octet-stream
eStab_0.9/tags/ver0.9.20/4fach/design/simple/013.jpg	svn:mime-type	1e86d1bc52f24f75cdba3765b30e79519a49e5dc5c0d27605048b15591e07892	application/octet-stream
eStab_0.9/tags/ver0.9.20/4fach/design/simple/014.jpg	svn:mime-type	1e86d1bc52f24f75cdba3765b30e79519a49e5dc5c0d27605048b15591e07892	application/octet-stream
eStab_0.9/tags/ver0.9.20/4fach/design/simple/015.jpg	svn:mime-type	1e86d1bc52f24f75cdba3765b30e79519a49e5dc5c0d27605048b15591e07892	application/octet-stream
eStab_0.9/tags/ver0.9.20/4fach/design/simple/016.jpg	svn:mime-type	1e86d1bc52f24f75cdba3765b30e79519a49e5dc5c0d27605048b15591e07892	application/octet-stream
eStab_0.9/tags/ver0.9.20/4fach/design/simple/017.jpg	svn:mime-type	1e86d1bc52f24f75cdba3765b30e79519a49e5dc5c0d27605048b15591e07892	application/octet-stream
eStab_0.9/tags/ver0.9.20/4fach/design/simple/018.gif	svn:mime-type	1e86d1bc52f24f75cdba3765b30e79519a49e5dc5c0d27605048b15591e07892	application/octet-stream
eStab_0.9/tags/ver0.9.20/4fach/design/simple/019.gif	svn:mime-type	1e86d1bc52f24f75cdba3765b30e79519a49e5dc5c0d27605048b15591e07892	application/octet-stream
eStab_0.9/tags/ver0.9.20/4fach/design/simple/020.png	svn:mime-type	1e86d1bc52f24f75cdba3765b30e79519a49e5dc5c0d27605048b15591e07892	application/octet-stream
eStab_0.9/tags/ver0.9.20/4fach/design/simple/021.png	svn:mime-type	1e86d1bc52f24f75cdba3765b30e79519a49e5dc5c0d27605048b15591e07892	application/octet-stream
eStab_0.9/tags/ver0.9.20/4fach/design/simple/022.png	svn:mime-type	1e86d1bc52f24f75cdba3765b30e79519a49e5dc5c0d27605048b15591e07892	application/octet-stream
eStab_0.9/tags/ver0.9.20/4fach/design/simple/023.png	svn:mime-type	1e86d1bc52f24f75cdba3765b30e79519a49e5dc5c0d27605048b15591e07892	application/octet-stream
eStab_0.9/tags/ver0.9.20/4fach/design/simple/024.jpg	svn:mime-type	1e86d1bc52f24f75cdba3765b30e79519a49e5dc5c0d27605048b15591e07892	application/octet-stream
eStab_0.9/tags/ver0.9.20/4fach/design/simple/025.gif	svn:mime-type	1e86d1bc52f24f75cdba3765b30e79519a49e5dc5c0d27605048b15591e07892	application/octet-stream
eStab_0.9/tags/ver0.9.20/4fach/design/simple/026.gif	svn:mime-type	1e86d1bc52f24f75cdba3765b30e79519a49e5dc5c0d27605048b15591e07892	application/octet-stream
eStab_0.9/tags/ver0.9.20/4fach/design/simple/027.gif	svn:mime-type	1e86d1bc52f24f75cdba3765b30e79519a49e5dc5c0d27605048b15591e07892	application/octet-stream
eStab_0.9/tags/ver0.9.20/4fach/design/simple/028.gif	svn:mime-type	1e86d1bc52f24f75cdba3765b30e79519a49e5dc5c0d27605048b15591e07892	application/octet-stream
eStab_0.9/tags/ver0.9.20/4fach/design/simple/028.jpg	svn:mime-type	1e86d1bc52f24f75cdba3765b30e79519a49e5dc5c0d27605048b15591e07892	application/octet-stream
eStab_0.9/tags/ver0.9.20/4fach/design/simple/029.gif	svn:mime-type	1e86d1bc52f24f75cdba3765b30e79519a49e5dc5c0d27605048b15591e07892	application/octet-stream
eStab_0.9/tags/ver0.9.20/4fach/design/simple/029.jpg	svn:mime-type	1e86d1bc52f24f75cdba3765b30e79519a49e5dc5c0d27605048b15591e07892	application/octet-stream
eStab_0.9/tags/ver0.9.20/4fach/design/simple/030.jpg	svn:mime-type	1e86d1bc52f24f75cdba3765b30e79519a49e5dc5c0d27605048b15591e07892	application/octet-stream
eStab_0.9/tags/ver0.9.20/4fach/design/simple/031.JPG	svn:mime-type	1e86d1bc52f24f75cdba3765b30e79519a49e5dc5c0d27605048b15591e07892	application/octet-stream
eStab_0.9/tags/ver0.9.20/4fach/design/simple/035.jpg	svn:mime-type	1e86d1bc52f24f75cdba3765b30e79519a49e5dc5c0d27605048b15591e07892	application/octet-stream
eStab_0.9/tags/ver0.9.20/4fach/design/simple/040.jpg	svn:mime-type	1e86d1bc52f24f75cdba3765b30e79519a49e5dc5c0d27605048b15591e07892	application/octet-stream
eStab_0.9/tags/ver0.9.20/4fach/design/simple/050.gif	svn:mime-type	1e86d1bc52f24f75cdba3765b30e79519a49e5dc5c0d27605048b15591e07892	application/octet-stream
eStab_0.9/tags/ver0.9.20/4fach/design/simple/051.gif	svn:mime-type	1e86d1bc52f24f75cdba3765b30e79519a49e5dc5c0d27605048b15591e07892	application/octet-stream
eStab_0.9/tags/ver0.9.20/4fach/design/simple/A025.png	svn:mime-type	1e86d1bc52f24f75cdba3765b30e79519a49e5dc5c0d27605048b15591e07892	application/octet-stream
eStab_0.9/tags/ver0.9.20/4fach/design/simple/A026.png	svn:mime-type	1e86d1bc52f24f75cdba3765b30e79519a49e5dc5c0d27605048b15591e07892	application/octet-stream
eStab_0.9/tags/ver0.9.20/4fach/design/simple/A027.png	svn:mime-type	1e86d1bc52f24f75cdba3765b30e79519a49e5dc5c0d27605048b15591e07892	application/octet-stream
eStab_0.9/tags/ver0.9.20/4fach/design/simple/A028.gif	svn:mime-type	1e86d1bc52f24f75cdba3765b30e79519a49e5dc5c0d27605048b15591e07892	application/octet-stream
eStab_0.9/tags/ver0.9.20/4fach/design/simple/bl.png	svn:mime-type	1e86d1bc52f24f75cdba3765b30e79519a49e5dc5c0d27605048b15591e07892	application/octet-stream
eStab_0.9/tags/ver0.9.20/4fach/design/simple/gn.png	svn:mime-type	1e86d1bc52f24f75cdba3765b30e79519a49e5dc5c0d27605048b15591e07892	application/octet-stream
eStab_0.9/tags/ver0.9.20/4fach/design/simple/info.gif	svn:mime-type	1e86d1bc52f24f75cdba3765b30e79519a49e5dc5c0d27605048b15591e07892	application/octet-stream
eStab_0.9/tags/ver0.9.20/4fach/design/simple/move.gif	svn:mime-type	1e86d1bc52f24f75cdba3765b30e79519a49e5dc5c0d27605048b15591e07892	application/octet-stream
eStab_0.9/tags/ver0.9.20/4fach/design/simple/notify.wav	svn:mime-type	1e86d1bc52f24f75cdba3765b30e79519a49e5dc5c0d27605048b15591e07892	application/octet-stream
eStab_0.9/tags/ver0.9.20/4fach/design/simple/null.gif	svn:mime-type	1e86d1bc52f24f75cdba3765b30e79519a49e5dc5c0d27605048b15591e07892	application/octet-stream
eStab_0.9/tags/ver0.9.20/4fach/design/simple/null.jpg	svn:mime-type	1e86d1bc52f24f75cdba3765b30e79519a49e5dc5c0d27605048b15591e07892	application/octet-stream
eStab_0.9/tags/ver0.9.20/4fach/design/simple/simple.bs	svn:mime-type	1e86d1bc52f24f75cdba3765b30e79519a49e5dc5c0d27605048b15591e07892	application/octet-stream
eStab_0.9/tags/ver0.9.20/4fach/design/simple/vor.gif	svn:mime-type	1e86d1bc52f24f75cdba3765b30e79519a49e5dc5c0d27605048b15591e07892	application/octet-stream
eStab_0.9/tags/ver0.9.20/4fach/null.gif	svn:mime-type	1e86d1bc52f24f75cdba3765b30e79519a49e5dc5c0d27605048b15591e07892	application/octet-stream
eStab_0.9/tags/ver0.9.20/4fach/null.jpg	svn:mime-type	1e86d1bc52f24f75cdba3765b30e79519a49e5dc5c0d27605048b15591e07892	application/octet-stream
eStab_0.9/tags/ver0.9.20/4fbak/ELHS.png	svn:mime-type	1e86d1bc52f24f75cdba3765b30e79519a49e5dc5c0d27605048b15591e07892	application/octet-stream
eStab_0.9/tags/ver0.9.20/4fbak/fonts/Activa.ttf	svn:mime-type	1e86d1bc52f24f75cdba3765b30e79519a49e5dc5c0d27605048b15591e07892	application/octet-stream
eStab_0.9/tags/ver0.9.20/4fbak/fonts/Alpha Beta BRK.ttf	svn:mime-type	1e86d1bc52f24f75cdba3765b30e79519a49e5dc5c0d27605048b15591e07892	application/octet-stream
eStab_0.9/tags/ver0.9.20/4fbak/fonts/Alpha Romanie G98.ttf	svn:mime-type	1e86d1bc52f24f75cdba3765b30e79519a49e5dc5c0d27605048b15591e07892	application/octet-stream
eStab_0.9/tags/ver0.9.20/4fbak/fonts/Garrison Cond. Sans BOLD.ttf	svn:mime-type	1e86d1bc52f24f75cdba3765b30e79519a49e5dc5c0d27605048b15591e07892	application/octet-stream
eStab_0.9/tags/ver0.9.20/4fbak/fonts/Garrison Cond. Sans.ttf	svn:mime-type	1e86d1bc52f24f75cdba3765b30e79519a49e5dc5c0d27605048b15591e07892	application/octet-stream
eStab_0.9/tags/ver0.9.20/4fbak/fonts/Garrison ExtraBold Sans BOLD.ttf	svn:mime-type	1e86d1bc52f24f75cdba3765b30e79519a49e5dc5c0d27605048b15591e07892	application/octet-stream
eStab_0.9/tags/ver0.9.20/4fbak/fonts/Garrison ExtraCond. Sans.ttf	svn:mime-type	1e86d1bc52f24f75cdba3765b30e79519a49e5dc5c0d27605048b15591e07892	application/octet-stream
eStab_0.9/tags/ver0.9.20/4fbak/fonts/Garrison Light Sans BOLD.ttf	svn:mime-type	1e86d1bc52f24f75cdba3765b30e79519a49e5dc5c0d27605048b15591e07892	application/octet-stream
eStab_0.9/tags/ver0.9.20/4fbak/fonts/Garrison Light Sans BOLDITALIC.ttf	svn:mime-type	1e86d1bc52f24f75cdba3765b30e79519a49e5dc5c0d27605048b15591e07892	application/octet-stream
eStab_0.9/tags/ver0.9.20/4fbak/fonts/Garrison Light Sans ITALIC.ttf	svn:mime-type	1e86d1bc52f24f75cdba3765b30e79519a49e5dc5c0d27605048b15591e07892	application/octet-stream
eStab_0.9/tags/ver0.9.20/4fbak/fonts/Garrison Light Sans.ttf	svn:mime-type	1e86d1bc52f24f75cdba3765b30e79519a49e5dc5c0d27605048b15591e07892	application/octet-stream
eStab_0.9/tags/ver0.9.20/4fbak/fonts/Garrison Sans BOLD.ttf	svn:mime-type	1e86d1bc52f24f75cdba3765b30e79519a49e5dc5c0d27605048b15591e07892	application/octet-stream
eStab_0.9/tags/ver0.9.20/4fbak/fonts/Garrison Sans BOLDITALIC.ttf	svn:mime-type	1e86d1bc52f24f75cdba3765b30e79519a49e5dc5c0d27605048b15591e07892	application/octet-stream
eStab_0.9/tags/ver0.9.20/4fbak/fonts/Garrison Sans ITALIC.ttf	svn:mime-type	1e86d1bc52f24f75cdba3765b30e79519a49e5dc5c0d27605048b15591e07892	application/octet-stream
eStab_0.9/tags/ver0.9.20/4fbak/fonts/Garrison Sans.ttf	svn:mime-type	1e86d1bc52f24f75cdba3765b30e79519a49e5dc5c0d27605048b15591e07892	application/octet-stream
eStab_0.9/tags/ver0.9.20/4fbak/fonts/georgia.ttf	svn:mime-type	1e86d1bc52f24f75cdba3765b30e79519a49e5dc5c0d27605048b15591e07892	application/octet-stream
eStab_0.9/tags/ver0.9.20/4fbak/fonts/georgiab.ttf	svn:mime-type	1e86d1bc52f24f75cdba3765b30e79519a49e5dc5c0d27605048b15591e07892	application/octet-stream
eStab_0.9/tags/ver0.9.20/4fbak/fonts/georgiai.ttf	svn:mime-type	1e86d1bc52f24f75cdba3765b30e79519a49e5dc5c0d27605048b15591e07892	application/octet-stream
eStab_0.9/tags/ver0.9.20/4fbak/fonts/georgiaz.ttf	svn:mime-type	1e86d1bc52f24f75cdba3765b30e79519a49e5dc5c0d27605048b15591e07892	application/octet-stream
eStab_0.9/tags/ver0.9.20/4fbak/fpdf/ex.pdf	svn:mime-type	1e86d1bc52f24f75cdba3765b30e79519a49e5dc5c0d27605048b15591e07892	application/octet-stream
eStab_0.9/tags/ver0.9.20/4fbak/fpdf/tutorial/calligra.ttf	svn:mime-type	1e86d1bc52f24f75cdba3765b30e79519a49e5dc5c0d27605048b15591e07892	application/octet-stream
eStab_0.9/tags/ver0.9.20/4fbak/fpdf/tutorial/calligra.z	svn:mime-type	1e86d1bc52f24f75cdba3765b30e79519a49e5dc5c0d27605048b15591e07892	application/octet-stream
eStab_0.9/tags/ver0.9.20/4fbak/fpdf/tutorial/logo.png	svn:mime-type	1e86d1bc52f24f75cdba3765b30e79519a49e5dc5c0d27605048b15591e07892	application/octet-stream
eStab_0.9/tags/ver0.9.20/4fbak/fpdf/tutorial/logo_pb.png	svn:mime-type	1e86d1bc52f24f75cdba3765b30e79519a49e5dc5c0d27605048b15591e07892	application/octet-stream
eStab_0.9/tags/ver0.9.20/4fbak/logo.png	svn:mime-type	1e86d1bc52f24f75cdba3765b30e79519a49e5dc5c0d27605048b15591e07892	application/octet-stream
eStab_0.9/tags/ver0.9.20/4fbak/thw.png	svn:mime-type	1e86d1bc52f24f75cdba3765b30e79519a49e5dc5c0d27605048b15591e07892	application/octet-stream
eStab_0.9/tags/ver0.9.20/4fsym/4fach_aktiv.png	svn:mime-type	1e86d1bc52f24f75cdba3765b30e79519a49e5dc5c0d27605048b15591e07892	application/octet-stream
eStab_0.9/tags/ver0.9.20/4fsym/4fach_inaktiv.png	svn:mime-type	1e86d1bc52f24f75cdba3765b30e79519a49e5dc5c0d27605048b15591e07892	application/octet-stream
eStab_0.9/tags/ver0.9.20/4fsym/IuK.bmp	svn:mime-type	1e86d1bc52f24f75cdba3765b30e79519a49e5dc5c0d27605048b15591e07892	application/octet-stream
eStab_0.9/tags/ver0.9.20/4fsym/abc_aktiv.png	svn:mime-type	1e86d1bc52f24f75cdba3765b30e79519a49e5dc5c0d27605048b15591e07892	application/octet-stream
eStab_0.9/tags/ver0.9.20/4fsym/abc_inaktiv.png	svn:mime-type	1e86d1bc52f24f75cdba3765b30e79519a49e5dc5c0d27605048b15591e07892	application/octet-stream
eStab_0.9/tags/ver0.9.20/4fsym/achtung.gif	svn:mime-type	1e86d1bc52f24f75cdba3765b30e79519a49e5dc5c0d27605048b15591e07892	application/octet-stream
eStab_0.9/tags/ver0.9.20/4fsym/achtung01.gif	svn:mime-type	1e86d1bc52f24f75cdba3765b30e79519a49e5dc5c0d27605048b15591e07892	application/octet-stream
eStab_0.9/tags/ver0.9.20/4fsym/adm_aktiv.png	svn:mime-type	1e86d1bc52f24f75cdba3765b30e79519a49e5dc5c0d27605048b15591e07892	application/octet-stream
eStab_0.9/tags/ver0.9.20/4fsym/adm_inaktiv.png	svn:mime-type	1e86d1bc52f24f75cdba3765b30e79519a49e5dc5c0d27605048b15591e07892	application/octet-stream
eStab_0.9/tags/ver0.9.20/4fsym/all_msg.png	svn:mime-type	1e86d1bc52f24f75cdba3765b30e79519a49e5dc5c0d27605048b15591e07892	application/octet-stream
eStab_0.9/tags/ver0.9.20/4fsym/bhp_aktiv.png	svn:mime-type	1e86d1bc52f24f75cdba3765b30e79519a49e5dc5c0d27605048b15591e07892	application/octet-stream
eStab_0.9/tags/ver0.9.20/4fsym/bhp_inaktiv.png	svn:mime-type	1e86d1bc52f24f75cdba3765b30e79519a49e5dc5c0d27605048b15591e07892	application/octet-stream
eStab_0.9/tags/ver0.9.20/4fsym/br.jpg	svn:mime-type	1e86d1bc52f24f75cdba3765b30e79519a49e5dc5c0d27605048b15591e07892	application/octet-stream
eStab_0.9/tags/ver0.9.20/4fsym/db_aktiv.png	svn:mime-type	1e86d1bc52f24f75cdba3765b30e79519a49e5dc5c0d27605048b15591e07892	application/octet-stream
eStab_0.9/tags/ver0.9.20/4fsym/db_inaktiv.png	svn:mime-type	1e86d1bc52f24f75cdba3765b30e79519a49e5dc5c0d27605048b15591e07892	application/octet-stream
eStab_0.9/tags/ver0.9.20/4fsym/el80.gif	svn:mime-type	1e86d1bc52f24f75cdba3765b30e79519a49e5dc5c0d27605048b15591e07892	application/octet-stream
eStab_0.9/tags/ver0.9.20/4fsym/el80.jpg	svn:mime-type	1e86d1bc52f24f75cdba3765b30e79519a49e5dc5c0d27605048b15591e07892	application/octet-stream
eStab_0.9/tags/ver0.9.20/4fsym/el8001.jpg	svn:mime-type	1e86d1bc52f24f75cdba3765b30e79519a49e5dc5c0d27605048b15591e07892	application/octet-stream
eStab_0.9/tags/ver0.9.20/4fsym/etb_aktiv.png	svn:mime-type	1e86d1bc52f24f75cdba3765b30e79519a49e5dc5c0d27605048b15591e07892	application/octet-stream
eStab_0.9/tags/ver0.9.20/4fsym/etb_inaktiv.png	svn:mime-type	1e86d1bc52f24f75cdba3765b30e79519a49e5dc5c0d27605048b15591e07892	application/octet-stream
eStab_0.9/tags/ver0.9.20/4fsym/greenlight.gif	svn:mime-type	1e86d1bc52f24f75cdba3765b30e79519a49e5dc5c0d27605048b15591e07892	application/octet-stream
eStab_0.9/tags/ver0.9.20/4fsym/iuk_80.jpg	svn:mime-type	1e86d1bc52f24f75cdba3765b30e79519a49e5dc5c0d27605048b15591e07892	application/octet-stream
eStab_0.9/tags/ver0.9.20/4fsym/iuk_hs80.jpg	svn:mime-type	1e86d1bc52f24f75cdba3765b30e79519a49e5dc5c0d27605048b15591e07892	application/octet-stream
eStab_0.9/tags/ver0.9.20/4fsym/kh_aktiv.jpg	svn:mime-type	1e86d1bc52f24f75cdba3765b30e79519a49e5dc5c0d27605048b15591e07892	application/octet-stream
eStab_0.9/tags/ver0.9.20/4fsym/kh_inaktiv.jpg	svn:mime-type	1e86d1bc52f24f75cdba3765b30e79519a49e5dc5c0d27605048b15591e07892	application/octet-stream
eStab_0.9/tags/ver0.9.20/4fsym/merke.gif	svn:mime-type	1e86d1bc52f24f75cdba3765b30e79519a49e5dc5c0d27605048b15591e07892	application/octet-stream
eStab_0.9/tags/ver0.9.20/4fsym/merke.jpg	svn:mime-type	1e86d1bc52f24f75cdba3765b30e79519a49e5dc5c0d27605048b15591e07892	application/octet-stream
eStab_0.9/tags/ver0.9.20/4fsym/merke32.gif	svn:mime-type	1e86d1bc52f24f75cdba3765b30e79519a49e5dc5c0d27605048b15591e07892	application/octet-stream
eStab_0.9/tags/ver0.9.20/4fsym/null.gif	svn:mime-type	1e86d1bc52f24f75cdba3765b30e79519a49e5dc5c0d27605048b15591e07892	application/octet-stream
eStab_0.9/tags/ver0.9.20/4fsym/null.jpg	svn:mime-type	1e86d1bc52f24f75cdba3765b30e79519a49e5dc5c0d27605048b15591e07892	application/octet-stream
eStab_0.9/tags/ver0.9.20/4fsym/nw.png	svn:mime-type	1e86d1bc52f24f75cdba3765b30e79519a49e5dc5c0d27605048b15591e07892	application/octet-stream
eStab_0.9/tags/ver0.9.20/4fsym/nwa_aktiv.png	svn:mime-type	1e86d1bc52f24f75cdba3765b30e79519a49e5dc5c0d27605048b15591e07892	application/octet-stream
eStab_0.9/tags/ver0.9.20/4fsym/nwe_aktiv.png	svn:mime-type	1e86d1bc52f24f75cdba3765b30e79519a49e5dc5c0d27605048b15591e07892	application/octet-stream
eStab_0.9/tags/ver0.9.20/4fsym/nwea_aktiv.png	svn:mime-type	1e86d1bc52f24f75cdba3765b30e79519a49e5dc5c0d27605048b15591e07892	application/octet-stream
eStab_0.9/tags/ver0.9.20/4fsym/nwea_inaktiv.png	svn:mime-type	1e86d1bc52f24f75cdba3765b30e79519a49e5dc5c0d27605048b15591e07892	application/octet-stream
eStab_0.9/tags/ver0.9.20/4fsym/redlight.gif	svn:mime-type	1e86d1bc52f24f75cdba3765b30e79519a49e5dc5c0d27605048b15591e07892	application/octet-stream
eStab_0.9/tags/ver0.9.20/4fsym/tbb_aktiv.png	svn:mime-type	1e86d1bc52f24f75cdba3765b30e79519a49e5dc5c0d27605048b15591e07892	application/octet-stream
eStab_0.9/tags/ver0.9.20/4fsym/tbb_inaktiv.png	svn:mime-type	1e86d1bc52f24f75cdba3765b30e79519a49e5dc5c0d27605048b15591e07892	application/octet-stream
eStab_0.9/tags/ver0.9.20/4fsym/vorsicht.gif	svn:mime-type	1e86d1bc52f24f75cdba3765b30e79519a49e5dc5c0d27605048b15591e07892	application/octet-stream
eStab_0.9/tags/ver0.9.20/4fsym/yellowlight.gif	svn:mime-type	1e86d1bc52f24f75cdba3765b30e79519a49e5dc5c0d27605048b15591e07892	application/octet-stream
eStab_0.9/tags/ver0.9.20/stabetb/null.gif	svn:mime-type	1e86d1bc52f24f75cdba3765b30e79519a49e5dc5c0d27605048b15591e07892	application/octet-stream
eStab_0.9/tags/ver0.9.20/stabetb/null.jpg	svn:mime-type	1e86d1bc52f24f75cdba3765b30e79519a49e5dc5c0d27605048b15591e07892	application/octet-stream
eStab_0.9/tags/ver0.9.20/stabinfo/ELStab.jpg	svn:mime-type	1e86d1bc52f24f75cdba3765b30e79519a49e5dc5c0d27605048b15591e07892	application/octet-stream
eStab_0.9/tags/ver0.9.20/stabinfo/Warendorf L4112 Kartendatum ED50.png	svn:mime-type	1e86d1bc52f24f75cdba3765b30e79519a49e5dc5c0d27605048b15591e07892	application/octet-stream
eStab_0.9/tags/ver0.9.20/stabinfo/Warendorf L4112 Kartendatum WGS84.png	svn:mime-type	1e86d1bc52f24f75cdba3765b30e79519a49e5dc5c0d27605048b15591e07892	application/octet-stream
eStab_0.9/tags/ver0.9.20b	svn:ignore	cb265e6d017066dc76f8225b4e90ea03a0e0f021f5696e27b448cf4543a6b6ed	4fdata\n
eStab_0.9/tags/ver0.9.20b	svn:mergeinfo	a1cd8549bad715da86d971841741e6ebd9a37df4afa59fb896ba252bf21d0c08	/eStab/trunk:20-43
eStab_0.9/tags/ver0.9.20b/4fach/design/HL0001/001.jpg	svn:mime-type	1e86d1bc52f24f75cdba3765b30e79519a49e5dc5c0d27605048b15591e07892	application/octet-stream
eStab_0.9/tags/ver0.9.20b/4fach/design/HL0001/002.jpg	svn:mime-type	1e86d1bc52f24f75cdba3765b30e79519a49e5dc5c0d27605048b15591e07892	application/octet-stream
eStab_0.9/tags/ver0.9.20b/4fach/design/HL0001/003.jpg	svn:mime-type	1e86d1bc52f24f75cdba3765b30e79519a49e5dc5c0d27605048b15591e07892	application/octet-stream
eStab_0.9/tags/ver0.9.20b/4fach/design/HL0001/004.jpg	svn:mime-type	1e86d1bc52f24f75cdba3765b30e79519a49e5dc5c0d27605048b15591e07892	application/octet-stream
eStab_0.9/tags/ver0.9.20b/4fach/design/HL0001/005.jpg	svn:mime-type	1e86d1bc52f24f75cdba3765b30e79519a49e5dc5c0d27605048b15591e07892	application/octet-stream
eStab_0.9/tags/ver0.9.20b/4fach/design/HL0001/006.jpg	svn:mime-type	1e86d1bc52f24f75cdba3765b30e79519a49e5dc5c0d27605048b15591e07892	application/octet-stream
eStab_0.9/tags/ver0.9.20b/4fach/design/HL0001/007.jpg	svn:mime-type	1e86d1bc52f24f75cdba3765b30e79519a49e5dc5c0d27605048b15591e07892	application/octet-stream
eStab_0.9/tags/ver0.9.20b/4fach/design/HL0001/008.jpg	svn:mime-type	1e86d1bc52f24f75cdba3765b30e79519a49e5dc5c0d27605048b15591e07892	application/octet-stream
eStab_0.9/tags/ver0.9.20b/4fach/design/HL0001/009.jpg	svn:mime-type	1e86d1bc52f24f75cdba3765b30e79519a49e5dc5c0d27605048b15591e07892	application/octet-stream
eStab_0.9/tags/ver0.9.20b/4fach/design/HL0001/010.jpg	svn:mime-type	1e86d1bc52f24f75cdba3765b30e79519a49e5dc5c0d27605048b15591e07892	application/octet-stream
eStab_0.9/tags/ver0.9.20b/4fach/design/HL0001/011.jpg	svn:mime-type	1e86d1bc52f24f75cdba3765b30e79519a49e5dc5c0d27605048b15591e07892	application/octet-stream
eStab_0.9/tags/ver0.9.20b/4fach/design/HL0001/013.jpg	svn:mime-type	1e86d1bc52f24f75cdba3765b30e79519a49e5dc5c0d27605048b15591e07892	application/octet-stream
eStab_0.9/tags/ver0.9.20b/4fach/design/HL0001/014.jpg	svn:mime-type	1e86d1bc52f24f75cdba3765b30e79519a49e5dc5c0d27605048b15591e07892	application/octet-stream
eStab_0.9/tags/ver0.9.20b/4fach/design/HL0001/016.jpg	svn:mime-type	1e86d1bc52f24f75cdba3765b30e79519a49e5dc5c0d27605048b15591e07892	application/octet-stream
eStab_0.9/tags/ver0.9.20b/4fach/design/HL0001/017.jpg	svn:mime-type	1e86d1bc52f24f75cdba3765b30e79519a49e5dc5c0d27605048b15591e07892	application/octet-stream
eStab_0.9/tags/ver0.9.20b/4fach/design/HL0001/018.gif	svn:mime-type	1e86d1bc52f24f75cdba3765b30e79519a49e5dc5c0d27605048b15591e07892	application/octet-stream
eStab_0.9/tags/ver0.9.20b/4fach/design/HL0001/020.gif	svn:mime-type	1e86d1bc52f24f75cdba3765b30e79519a49e5dc5c0d27605048b15591e07892	application/octet-stream
eStab_0.9/tags/ver0.9.20b/4fach/design/HL0001/021.gif	svn:mime-type	1e86d1bc52f24f75cdba3765b30e79519a49e5dc5c0d27605048b15591e07892	application/octet-stream
eStab_0.9/tags/ver0.9.20b/4fach/design/HL0001/022.gif	svn:mime-type	1e86d1bc52f24f75cdba3765b30e79519a49e5dc5c0d27605048b15591e07892	application/octet-stream
eStab_0.9/tags/ver0.9.20b/4fach/design/HL0001/Buttonvorlage.bs	svn:mime-type	1e86d1bc52f24f75cdba3765b30e79519a49e5dc5c0d27605048b15591e07892	application/octet-stream
eStab_0.9/tags/ver0.9.20b/4fach/design/HL0001/Buttonvorlage_gruen.bs	svn:mime-type	1e86d1bc52f24f75cdba3765b30e79519a49e5dc5c0d27605048b15591e07892	application/octet-stream
eStab_0.9/tags/ver0.9.20b/4fach/design/HL0001/Buttonvorlage_hellblau.bs	svn:mime-type	1e86d1bc52f24f75cdba3765b30e79519a49e5dc5c0d27605048b15591e07892	application/octet-stream
eStab_0.9/tags/ver0.9.20b/4fach/design/HL0001/Buttonvorlage_rot.bs	svn:mime-type	1e86d1bc52f24f75cdba3765b30e79519a49e5dc5c0d27605048b15591e07892	application/octet-stream
eStab_0.9/tags/ver0.9.20b/4fach/design/HL0001/Kopie von abmelden.jpg	svn:mime-type	1e86d1bc52f24f75cdba3765b30e79519a49e5dc5c0d27605048b15591e07892	application/octet-stream
eStab_0.9/tags/ver0.9.20b/4fach/design/HL0001/d_hoch01.gif	svn:mime-type	1e86d1bc52f24f75cdba3765b30e79519a49e5dc5c0d27605048b15591e07892	application/octet-stream
eStab_0.9/tags/ver0.9.20b/4fach/design/HL0001/greenlight.gif	svn:mime-type	1e86d1bc52f24f75cdba3765b30e79519a49e5dc5c0d27605048b15591e07892	application/octet-stream
eStab_0.9/tags/ver0.9.20b/4fach/design/HL0001/hochladen.JPG	svn:mime-type	1e86d1bc52f24f75cdba3765b30e79519a49e5dc5c0d27605048b15591e07892	application/octet-stream
eStab_0.9/tags/ver0.9.20b/4fach/design/HL0001/n_sichten.jpg	svn:mime-type	1e86d1bc52f24f75cdba3765b30e79519a49e5dc5c0d27605048b15591e07892	application/octet-stream
eStab_0.9/tags/ver0.9.20b/4fach/design/HL0001/null.gif	svn:mime-type	1e86d1bc52f24f75cdba3765b30e79519a49e5dc5c0d27605048b15591e07892	application/octet-stream
eStab_0.9/tags/ver0.9.20b/4fach/design/HL0001/null.jpg	svn:mime-type	1e86d1bc52f24f75cdba3765b30e79519a49e5dc5c0d27605048b15591e07892	application/octet-stream
eStab_0.9/tags/ver0.9.20b/4fach/design/HL0001/redlight.gif	svn:mime-type	1e86d1bc52f24f75cdba3765b30e79519a49e5dc5c0d27605048b15591e07892	application/octet-stream
eStab_0.9/tags/ver0.9.20b/4fach/design/HL0001/yellowlight.gif	svn:mime-type	1e86d1bc52f24f75cdba3765b30e79519a49e5dc5c0d27605048b15591e07892	application/octet-stream
eStab_0.9/tags/ver0.9.20b/4fach/design/HS/000.gif	svn:mime-type	1e86d1bc52f24f75cdba3765b30e79519a49e5dc5c0d27605048b15591e07892	application/octet-stream
eStab_0.9/tags/ver0.9.20b/4fach/design/HS/2ndAssort.gif	svn:mime-type	1e86d1bc52f24f75cdba3765b30e79519a49e5dc5c0d27605048b15591e07892	application/octet-stream
eStab_0.9/tags/ver0.9.20b/4fach/design/HS/_go_back.gif	svn:mime-type	1e86d1bc52f24f75cdba3765b30e79519a49e5dc5c0d27605048b15591e07892	application/octet-stream
eStab_0.9/tags/ver0.9.20b/4fach/design/HS/_go_end.gif	svn:mime-type	1e86d1bc52f24f75cdba3765b30e79519a49e5dc5c0d27605048b15591e07892	application/octet-stream
eStab_0.9/tags/ver0.9.20b/4fach/design/HS/_go_forward.gif	svn:mime-type	1e86d1bc52f24f75cdba3765b30e79519a49e5dc5c0d27605048b15591e07892	application/octet-stream
eStab_0.9/tags/ver0.9.20b/4fach/design/HS/_go_start.gif	svn:mime-type	1e86d1bc52f24f75cdba3765b30e79519a49e5dc5c0d27605048b15591e07892	application/octet-stream
eStab_0.9/tags/ver0.9.20b/4fach/design/HS/_status_blue.gif	svn:mime-type	1e86d1bc52f24f75cdba3765b30e79519a49e5dc5c0d27605048b15591e07892	application/octet-stream
eStab_0.9/tags/ver0.9.20b/4fach/design/HS/_status_green.gif	svn:mime-type	1e86d1bc52f24f75cdba3765b30e79519a49e5dc5c0d27605048b15591e07892	application/octet-stream
eStab_0.9/tags/ver0.9.20b/4fach/design/HS/_status_yellow.gif	svn:mime-type	1e86d1bc52f24f75cdba3765b30e79519a49e5dc5c0d27605048b15591e07892	application/octet-stream
eStab_0.9/tags/ver0.9.20b/4fach/design/HS/all.gif	svn:mime-type	1e86d1bc52f24f75cdba3765b30e79519a49e5dc5c0d27605048b15591e07892	application/octet-stream
eStab_0.9/tags/ver0.9.20b/4fach/design/HS/assort.gif	svn:mime-type	1e86d1bc52f24f75cdba3765b30e79519a49e5dc5c0d27605048b15591e07892	application/octet-stream
eStab_0.9/tags/ver0.9.20b/4fach/design/HS/attachment.gif	svn:mime-type	1e86d1bc52f24f75cdba3765b30e79519a49e5dc5c0d27605048b15591e07892	application/octet-stream
eStab_0.9/tags/ver0.9.20b/4fach/design/HS/cancel.gif	svn:mime-type	1e86d1bc52f24f75cdba3765b30e79519a49e5dc5c0d27605048b15591e07892	application/octet-stream
eStab_0.9/tags/ver0.9.20b/4fach/design/HS/checked.gif	svn:mime-type	1e86d1bc52f24f75cdba3765b30e79519a49e5dc5c0d27605048b15591e07892	application/octet-stream
eStab_0.9/tags/ver0.9.20b/4fach/design/HS/delete.gif	svn:mime-type	1e86d1bc52f24f75cdba3765b30e79519a49e5dc5c0d27605048b15591e07892	application/octet-stream
eStab_0.9/tags/ver0.9.20b/4fach/design/HS/edit.gif	svn:mime-type	1e86d1bc52f24f75cdba3765b30e79519a49e5dc5c0d27605048b15591e07892	application/octet-stream
eStab_0.9/tags/ver0.9.20b/4fach/design/HS/file_global.gif	svn:mime-type	1e86d1bc52f24f75cdba3765b30e79519a49e5dc5c0d27605048b15591e07892	application/octet-stream
eStab_0.9/tags/ver0.9.20b/4fach/design/HS/file_local.gif	svn:mime-type	1e86d1bc52f24f75cdba3765b30e79519a49e5dc5c0d27605048b15591e07892	application/octet-stream
eStab_0.9/tags/ver0.9.20b/4fach/design/HS/filethis.gif	svn:mime-type	1e86d1bc52f24f75cdba3765b30e79519a49e5dc5c0d27605048b15591e07892	application/octet-stream
eStab_0.9/tags/ver0.9.20b/4fach/design/HS/folder_global.gif	svn:mime-type	1e86d1bc52f24f75cdba3765b30e79519a49e5dc5c0d27605048b15591e07892	application/octet-stream
eStab_0.9/tags/ver0.9.20b/4fach/design/HS/folder_local.gif	svn:mime-type	1e86d1bc52f24f75cdba3765b30e79519a49e5dc5c0d27605048b15591e07892	application/octet-stream
eStab_0.9/tags/ver0.9.20b/4fach/design/HS/forward.gif	svn:mime-type	1e86d1bc52f24f75cdba3765b30e79519a49e5dc5c0d27605048b15591e07892	application/octet-stream
eStab_0.9/tags/ver0.9.20b/4fach/design/HS/go_back.gif	svn:mime-type	1e86d1bc52f24f75cdba3765b30e79519a49e5dc5c0d27605048b15591e07892	application/octet-stream
eStab_0.9/tags/ver0.9.20b/4fach/design/HS/go_end.gif	svn:mime-type	1e86d1bc52f24f75cdba3765b30e79519a49e5dc5c0d27605048b15591e07892	application/octet-stream
eStab_0.9/tags/ver0.9.20b/4fach/design/HS/go_forward.gif	svn:mime-type	1e86d1bc52f24f75cdba3765b30e79519a49e5dc5c0d27605048b15591e07892	application/octet-stream
eStab_0.9/tags/ver0.9.20b/4fach/design/HS/go_start.gif	svn:mime-type	1e86d1bc52f24f75cdba3765b30e79519a49e5dc5c0d27605048b15591e07892	application/octet-stream
eStab_0.9/tags/ver0.9.20b/4fach/design/HS/in.gif	svn:mime-type	1e86d1bc52f24f75cdba3765b30e79519a49e5dc5c0d27605048b15591e07892	application/octet-stream
eStab_0.9/tags/ver0.9.20b/4fach/design/HS/info.gif	svn:mime-type	1e86d1bc52f24f75cdba3765b30e79519a49e5dc5c0d27605048b15591e07892	application/octet-stream
eStab_0.9/tags/ver0.9.20b/4fach/design/HS/isread.gif	svn:mime-type	1e86d1bc52f24f75cdba3765b30e79519a49e5dc5c0d27605048b15591e07892	application/octet-stream
eStab_0.9/tags/ver0.9.20b/4fach/design/HS/load.gif	svn:mime-type	1e86d1bc52f24f75cdba3765b30e79519a49e5dc5c0d27605048b15591e07892	application/octet-stream
eStab_0.9/tags/ver0.9.20b/4fach/design/HS/logbook_entry.gif	svn:mime-type	1e86d1bc52f24f75cdba3765b30e79519a49e5dc5c0d27605048b15591e07892	application/octet-stream
eStab_0.9/tags/ver0.9.20b/4fach/design/HS/logon.gif	svn:mime-type	1e86d1bc52f24f75cdba3765b30e79519a49e5dc5c0d27605048b15591e07892	application/octet-stream
eStab_0.9/tags/ver0.9.20b/4fach/design/HS/logout.gif	svn:mime-type	1e86d1bc52f24f75cdba3765b30e79519a49e5dc5c0d27605048b15591e07892	application/octet-stream
eStab_0.9/tags/ver0.9.20b/4fach/design/HS/mail_prio_unread.gif	svn:mime-type	1e86d1bc52f24f75cdba3765b30e79519a49e5dc5c0d27605048b15591e07892	application/octet-stream
eStab_0.9/tags/ver0.9.20b/4fach/design/HS/mail_unread.gif	svn:mime-type	1e86d1bc52f24f75cdba3765b30e79519a49e5dc5c0d27605048b15591e07892	application/octet-stream
eStab_0.9/tags/ver0.9.20b/4fach/design/HS/notify_aw.wav	svn:mime-type	1e86d1bc52f24f75cdba3765b30e79519a49e5dc5c0d27605048b15591e07892	application/octet-stream
eStab_0.9/tags/ver0.9.20b/4fach/design/HS/notify_si.wav	svn:mime-type	1e86d1bc52f24f75cdba3765b30e79519a49e5dc5c0d27605048b15591e07892	application/octet-stream
eStab_0.9/tags/ver0.9.20b/4fach/design/HS/notify_stab.wav	svn:mime-type	1e86d1bc52f24f75cdba3765b30e79519a49e5dc5c0d27605048b15591e07892	application/octet-stream
eStab_0.9/tags/ver0.9.20b/4fach/design/HS/null.gif	svn:mime-type	1e86d1bc52f24f75cdba3765b30e79519a49e5dc5c0d27605048b15591e07892	application/octet-stream
eStab_0.9/tags/ver0.9.20b/4fach/design/HS/null.jpg	svn:mime-type	1e86d1bc52f24f75cdba3765b30e79519a49e5dc5c0d27605048b15591e07892	application/octet-stream
eStab_0.9/tags/ver0.9.20b/4fach/design/HS/ok.gif	svn:mime-type	1e86d1bc52f24f75cdba3765b30e79519a49e5dc5c0d27605048b15591e07892	application/octet-stream
eStab_0.9/tags/ver0.9.20b/4fach/design/HS/out.gif	svn:mime-type	1e86d1bc52f24f75cdba3765b30e79519a49e5dc5c0d27605048b15591e07892	application/octet-stream
eStab_0.9/tags/ver0.9.20b/4fach/design/HS/print.gif	svn:mime-type	1e86d1bc52f24f75cdba3765b30e79519a49e5dc5c0d27605048b15591e07892	application/octet-stream
eStab_0.9/tags/ver0.9.20b/4fach/design/HS/read.gif	svn:mime-type	1e86d1bc52f24f75cdba3765b30e79519a49e5dc5c0d27605048b15591e07892	application/octet-stream
eStab_0.9/tags/ver0.9.20b/4fach/design/HS/reply.gif	svn:mime-type	1e86d1bc52f24f75cdba3765b30e79519a49e5dc5c0d27605048b15591e07892	application/octet-stream
eStab_0.9/tags/ver0.9.20b/4fach/design/HS/save.gif	svn:mime-type	1e86d1bc52f24f75cdba3765b30e79519a49e5dc5c0d27605048b15591e07892	application/octet-stream
eStab_0.9/tags/ver0.9.20b/4fach/design/HS/second.bs	svn:mime-type	1e86d1bc52f24f75cdba3765b30e79519a49e5dc5c0d27605048b15591e07892	application/octet-stream
eStab_0.9/tags/ver0.9.20b/4fach/design/HS/send.gif	svn:mime-type	1e86d1bc52f24f75cdba3765b30e79519a49e5dc5c0d27605048b15591e07892	application/octet-stream
eStab_0.9/tags/ver0.9.20b/4fach/design/HS/status_green.gif	svn:mime-type	1e86d1bc52f24f75cdba3765b30e79519a49e5dc5c0d27605048b15591e07892	application/octet-stream
eStab_0.9/tags/ver0.9.20b/4fach/design/HS/status_red.gif	svn:mime-type	1e86d1bc52f24f75cdba3765b30e79519a49e5dc5c0d27605048b15591e07892	application/octet-stream
eStab_0.9/tags/ver0.9.20b/4fach/design/HS/status_yellow.gif	svn:mime-type	1e86d1bc52f24f75cdba3765b30e79519a49e5dc5c0d27605048b15591e07892	application/octet-stream
eStab_0.9/tags/ver0.9.20b/4fach/design/HS/task_done.gif	svn:mime-type	1e86d1bc52f24f75cdba3765b30e79519a49e5dc5c0d27605048b15591e07892	application/octet-stream
eStab_0.9/tags/ver0.9.20b/4fach/design/HS/task_due.gif	svn:mime-type	1e86d1bc52f24f75cdba3765b30e79519a49e5dc5c0d27605048b15591e07892	application/octet-stream
eStab_0.9/tags/ver0.9.20b/4fach/design/HS/timer.gif	svn:mime-type	1e86d1bc52f24f75cdba3765b30e79519a49e5dc5c0d27605048b15591e07892	application/octet-stream
eStab_0.9/tags/ver0.9.20b/4fach/design/HS/transport.gif	svn:mime-type	1e86d1bc52f24f75cdba3765b30e79519a49e5dc5c0d27605048b15591e07892	application/octet-stream
eStab_0.9/tags/ver0.9.20b/4fach/design/HS/upload.gif	svn:mime-type	1e86d1bc52f24f75cdba3765b30e79519a49e5dc5c0d27605048b15591e07892	application/octet-stream
eStab_0.9/tags/ver0.9.20b/4fach/design/HS/users.gif	svn:mime-type	1e86d1bc52f24f75cdba3765b30e79519a49e5dc5c0d27605048b15591e07892	application/octet-stream
eStab_0.9/tags/ver0.9.20b/4fach/design/HS/warning.gif	svn:mime-type	1e86d1bc52f24f75cdba3765b30e79519a49e5dc5c0d27605048b15591e07892	application/octet-stream
eStab_0.9/tags/ver0.9.20b/4fach/design/HS/write.gif	svn:mime-type	1e86d1bc52f24f75cdba3765b30e79519a49e5dc5c0d27605048b15591e07892	application/octet-stream
eStab_0.9/tags/ver0.9.20b/4fach/design/Symboldesign.odt	svn:mime-type	1e86d1bc52f24f75cdba3765b30e79519a49e5dc5c0d27605048b15591e07892	application/octet-stream
eStab_0.9/tags/ver0.9.20b/4fach/design/Symboldesigne.odt	svn:mime-type	1e86d1bc52f24f75cdba3765b30e79519a49e5dc5c0d27605048b15591e07892	application/octet-stream
eStab_0.9/tags/ver0.9.20b/4fach/design/mr/000.gif	svn:mime-type	1e86d1bc52f24f75cdba3765b30e79519a49e5dc5c0d27605048b15591e07892	application/octet-stream
eStab_0.9/tags/ver0.9.20b/4fach/design/mr/2ndAssort.gif	svn:mime-type	1e86d1bc52f24f75cdba3765b30e79519a49e5dc5c0d27605048b15591e07892	application/octet-stream
eStab_0.9/tags/ver0.9.20b/4fach/design/mr/_go_back.gif	svn:mime-type	1e86d1bc52f24f75cdba3765b30e79519a49e5dc5c0d27605048b15591e07892	application/octet-stream
eStab_0.9/tags/ver0.9.20b/4fach/design/mr/_go_end.gif	svn:mime-type	1e86d1bc52f24f75cdba3765b30e79519a49e5dc5c0d27605048b15591e07892	application/octet-stream
eStab_0.9/tags/ver0.9.20b/4fach/design/mr/_go_forward.gif	svn:mime-type	1e86d1bc52f24f75cdba3765b30e79519a49e5dc5c0d27605048b15591e07892	application/octet-stream
eStab_0.9/tags/ver0.9.20b/4fach/design/mr/_go_start.gif	svn:mime-type	1e86d1bc52f24f75cdba3765b30e79519a49e5dc5c0d27605048b15591e07892	application/octet-stream
eStab_0.9/tags/ver0.9.20b/4fach/design/mr/_status_blue.gif	svn:mime-type	1e86d1bc52f24f75cdba3765b30e79519a49e5dc5c0d27605048b15591e07892	application/octet-stream
eStab_0.9/tags/ver0.9.20b/4fach/design/mr/_status_green.gif	svn:mime-type	1e86d1bc52f24f75cdba3765b30e79519a49e5dc5c0d27605048b15591e07892	application/octet-stream
eStab_0.9/tags/ver0.9.20b/4fach/design/mr/_status_yellow.gif	svn:mime-type	1e86d1bc52f24f75cdba3765b30e79519a49e5dc5c0d27605048b15591e07892	application/octet-stream
eStab_0.9/tags/ver0.9.20b/4fach/design/mr/all.gif	svn:mime-type	1e86d1bc52f24f75cdba3765b30e79519a49e5dc5c0d27605048b15591e07892	application/octet-stream
eStab_0.9/tags/ver0.9.20b/4fach/design/mr/assort.gif	svn:mime-type	1e86d1bc52f24f75cdba3765b30e79519a49e5dc5c0d27605048b15591e07892	application/octet-stream
eStab_0.9/tags/ver0.9.20b/4fach/design/mr/attachment.gif	svn:mime-type	1e86d1bc52f24f75cdba3765b30e79519a49e5dc5c0d27605048b15591e07892	application/octet-stream
eStab_0.9/tags/ver0.9.20b/4fach/design/mr/cancel.gif	svn:mime-type	1e86d1bc52f24f75cdba3765b30e79519a49e5dc5c0d27605048b15591e07892	application/octet-stream
eStab_0.9/tags/ver0.9.20b/4fach/design/mr/checked.gif	svn:mime-type	1e86d1bc52f24f75cdba3765b30e79519a49e5dc5c0d27605048b15591e07892	application/octet-stream
eStab_0.9/tags/ver0.9.20b/4fach/design/mr/delete.gif	svn:mime-type	1e86d1bc52f24f75cdba3765b30e79519a49e5dc5c0d27605048b15591e07892	application/octet-stream
eStab_0.9/tags/ver0.9.20b/4fach/design/mr/edit.gif	svn:mime-type	1e86d1bc52f24f75cdba3765b30e79519a49e5dc5c0d27605048b15591e07892	application/octet-stream
eStab_0.9/tags/ver0.9.20b/4fach/design/mr/file_global.gif	svn:mime-type	1e86d1bc52f24f75cdba3765b30e79519a49e5dc5c0d27605048b15591e07892	application/octet-stream
eStab_0.9/tags/ver0.9.20b/4fach/design/mr/file_local.gif	svn:mime-type	1e86d1bc52f24f75cdba3765b30e79519a49e5dc5c0d27605048b15591e07892	application/octet-stream
eStab_0.9/tags/ver0.9.20b/4fach/design/mr/filethis.gif	svn:mime-type	1e86d1bc52f24f75cdba3765b30e79519a49e5dc5c0d27605048b15591e07892	application/octet-stream
eStab_0.9/tags/ver0.9.20b/4fach/design/mr/folder_global.gif	svn:mime-type	1e86d1bc52f24f75cdba3765b30e79519a49e5dc5c0d27605048b15591e07892	application/octet-stream
eStab_0.9/tags/ver0.9.20b/4fach/design/mr/folder_local.gif	svn:mime-type	1e86d1bc52f24f75cdba3765b30e79519a49e5dc5c0d27605048b15591e07892	application/octet-stream
eStab_0.9/tags/ver0.9.20b/4fach/design/mr/forward.gif	svn:mime-type	1e86d1bc52f24f75cdba3765b30e79519a49e5dc5c0d27605048b15591e07892	application/octet-stream
eStab_0.9/tags/ver0.9.20b/4fach/design/mr/go_back.gif	svn:mime-type	1e86d1bc52f24f75cdba3765b30e79519a49e5dc5c0d27605048b15591e07892	application/octet-stream
eStab_0.9/tags/ver0.9.20b/4fach/design/mr/go_end.gif	svn:mime-type	1e86d1bc52f24f75cdba3765b30e79519a49e5dc5c0d27605048b15591e07892	application/octet-stream
eStab_0.9/tags/ver0.9.20b/4fach/design/mr/go_forward.gif	svn:mime-type	1e86d1bc52f24f75cdba3765b30e79519a49e5dc5c0d27605048b15591e07892	application/octet-stream
eStab_0.9/tags/ver0.9.20b/4fach/design/mr/go_start.gif	svn:mime-type	1e86d1bc52f24f75cdba3765b30e79519a49e5dc5c0d27605048b15591e07892	application/octet-stream
eStab_0.9/tags/ver0.9.20b/4fach/design/mr/in.gif	svn:mime-type	1e86d1bc52f24f75cdba3765b30e79519a49e5dc5c0d27605048b15591e07892	application/octet-stream
eStab_0.9/tags/ver0.9.20b/4fach/design/mr/info.gif	svn:mime-type	1e86d1bc52f24f75cdba3765b30e79519a49e5dc5c0d27605048b15591e07892	application/octet-stream
eStab_0.9/tags/ver0.9.20b/4fach/design/mr/isread.gif	svn:mime-type	1e86d1bc52f24f75cdba3765b30e79519a49e5dc5c0d27605048b15591e07892	application/octet-stream
eStab_0.9/tags/ver0.9.20b/4fach/design/mr/logbook_entry.gif	svn:mime-type	1e86d1bc52f24f75cdba3765b30e79519a49e5dc5c0d27605048b15591e07892	application/octet-stream
eStab_0.9/tags/ver0.9.20b/4fach/design/mr/logon.gif	svn:mime-type	1e86d1bc52f24f75cdba3765b30e79519a49e5dc5c0d27605048b15591e07892	application/octet-stream
eStab_0.9/tags/ver0.9.20b/4fach/design/mr/logout.gif	svn:mime-type	1e86d1bc52f24f75cdba3765b30e79519a49e5dc5c0d27605048b15591e07892	application/octet-stream
eStab_0.9/tags/ver0.9.20b/4fach/design/mr/mail_prio_unread.gif	svn:mime-type	1e86d1bc52f24f75cdba3765b30e79519a49e5dc5c0d27605048b15591e07892	application/octet-stream
eStab_0.9/tags/ver0.9.20b/4fach/design/mr/mail_unread.gif	svn:mime-type	1e86d1bc52f24f75cdba3765b30e79519a49e5dc5c0d27605048b15591e07892	application/octet-stream
eStab_0.9/tags/ver0.9.20b/4fach/design/mr/notify_aw.wav	svn:mime-type	1e86d1bc52f24f75cdba3765b30e79519a49e5dc5c0d27605048b15591e07892	application/octet-stream
eStab_0.9/tags/ver0.9.20b/4fach/design/mr/notify_si.wav	svn:mime-type	1e86d1bc52f24f75cdba3765b30e79519a49e5dc5c0d27605048b15591e07892	application/octet-stream
eStab_0.9/tags/ver0.9.20b/4fach/design/mr/notify_stab.wav	svn:mime-type	1e86d1bc52f24f75cdba3765b30e79519a49e5dc5c0d27605048b15591e07892	application/octet-stream
eStab_0.9/tags/ver0.9.20b/4fach/design/mr/null.gif	svn:mime-type	1e86d1bc52f24f75cdba3765b30e79519a49e5dc5c0d27605048b15591e07892	application/octet-stream
eStab_0.9/tags/ver0.9.20b/4fach/design/mr/null.jpg	svn:mime-type	1e86d1bc52f24f75cdba3765b30e79519a49e5dc5c0d27605048b15591e07892	application/octet-stream
eStab_0.9/tags/ver0.9.20b/4fach/design/mr/ok.gif	svn:mime-type	1e86d1bc52f24f75cdba3765b30e79519a49e5dc5c0d27605048b15591e07892	application/octet-stream
eStab_0.9/tags/ver0.9.20b/4fach/design/mr/out.gif	svn:mime-type	1e86d1bc52f24f75cdba3765b30e79519a49e5dc5c0d27605048b15591e07892	application/octet-stream
eStab_0.9/tags/ver0.9.20b/4fach/design/mr/print.gif	svn:mime-type	1e86d1bc52f24f75cdba3765b30e79519a49e5dc5c0d27605048b15591e07892	application/octet-stream
eStab_0.9/tags/ver0.9.20b/4fach/design/mr/read.gif	svn:mime-type	1e86d1bc52f24f75cdba3765b30e79519a49e5dc5c0d27605048b15591e07892	application/octet-stream
eStab_0.9/tags/ver0.9.20b/4fach/design/mr/reply.gif	svn:mime-type	1e86d1bc52f24f75cdba3765b30e79519a49e5dc5c0d27605048b15591e07892	application/octet-stream
eStab_0.9/tags/ver0.9.20b/4fach/design/mr/second.bs	svn:mime-type	1e86d1bc52f24f75cdba3765b30e79519a49e5dc5c0d27605048b15591e07892	application/octet-stream
eStab_0.9/tags/ver0.9.20b/4fach/design/mr/send.gif	svn:mime-type	1e86d1bc52f24f75cdba3765b30e79519a49e5dc5c0d27605048b15591e07892	application/octet-stream
eStab_0.9/tags/ver0.9.20b/4fach/design/mr/status_green.gif	svn:mime-type	1e86d1bc52f24f75cdba3765b30e79519a49e5dc5c0d27605048b15591e07892	application/octet-stream
eStab_0.9/tags/ver0.9.20b/4fach/design/mr/status_red.gif	svn:mime-type	1e86d1bc52f24f75cdba3765b30e79519a49e5dc5c0d27605048b15591e07892	application/octet-stream
eStab_0.9/tags/ver0.9.20b/4fach/design/mr/status_yellow.gif	svn:mime-type	1e86d1bc52f24f75cdba3765b30e79519a49e5dc5c0d27605048b15591e07892	application/octet-stream
eStab_0.9/tags/ver0.9.20b/4fach/design/mr/task_done.gif	svn:mime-type	1e86d1bc52f24f75cdba3765b30e79519a49e5dc5c0d27605048b15591e07892	application/octet-stream
eStab_0.9/tags/ver0.9.20b/4fach/design/mr/task_due.gif	svn:mime-type	1e86d1bc52f24f75cdba3765b30e79519a49e5dc5c0d27605048b15591e07892	application/octet-stream
eStab_0.9/tags/ver0.9.20b/4fach/design/mr/timer.gif	svn:mime-type	1e86d1bc52f24f75cdba3765b30e79519a49e5dc5c0d27605048b15591e07892	application/octet-stream
eStab_0.9/tags/ver0.9.20b/4fach/design/mr/transport.gif	svn:mime-type	1e86d1bc52f24f75cdba3765b30e79519a49e5dc5c0d27605048b15591e07892	application/octet-stream
eStab_0.9/tags/ver0.9.20b/4fach/design/mr/upload.gif	svn:mime-type	1e86d1bc52f24f75cdba3765b30e79519a49e5dc5c0d27605048b15591e07892	application/octet-stream
eStab_0.9/tags/ver0.9.20b/4fach/design/mr/users.gif	svn:mime-type	1e86d1bc52f24f75cdba3765b30e79519a49e5dc5c0d27605048b15591e07892	application/octet-stream
eStab_0.9/tags/ver0.9.20b/4fach/design/mr/warning.gif	svn:mime-type	1e86d1bc52f24f75cdba3765b30e79519a49e5dc5c0d27605048b15591e07892	application/octet-stream
eStab_0.9/tags/ver0.9.20b/4fach/design/mr/write.gif	svn:mime-type	1e86d1bc52f24f75cdba3765b30e79519a49e5dc5c0d27605048b15591e07892	application/octet-stream
eStab_0.9/tags/ver0.9.20b/4fach/design/second/000.gif	svn:mime-type	1e86d1bc52f24f75cdba3765b30e79519a49e5dc5c0d27605048b15591e07892	application/octet-stream
eStab_0.9/tags/ver0.9.20b/4fach/design/second/001.jpg	svn:mime-type	1e86d1bc52f24f75cdba3765b30e79519a49e5dc5c0d27605048b15591e07892	application/octet-stream
eStab_0.9/tags/ver0.9.20b/4fach/design/second/002.jpg	svn:mime-type	1e86d1bc52f24f75cdba3765b30e79519a49e5dc5c0d27605048b15591e07892	application/octet-stream
eStab_0.9/tags/ver0.9.20b/4fach/design/second/003.jpg	svn:mime-type	1e86d1bc52f24f75cdba3765b30e79519a49e5dc5c0d27605048b15591e07892	application/octet-stream
eStab_0.9/tags/ver0.9.20b/4fach/design/second/004.jpg	svn:mime-type	1e86d1bc52f24f75cdba3765b30e79519a49e5dc5c0d27605048b15591e07892	application/octet-stream
eStab_0.9/tags/ver0.9.20b/4fach/design/second/004a.jpg	svn:mime-type	1e86d1bc52f24f75cdba3765b30e79519a49e5dc5c0d27605048b15591e07892	application/octet-stream
eStab_0.9/tags/ver0.9.20b/4fach/design/second/005.jpg	svn:mime-type	1e86d1bc52f24f75cdba3765b30e79519a49e5dc5c0d27605048b15591e07892	application/octet-stream
eStab_0.9/tags/ver0.9.20b/4fach/design/second/006.jpg	svn:mime-type	1e86d1bc52f24f75cdba3765b30e79519a49e5dc5c0d27605048b15591e07892	application/octet-stream
eStab_0.9/tags/ver0.9.20b/4fach/design/second/007.jpg	svn:mime-type	1e86d1bc52f24f75cdba3765b30e79519a49e5dc5c0d27605048b15591e07892	application/octet-stream
eStab_0.9/tags/ver0.9.20b/4fach/design/second/008.jpg	svn:mime-type	1e86d1bc52f24f75cdba3765b30e79519a49e5dc5c0d27605048b15591e07892	application/octet-stream
eStab_0.9/tags/ver0.9.20b/4fach/design/second/009.gif	svn:mime-type	1e86d1bc52f24f75cdba3765b30e79519a49e5dc5c0d27605048b15591e07892	application/octet-stream
eStab_0.9/tags/ver0.9.20b/4fach/design/second/009.jpg	svn:mime-type	1e86d1bc52f24f75cdba3765b30e79519a49e5dc5c0d27605048b15591e07892	application/octet-stream
eStab_0.9/tags/ver0.9.20b/4fach/design/second/010.jpg	svn:mime-type	1e86d1bc52f24f75cdba3765b30e79519a49e5dc5c0d27605048b15591e07892	application/octet-stream
eStab_0.9/tags/ver0.9.20b/4fach/design/second/011.jpg	svn:mime-type	1e86d1bc52f24f75cdba3765b30e79519a49e5dc5c0d27605048b15591e07892	application/octet-stream
eStab_0.9/tags/ver0.9.20b/4fach/design/second/012.jpg	svn:mime-type	1e86d1bc52f24f75cdba3765b30e79519a49e5dc5c0d27605048b15591e07892	application/octet-stream
eStab_0.9/tags/ver0.9.20b/4fach/design/second/012a.jpg	svn:mime-type	1e86d1bc52f24f75cdba3765b30e79519a49e5dc5c0d27605048b15591e07892	application/octet-stream
eStab_0.9/tags/ver0.9.20b/4fach/design/second/012b.jpg	svn:mime-type	1e86d1bc52f24f75cdba3765b30e79519a49e5dc5c0d27605048b15591e07892	application/octet-stream
eStab_0.9/tags/ver0.9.20b/4fach/design/second/013.jpg	svn:mime-type	1e86d1bc52f24f75cdba3765b30e79519a49e5dc5c0d27605048b15591e07892	application/octet-stream
eStab_0.9/tags/ver0.9.20b/4fach/design/second/014.jpg	svn:mime-type	1e86d1bc52f24f75cdba3765b30e79519a49e5dc5c0d27605048b15591e07892	application/octet-stream
eStab_0.9/tags/ver0.9.20b/4fach/design/second/015.jpg	svn:mime-type	1e86d1bc52f24f75cdba3765b30e79519a49e5dc5c0d27605048b15591e07892	application/octet-stream
eStab_0.9/tags/ver0.9.20b/4fach/design/second/016.jpg	svn:mime-type	1e86d1bc52f24f75cdba3765b30e79519a49e5dc5c0d27605048b15591e07892	application/octet-stream
eStab_0.9/tags/ver0.9.20b/4fach/design/second/017.jpg	svn:mime-type	1e86d1bc52f24f75cdba3765b30e79519a49e5dc5c0d27605048b15591e07892	application/octet-stream
eStab_0.9/tags/ver0.9.20b/4fach/design/second/018.gif	svn:mime-type	1e86d1bc52f24f75cdba3765b30e79519a49e5dc5c0d27605048b15591e07892	application/octet-stream
eStab_0.9/tags/ver0.9.20b/4fach/design/second/019.gif	svn:mime-type	1e86d1bc52f24f75cdba3765b30e79519a49e5dc5c0d27605048b15591e07892	application/octet-stream
eStab_0.9/tags/ver0.9.20b/4fach/design/second/020.png	svn:mime-type	1e86d1bc52f24f75cdba3765b30e79519a49e5dc5c0d27605048b15591e07892	application/octet-stream
eStab_0.9/tags/ver0.9.20b/4fach/design/second/021.png	svn:mime-type	1e86d1bc52f24f75cdba3765b30e79519a49e5dc5c0d27605048b15591e07892	application/octet-stream
eStab_0.9/tags/ver0.9.20b/4fach/design/second/022.png	svn:mime-type	1e86d1bc52f24f75cdba3765b30e79519a49e5dc5c0d27605048b15591e07892	application/octet-stream
eStab_0.9/tags/ver0.9.20b/4fach/design/second/023.png	svn:mime-type	1e86d1bc52f24f75cdba3765b30e79519a49e5dc5c0d27605048b15591e07892	application/octet-stream
eStab_0.9/tags/ver0.9.20b/4fach/design/second/024.jpg	svn:mime-type	1e86d1bc52f24f75cdba3765b30e79519a49e5dc5c0d27605048b15591e07892	application/octet-stream
eStab_0.9/tags/ver0.9.20b/4fach/design/second/025.gif	svn:mime-type	1e86d1bc52f24f75cdba3765b30e79519a49e5dc5c0d27605048b15591e07892	application/octet-stream
eStab_0.9/tags/ver0.9.20b/4fach/design/second/026.gif	svn:mime-type	1e86d1bc52f24f75cdba3765b30e79519a49e5dc5c0d27605048b15591e07892	application/octet-stream
eStab_0.9/tags/ver0.9.20b/4fach/design/second/027.gif	svn:mime-type	1e86d1bc52f24f75cdba3765b30e79519a49e5dc5c0d27605048b15591e07892	application/octet-stream
eStab_0.9/tags/ver0.9.20b/4fach/design/second/028.gif	svn:mime-type	1e86d1bc52f24f75cdba3765b30e79519a49e5dc5c0d27605048b15591e07892	application/octet-stream
eStab_0.9/tags/ver0.9.20b/4fach/design/second/028.jpg	svn:mime-type	1e86d1bc52f24f75cdba3765b30e79519a49e5dc5c0d27605048b15591e07892	application/octet-stream
eStab_0.9/tags/ver0.9.20b/4fach/design/second/029.gif	svn:mime-type	1e86d1bc52f24f75cdba3765b30e79519a49e5dc5c0d27605048b15591e07892	application/octet-stream
eStab_0.9/tags/ver0.9.20b/4fach/design/second/029.jpg	svn:mime-type	1e86d1bc52f24f75cdba3765b30e79519a49e5dc5c0d27605048b15591e07892	application/octet-stream
eStab_0.9/tags/ver0.9.20b/4fach/design/second/030.jpg	svn:mime-type	1e86d1bc52f24f75cdba3765b30e79519a49e5dc5c0d27605048b15591e07892	application/octet-stream
eStab_0.9/tags/ver0.9.20b/4fach/design/second/031.jpg	svn:mime-type	1e86d1bc52f24f75cdba3765b30e79519a49e5dc5c0d27605048b15591e07892	application/octet-stream
eStab_0.9/tags/ver0.9.20b/4fach/design/second/032.jpg	svn:mime-type	1e86d1bc52f24f75cdba3765b30e79519a49e5dc5c0d27605048b15591e07892	application/octet-stream
eStab_0.9/tags/ver0.9.20b/4fach/design/second/033.gif	svn:mime-type	1e86d1bc52f24f75cdba3765b30e79519a49e5dc5c0d27605048b15591e07892	application/octet-stream
eStab_0.9/tags/ver0.9.20b/4fach/design/second/033.png	svn:mime-type	1e86d1bc52f24f75cdba3765b30e79519a49e5dc5c0d27605048b15591e07892	application/octet-stream
eStab_0.9/tags/ver0.9.20b/4fach/design/second/034.gif	svn:mime-type	1e86d1bc52f24f75cdba3765b30e79519a49e5dc5c0d27605048b15591e07892	application/octet-stream
eStab_0.9/tags/ver0.9.20b/4fach/design/second/035.png	svn:mime-type	1e86d1bc52f24f75cdba3765b30e79519a49e5dc5c0d27605048b15591e07892	application/octet-stream
eStab_0.9/tags/ver0.9.20b/4fach/design/second/035a.png	svn:mime-type	1e86d1bc52f24f75cdba3765b30e79519a49e5dc5c0d27605048b15591e07892	application/octet-stream
eStab_0.9/tags/ver0.9.20b/4fach/design/second/038.jpg	svn:mime-type	1e86d1bc52f24f75cdba3765b30e79519a49e5dc5c0d27605048b15591e07892	application/octet-stream
eStab_0.9/tags/ver0.9.20b/4fach/design/second/040.jpg	svn:mime-type	1e86d1bc52f24f75cdba3765b30e79519a49e5dc5c0d27605048b15591e07892	application/octet-stream
eStab_0.9/tags/ver0.9.20b/4fach/design/second/050.gif	svn:mime-type	1e86d1bc52f24f75cdba3765b30e79519a49e5dc5c0d27605048b15591e07892	application/octet-stream
eStab_0.9/tags/ver0.9.20b/4fach/design/second/051.gif	svn:mime-type	1e86d1bc52f24f75cdba3765b30e79519a49e5dc5c0d27605048b15591e07892	application/octet-stream
eStab_0.9/tags/ver0.9.20b/4fach/design/second/060.jpg	svn:mime-type	1e86d1bc52f24f75cdba3765b30e79519a49e5dc5c0d27605048b15591e07892	application/octet-stream
eStab_0.9/tags/ver0.9.20b/4fach/design/second/060.png	svn:mime-type	1e86d1bc52f24f75cdba3765b30e79519a49e5dc5c0d27605048b15591e07892	application/octet-stream
eStab_0.9/tags/ver0.9.20b/4fach/design/second/061.png	svn:mime-type	1e86d1bc52f24f75cdba3765b30e79519a49e5dc5c0d27605048b15591e07892	application/octet-stream
eStab_0.9/tags/ver0.9.20b/4fach/design/second/101.gif	svn:mime-type	1e86d1bc52f24f75cdba3765b30e79519a49e5dc5c0d27605048b15591e07892	application/octet-stream
eStab_0.9/tags/ver0.9.20b/4fach/design/second/102.gif	svn:mime-type	1e86d1bc52f24f75cdba3765b30e79519a49e5dc5c0d27605048b15591e07892	application/octet-stream
eStab_0.9/tags/ver0.9.20b/4fach/design/second/103.gif	svn:mime-type	1e86d1bc52f24f75cdba3765b30e79519a49e5dc5c0d27605048b15591e07892	application/octet-stream
eStab_0.9/tags/ver0.9.20b/4fach/design/second/104.gif	svn:mime-type	1e86d1bc52f24f75cdba3765b30e79519a49e5dc5c0d27605048b15591e07892	application/octet-stream
eStab_0.9/tags/ver0.9.20b/4fach/design/second/110.gif	svn:mime-type	1e86d1bc52f24f75cdba3765b30e79519a49e5dc5c0d27605048b15591e07892	application/octet-stream
eStab_0.9/tags/ver0.9.20b/4fach/design/second/111.gif	svn:mime-type	1e86d1bc52f24f75cdba3765b30e79519a49e5dc5c0d27605048b15591e07892	application/octet-stream
eStab_0.9/tags/ver0.9.20b/4fach/design/second/112.png	svn:mime-type	1e86d1bc52f24f75cdba3765b30e79519a49e5dc5c0d27605048b15591e07892	application/octet-stream
eStab_0.9/tags/ver0.9.20b/4fach/design/second/113.png	svn:mime-type	1e86d1bc52f24f75cdba3765b30e79519a49e5dc5c0d27605048b15591e07892	application/octet-stream
eStab_0.9/tags/ver0.9.20b/4fach/design/second/115.gif	svn:mime-type	1e86d1bc52f24f75cdba3765b30e79519a49e5dc5c0d27605048b15591e07892	application/octet-stream
eStab_0.9/tags/ver0.9.20b/4fach/design/second/1152.ico	svn:mime-type	1e86d1bc52f24f75cdba3765b30e79519a49e5dc5c0d27605048b15591e07892	application/octet-stream
eStab_0.9/tags/ver0.9.20b/4fach/design/second/116.gif	svn:mime-type	1e86d1bc52f24f75cdba3765b30e79519a49e5dc5c0d27605048b15591e07892	application/octet-stream
eStab_0.9/tags/ver0.9.20b/4fach/design/second/116.jpg	svn:mime-type	1e86d1bc52f24f75cdba3765b30e79519a49e5dc5c0d27605048b15591e07892	application/octet-stream
eStab_0.9/tags/ver0.9.20b/4fach/design/second/117.jpg	svn:mime-type	1e86d1bc52f24f75cdba3765b30e79519a49e5dc5c0d27605048b15591e07892	application/octet-stream
eStab_0.9/tags/ver0.9.20b/4fach/design/second/118.gif	svn:mime-type	1e86d1bc52f24f75cdba3765b30e79519a49e5dc5c0d27605048b15591e07892	application/octet-stream
eStab_0.9/tags/ver0.9.20b/4fach/design/second/118.jpg	svn:mime-type	1e86d1bc52f24f75cdba3765b30e79519a49e5dc5c0d27605048b15591e07892	application/octet-stream
eStab_0.9/tags/ver0.9.20b/4fach/design/second/119.jpg	svn:mime-type	1e86d1bc52f24f75cdba3765b30e79519a49e5dc5c0d27605048b15591e07892	application/octet-stream
eStab_0.9/tags/ver0.9.20b/4fach/design/second/120.gif	svn:mime-type	1e86d1bc52f24f75cdba3765b30e79519a49e5dc5c0d27605048b15591e07892	application/octet-stream
eStab_0.9/tags/ver0.9.20b/4fach/design/second/120.jpg	svn:mime-type	1e86d1bc52f24f75cdba3765b30e79519a49e5dc5c0d27605048b15591e07892	application/octet-stream
eStab_0.9/tags/ver0.9.20b/4fach/design/second/121.jpg	svn:mime-type	1e86d1bc52f24f75cdba3765b30e79519a49e5dc5c0d27605048b15591e07892	application/octet-stream
eStab_0.9/tags/ver0.9.20b/4fach/design/second/1255.jpg	svn:mime-type	1e86d1bc52f24f75cdba3765b30e79519a49e5dc5c0d27605048b15591e07892	application/octet-stream
eStab_0.9/tags/ver0.9.20b/4fach/design/second/130.GIF	svn:mime-type	1e86d1bc52f24f75cdba3765b30e79519a49e5dc5c0d27605048b15591e07892	application/octet-stream
eStab_0.9/tags/ver0.9.20b/4fach/design/second/130.jpg	svn:mime-type	1e86d1bc52f24f75cdba3765b30e79519a49e5dc5c0d27605048b15591e07892	application/octet-stream
eStab_0.9/tags/ver0.9.20b/4fach/design/second/131.gif	svn:mime-type	1e86d1bc52f24f75cdba3765b30e79519a49e5dc5c0d27605048b15591e07892	application/octet-stream
eStab_0.9/tags/ver0.9.20b/4fach/design/second/24-book-blue-check.png	svn:mime-type	1e86d1bc52f24f75cdba3765b30e79519a49e5dc5c0d27605048b15591e07892	application/octet-stream
eStab_0.9/tags/ver0.9.20b/4fach/design/second/2ndAssort.gif	svn:mime-type	1e86d1bc52f24f75cdba3765b30e79519a49e5dc5c0d27605048b15591e07892	application/octet-stream
eStab_0.9/tags/ver0.9.20b/4fach/design/second/814.gif	svn:mime-type	1e86d1bc52f24f75cdba3765b30e79519a49e5dc5c0d27605048b15591e07892	application/octet-stream
eStab_0.9/tags/ver0.9.20b/4fach/design/second/814.ico	svn:mime-type	1e86d1bc52f24f75cdba3765b30e79519a49e5dc5c0d27605048b15591e07892	application/octet-stream
eStab_0.9/tags/ver0.9.20b/4fach/design/second/952.ico	svn:mime-type	1e86d1bc52f24f75cdba3765b30e79519a49e5dc5c0d27605048b15591e07892	application/octet-stream
eStab_0.9/tags/ver0.9.20b/4fach/design/second/A025.png	svn:mime-type	1e86d1bc52f24f75cdba3765b30e79519a49e5dc5c0d27605048b15591e07892	application/octet-stream
eStab_0.9/tags/ver0.9.20b/4fach/design/second/A026.png	svn:mime-type	1e86d1bc52f24f75cdba3765b30e79519a49e5dc5c0d27605048b15591e07892	application/octet-stream
eStab_0.9/tags/ver0.9.20b/4fach/design/second/A027.png	svn:mime-type	1e86d1bc52f24f75cdba3765b30e79519a49e5dc5c0d27605048b15591e07892	application/octet-stream
eStab_0.9/tags/ver0.9.20b/4fach/design/second/A028.gif	svn:mime-type	1e86d1bc52f24f75cdba3765b30e79519a49e5dc5c0d27605048b15591e07892	application/octet-stream
eStab_0.9/tags/ver0.9.20b/4fach/design/second/all.gif	svn:mime-type	1e86d1bc52f24f75cdba3765b30e79519a49e5dc5c0d27605048b15591e07892	application/octet-stream
eStab_0.9/tags/ver0.9.20b/4fach/design/second/assort.gif	svn:mime-type	1e86d1bc52f24f75cdba3765b30e79519a49e5dc5c0d27605048b15591e07892	application/octet-stream
eStab_0.9/tags/ver0.9.20b/4fach/design/second/attachment.gif	svn:mime-type	1e86d1bc52f24f75cdba3765b30e79519a49e5dc5c0d27605048b15591e07892	application/octet-stream
eStab_0.9/tags/ver0.9.20b/4fach/design/second/bl.png	svn:mime-type	1e86d1bc52f24f75cdba3765b30e79519a49e5dc5c0d27605048b15591e07892	application/octet-stream
eStab_0.9/tags/ver0.9.20b/4fach/design/second/cancel.gif	svn:mime-type	1e86d1bc52f24f75cdba3765b30e79519a49e5dc5c0d27605048b15591e07892	application/octet-stream
eStab_0.9/tags/ver0.9.20b/4fach/design/second/checked.gif	svn:mime-type	1e86d1bc52f24f75cdba3765b30e79519a49e5dc5c0d27605048b15591e07892	application/octet-stream
eStab_0.9/tags/ver0.9.20b/4fach/design/second/delete.gif	svn:mime-type	1e86d1bc52f24f75cdba3765b30e79519a49e5dc5c0d27605048b15591e07892	application/octet-stream
eStab_0.9/tags/ver0.9.20b/4fach/design/second/edit.gif	svn:mime-type	1e86d1bc52f24f75cdba3765b30e79519a49e5dc5c0d27605048b15591e07892	application/octet-stream
eStab_0.9/tags/ver0.9.20b/4fach/design/second/filethis.gif	svn:mime-type	1e86d1bc52f24f75cdba3765b30e79519a49e5dc5c0d27605048b15591e07892	application/octet-stream
eStab_0.9/tags/ver0.9.20b/4fach/design/second/folder_global.gif	svn:mime-type	1e86d1bc52f24f75cdba3765b30e79519a49e5dc5c0d27605048b15591e07892	application/octet-stream
eStab_0.9/tags/ver0.9.20b/4fach/design/second/folder_local.gif	svn:mime-type	1e86d1bc52f24f75cdba3765b30e79519a49e5dc5c0d27605048b15591e07892	application/octet-stream
eStab_0.9/tags/ver0.9.20b/4fach/design/second/forward.gif	svn:mime-type	1e86d1bc52f24f75cdba3765b30e79519a49e5dc5c0d27605048b15591e07892	application/octet-stream
eStab_0.9/tags/ver0.9.20b/4fach/design/second/gn.png	svn:mime-type	1e86d1bc52f24f75cdba3765b30e79519a49e5dc5c0d27605048b15591e07892	application/octet-stream
eStab_0.9/tags/ver0.9.20b/4fach/design/second/go_back.gif	svn:mime-type	1e86d1bc52f24f75cdba3765b30e79519a49e5dc5c0d27605048b15591e07892	application/octet-stream
eStab_0.9/tags/ver0.9.20b/4fach/design/second/go_end.gif	svn:mime-type	1e86d1bc52f24f75cdba3765b30e79519a49e5dc5c0d27605048b15591e07892	application/octet-stream
eStab_0.9/tags/ver0.9.20b/4fach/design/second/go_forward.gif	svn:mime-type	1e86d1bc52f24f75cdba3765b30e79519a49e5dc5c0d27605048b15591e07892	application/octet-stream
eStab_0.9/tags/ver0.9.20b/4fach/design/second/go_start.gif	svn:mime-type	1e86d1bc52f24f75cdba3765b30e79519a49e5dc5c0d27605048b15591e07892	application/octet-stream
eStab_0.9/tags/ver0.9.20b/4fach/design/second/in.gif	svn:mime-type	1e86d1bc52f24f75cdba3765b30e79519a49e5dc5c0d27605048b15591e07892	application/octet-stream
eStab_0.9/tags/ver0.9.20b/4fach/design/second/info.gif	svn:mime-type	1e86d1bc52f24f75cdba3765b30e79519a49e5dc5c0d27605048b15591e07892	application/octet-stream
eStab_0.9/tags/ver0.9.20b/4fach/design/second/isread.gif	svn:mime-type	1e86d1bc52f24f75cdba3765b30e79519a49e5dc5c0d27605048b15591e07892	application/octet-stream
eStab_0.9/tags/ver0.9.20b/4fach/design/second/logbook_entry.gif	svn:mime-type	1e86d1bc52f24f75cdba3765b30e79519a49e5dc5c0d27605048b15591e07892	application/octet-stream
eStab_0.9/tags/ver0.9.20b/4fach/design/second/logon.gif	svn:mime-type	1e86d1bc52f24f75cdba3765b30e79519a49e5dc5c0d27605048b15591e07892	application/octet-stream
eStab_0.9/tags/ver0.9.20b/4fach/design/second/logout.gif	svn:mime-type	1e86d1bc52f24f75cdba3765b30e79519a49e5dc5c0d27605048b15591e07892	application/octet-stream
eStab_0.9/tags/ver0.9.20b/4fach/design/second/mail_prio_unread.gif	svn:mime-type	1e86d1bc52f24f75cdba3765b30e79519a49e5dc5c0d27605048b15591e07892	application/octet-stream
eStab_0.9/tags/ver0.9.20b/4fach/design/second/mail_unread.gif	svn:mime-type	1e86d1bc52f24f75cdba3765b30e79519a49e5dc5c0d27605048b15591e07892	application/octet-stream
eStab_0.9/tags/ver0.9.20b/4fach/design/second/move.gif	svn:mime-type	1e86d1bc52f24f75cdba3765b30e79519a49e5dc5c0d27605048b15591e07892	application/octet-stream
eStab_0.9/tags/ver0.9.20b/4fach/design/second/null.gif	svn:mime-type	1e86d1bc52f24f75cdba3765b30e79519a49e5dc5c0d27605048b15591e07892	application/octet-stream
eStab_0.9/tags/ver0.9.20b/4fach/design/second/null.jpg	svn:mime-type	1e86d1bc52f24f75cdba3765b30e79519a49e5dc5c0d27605048b15591e07892	application/octet-stream
eStab_0.9/tags/ver0.9.20b/4fach/design/second/ok.gif	svn:mime-type	1e86d1bc52f24f75cdba3765b30e79519a49e5dc5c0d27605048b15591e07892	application/octet-stream
eStab_0.9/tags/ver0.9.20b/4fach/design/second/out.gif	svn:mime-type	1e86d1bc52f24f75cdba3765b30e79519a49e5dc5c0d27605048b15591e07892	application/octet-stream
eStab_0.9/tags/ver0.9.20b/4fach/design/second/print.gif	svn:mime-type	1e86d1bc52f24f75cdba3765b30e79519a49e5dc5c0d27605048b15591e07892	application/octet-stream
eStab_0.9/tags/ver0.9.20b/4fach/design/second/read.gif	svn:mime-type	1e86d1bc52f24f75cdba3765b30e79519a49e5dc5c0d27605048b15591e07892	application/octet-stream
eStab_0.9/tags/ver0.9.20b/4fach/design/second/reply.gif	svn:mime-type	1e86d1bc52f24f75cdba3765b30e79519a49e5dc5c0d27605048b15591e07892	application/octet-stream
eStab_0.9/tags/ver0.9.20b/4fach/design/second/second.bs	svn:mime-type	1e86d1bc52f24f75cdba3765b30e79519a49e5dc5c0d27605048b15591e07892	application/octet-stream
eStab_0.9/tags/ver0.9.20b/4fach/design/second/send.gif	svn:mime-type	1e86d1bc52f24f75cdba3765b30e79519a49e5dc5c0d27605048b15591e07892	application/octet-stream
eStab_0.9/tags/ver0.9.20b/4fach/design/second/status_green.gif	svn:mime-type	1e86d1bc52f24f75cdba3765b30e79519a49e5dc5c0d27605048b15591e07892	application/octet-stream
eStab_0.9/tags/ver0.9.20b/4fach/design/second/status_red.gif	svn:mime-type	1e86d1bc52f24f75cdba3765b30e79519a49e5dc5c0d27605048b15591e07892	application/octet-stream
eStab_0.9/tags/ver0.9.20b/4fach/design/second/status_yellow.gif	svn:mime-type	1e86d1bc52f24f75cdba3765b30e79519a49e5dc5c0d27605048b15591e07892	application/octet-stream
eStab_0.9/tags/ver0.9.20b/4fach/design/second/task_done.gif	svn:mime-type	1e86d1bc52f24f75cdba3765b30e79519a49e5dc5c0d27605048b15591e07892	application/octet-stream
eStab_0.9/tags/ver0.9.20b/4fach/design/second/task_due.gif	svn:mime-type	1e86d1bc52f24f75cdba3765b30e79519a49e5dc5c0d27605048b15591e07892	application/octet-stream
eStab_0.9/tags/ver0.9.20b/4fach/design/second/timer.gif	svn:mime-type	1e86d1bc52f24f75cdba3765b30e79519a49e5dc5c0d27605048b15591e07892	application/octet-stream
eStab_0.9/tags/ver0.9.20b/4fach/design/second/transport.gif	svn:mime-type	1e86d1bc52f24f75cdba3765b30e79519a49e5dc5c0d27605048b15591e07892	application/octet-stream
eStab_0.9/tags/ver0.9.20b/4fach/design/second/upload.gif	svn:mime-type	1e86d1bc52f24f75cdba3765b30e79519a49e5dc5c0d27605048b15591e07892	application/octet-stream
eStab_0.9/tags/ver0.9.20b/4fach/design/second/users.gif	svn:mime-type	1e86d1bc52f24f75cdba3765b30e79519a49e5dc5c0d27605048b15591e07892	application/octet-stream
eStab_0.9/tags/ver0.9.20b/4fach/design/second/vor.gif	svn:mime-type	1e86d1bc52f24f75cdba3765b30e79519a49e5dc5c0d27605048b15591e07892	application/octet-stream
eStab_0.9/tags/ver0.9.20b/4fach/design/second/warning.gif	svn:mime-type	1e86d1bc52f24f75cdba3765b30e79519a49e5dc5c0d27605048b15591e07892	application/octet-stream
eStab_0.9/tags/ver0.9.20b/4fach/design/second/write.gif	svn:mime-type	1e86d1bc52f24f75cdba3765b30e79519a49e5dc5c0d27605048b15591e07892	application/octet-stream
eStab_0.9/tags/ver0.9.20b/4fach/design/simple/001.jpg	svn:mime-type	1e86d1bc52f24f75cdba3765b30e79519a49e5dc5c0d27605048b15591e07892	application/octet-stream
eStab_0.9/tags/ver0.9.20b/4fach/design/simple/002.jpg	svn:mime-type	1e86d1bc52f24f75cdba3765b30e79519a49e5dc5c0d27605048b15591e07892	application/octet-stream
eStab_0.9/tags/ver0.9.20b/4fach/design/simple/003.jpg	svn:mime-type	1e86d1bc52f24f75cdba3765b30e79519a49e5dc5c0d27605048b15591e07892	application/octet-stream
eStab_0.9/tags/ver0.9.20b/4fach/design/simple/004.jpg	svn:mime-type	1e86d1bc52f24f75cdba3765b30e79519a49e5dc5c0d27605048b15591e07892	application/octet-stream
eStab_0.9/tags/ver0.9.20b/4fach/design/simple/004a.jpg	svn:mime-type	1e86d1bc52f24f75cdba3765b30e79519a49e5dc5c0d27605048b15591e07892	application/octet-stream
eStab_0.9/tags/ver0.9.20b/4fach/design/simple/005.jpg	svn:mime-type	1e86d1bc52f24f75cdba3765b30e79519a49e5dc5c0d27605048b15591e07892	application/octet-stream
eStab_0.9/tags/ver0.9.20b/4fach/design/simple/006.jpg	svn:mime-type	1e86d1bc52f24f75cdba3765b30e79519a49e5dc5c0d27605048b15591e07892	application/octet-stream
eStab_0.9/tags/ver0.9.20b/4fach/design/simple/007.jpg	svn:mime-type	1e86d1bc52f24f75cdba3765b30e79519a49e5dc5c0d27605048b15591e07892	application/octet-stream
eStab_0.9/tags/ver0.9.20b/4fach/design/simple/008.jpg	svn:mime-type	1e86d1bc52f24f75cdba3765b30e79519a49e5dc5c0d27605048b15591e07892	application/octet-stream
eStab_0.9/tags/ver0.9.20b/4fach/design/simple/009.jpg	svn:mime-type	1e86d1bc52f24f75cdba3765b30e79519a49e5dc5c0d27605048b15591e07892	application/octet-stream
eStab_0.9/tags/ver0.9.20b/4fach/design/simple/010.jpg	svn:mime-type	1e86d1bc52f24f75cdba3765b30e79519a49e5dc5c0d27605048b15591e07892	application/octet-stream
eStab_0.9/tags/ver0.9.20b/4fach/design/simple/011.jpg	svn:mime-type	1e86d1bc52f24f75cdba3765b30e79519a49e5dc5c0d27605048b15591e07892	application/octet-stream
eStab_0.9/tags/ver0.9.20b/4fach/design/simple/012.jpg	svn:mime-type	1e86d1bc52f24f75cdba3765b30e79519a49e5dc5c0d27605048b15591e07892	application/octet-stream
eStab_0.9/tags/ver0.9.20b/4fach/design/simple/012a.jpg	svn:mime-type	1e86d1bc52f24f75cdba3765b30e79519a49e5dc5c0d27605048b15591e07892	application/octet-stream
eStab_0.9/tags/ver0.9.20b/4fach/design/simple/012b.jpg	svn:mime-type	1e86d1bc52f24f75cdba3765b30e79519a49e5dc5c0d27605048b15591e07892	application/octet-stream
eStab_0.9/tags/ver0.9.20b/4fach/design/simple/013.jpg	svn:mime-type	1e86d1bc52f24f75cdba3765b30e79519a49e5dc5c0d27605048b15591e07892	application/octet-stream
eStab_0.9/tags/ver0.9.20b/4fach/design/simple/014.jpg	svn:mime-type	1e86d1bc52f24f75cdba3765b30e79519a49e5dc5c0d27605048b15591e07892	application/octet-stream
eStab_0.9/tags/ver0.9.20b/4fach/design/simple/015.jpg	svn:mime-type	1e86d1bc52f24f75cdba3765b30e79519a49e5dc5c0d27605048b15591e07892	application/octet-stream
eStab_0.9/tags/ver0.9.20b/4fach/design/simple/016.jpg	svn:mime-type	1e86d1bc52f24f75cdba3765b30e79519a49e5dc5c0d27605048b15591e07892	application/octet-stream
eStab_0.9/tags/ver0.9.20b/4fach/design/simple/017.jpg	svn:mime-type	1e86d1bc52f24f75cdba3765b30e79519a49e5dc5c0d27605048b15591e07892	application/octet-stream
eStab_0.9/tags/ver0.9.20b/4fach/design/simple/018.gif	svn:mime-type	1e86d1bc52f24f75cdba3765b30e79519a49e5dc5c0d27605048b15591e07892	application/octet-stream
eStab_0.9/tags/ver0.9.20b/4fach/design/simple/019.gif	svn:mime-type	1e86d1bc52f24f75cdba3765b30e79519a49e5dc5c0d27605048b15591e07892	application/octet-stream
eStab_0.9/tags/ver0.9.20b/4fach/design/simple/020.png	svn:mime-type	1e86d1bc52f24f75cdba3765b30e79519a49e5dc5c0d27605048b15591e07892	application/octet-stream
eStab_0.9/tags/ver0.9.20b/4fach/design/simple/021.png	svn:mime-type	1e86d1bc52f24f75cdba3765b30e79519a49e5dc5c0d27605048b15591e07892	application/octet-stream
eStab_0.9/tags/ver0.9.20b/4fach/design/simple/022.png	svn:mime-type	1e86d1bc52f24f75cdba3765b30e79519a49e5dc5c0d27605048b15591e07892	application/octet-stream
eStab_0.9/tags/ver0.9.20b/4fach/design/simple/023.png	svn:mime-type	1e86d1bc52f24f75cdba3765b30e79519a49e5dc5c0d27605048b15591e07892	application/octet-stream
eStab_0.9/tags/ver0.9.20b/4fach/design/simple/024.jpg	svn:mime-type	1e86d1bc52f24f75cdba3765b30e79519a49e5dc5c0d27605048b15591e07892	application/octet-stream
eStab_0.9/tags/ver0.9.20b/4fach/design/simple/025.gif	svn:mime-type	1e86d1bc52f24f75cdba3765b30e79519a49e5dc5c0d27605048b15591e07892	application/octet-stream
eStab_0.9/tags/ver0.9.20b/4fach/design/simple/026.gif	svn:mime-type	1e86d1bc52f24f75cdba3765b30e79519a49e5dc5c0d27605048b15591e07892	application/octet-stream
eStab_0.9/tags/ver0.9.20b/4fach/design/simple/027.gif	svn:mime-type	1e86d1bc52f24f75cdba3765b30e79519a49e5dc5c0d27605048b15591e07892	application/octet-stream
eStab_0.9/tags/ver0.9.20b/4fach/design/simple/028.gif	svn:mime-type	1e86d1bc52f24f75cdba3765b30e79519a49e5dc5c0d27605048b15591e07892	application/octet-stream
eStab_0.9/tags/ver0.9.20b/4fach/design/simple/028.jpg	svn:mime-type	1e86d1bc52f24f75cdba3765b30e79519a49e5dc5c0d27605048b15591e07892	application/octet-stream
eStab_0.9/tags/ver0.9.20b/4fach/design/simple/029.gif	svn:mime-type	1e86d1bc52f24f75cdba3765b30e79519a49e5dc5c0d27605048b15591e07892	application/octet-stream
eStab_0.9/tags/ver0.9.20b/4fach/design/simple/029.jpg	svn:mime-type	1e86d1bc52f24f75cdba3765b30e79519a49e5dc5c0d27605048b15591e07892	application/octet-stream
eStab_0.9/tags/ver0.9.20b/4fach/design/simple/030.jpg	svn:mime-type	1e86d1bc52f24f75cdba3765b30e79519a49e5dc5c0d27605048b15591e07892	application/octet-stream
eStab_0.9/tags/ver0.9.20b/4fach/design/simple/031.JPG	svn:mime-type	1e86d1bc52f24f75cdba3765b30e79519a49e5dc5c0d27605048b15591e07892	application/octet-stream
eStab_0.9/tags/ver0.9.20b/4fach/design/simple/035.jpg	svn:mime-type	1e86d1bc52f24f75cdba3765b30e79519a49e5dc5c0d27605048b15591e07892	application/octet-stream
eStab_0.9/tags/ver0.9.20b/4fach/design/simple/040.jpg	svn:mime-type	1e86d1bc52f24f75cdba3765b30e79519a49e5dc5c0d27605048b15591e07892	application/octet-stream
eStab_0.9/tags/ver0.9.20b/4fach/design/simple/050.gif	svn:mime-type	1e86d1bc52f24f75cdba3765b30e79519a49e5dc5c0d27605048b15591e07892	application/octet-stream
eStab_0.9/tags/ver0.9.20b/4fach/design/simple/051.gif	svn:mime-type	1e86d1bc52f24f75cdba3765b30e79519a49e5dc5c0d27605048b15591e07892	application/octet-stream
eStab_0.9/tags/ver0.9.20b/4fach/design/simple/A025.png	svn:mime-type	1e86d1bc52f24f75cdba3765b30e79519a49e5dc5c0d27605048b15591e07892	application/octet-stream
eStab_0.9/tags/ver0.9.20b/4fach/design/simple/A026.png	svn:mime-type	1e86d1bc52f24f75cdba3765b30e79519a49e5dc5c0d27605048b15591e07892	application/octet-stream
eStab_0.9/tags/ver0.9.20b/4fach/design/simple/A027.png	svn:mime-type	1e86d1bc52f24f75cdba3765b30e79519a49e5dc5c0d27605048b15591e07892	application/octet-stream
eStab_0.9/tags/ver0.9.20b/4fach/design/simple/A028.gif	svn:mime-type	1e86d1bc52f24f75cdba3765b30e79519a49e5dc5c0d27605048b15591e07892	application/octet-stream
eStab_0.9/tags/ver0.9.20b/4fach/design/simple/bl.png	svn:mime-type	1e86d1bc52f24f75cdba3765b30e79519a49e5dc5c0d27605048b15591e07892	application/octet-stream
eStab_0.9/tags/ver0.9.20b/4fach/design/simple/gn.png	svn:mime-type	1e86d1bc52f24f75cdba3765b30e79519a49e5dc5c0d27605048b15591e07892	application/octet-stream
eStab_0.9/tags/ver0.9.20b/4fach/design/simple/info.gif	svn:mime-type	1e86d1bc52f24f75cdba3765b30e79519a49e5dc5c0d27605048b15591e07892	application/octet-stream
eStab_0.9/tags/ver0.9.20b/4fach/design/simple/move.gif	svn:mime-type	1e86d1bc52f24f75cdba3765b30e79519a49e5dc5c0d27605048b15591e07892	application/octet-stream
eStab_0.9/tags/ver0.9.20b/4fach/design/simple/notify.wav	svn:mime-type	1e86d1bc52f24f75cdba3765b30e79519a49e5dc5c0d27605048b15591e07892	application/octet-stream
eStab_0.9/tags/ver0.9.20b/4fach/design/simple/null.gif	svn:mime-type	1e86d1bc52f24f75cdba3765b30e79519a49e5dc5c0d27605048b15591e07892	application/octet-stream
eStab_0.9/tags/ver0.9.20b/4fach/design/simple/null.jpg	svn:mime-type	1e86d1bc52f24f75cdba3765b30e79519a49e5dc5c0d27605048b15591e07892	application/octet-stream
eStab_0.9/tags/ver0.9.20b/4fach/design/simple/simple.bs	svn:mime-type	1e86d1bc52f24f75cdba3765b30e79519a49e5dc5c0d27605048b15591e07892	application/octet-stream
eStab_0.9/tags/ver0.9.20b/4fach/design/simple/vor.gif	svn:mime-type	1e86d1bc52f24f75cdba3765b30e79519a49e5dc5c0d27605048b15591e07892	application/octet-stream
eStab_0.9/tags/ver0.9.20b/4fach/null.gif	svn:mime-type	1e86d1bc52f24f75cdba3765b30e79519a49e5dc5c0d27605048b15591e07892	application/octet-stream
eStab_0.9/tags/ver0.9.20b/4fach/null.jpg	svn:mime-type	1e86d1bc52f24f75cdba3765b30e79519a49e5dc5c0d27605048b15591e07892	application/octet-stream
eStab_0.9/tags/ver0.9.20b/4fbak/ELHS.png	svn:mime-type	1e86d1bc52f24f75cdba3765b30e79519a49e5dc5c0d27605048b15591e07892	application/octet-stream
eStab_0.9/tags/ver0.9.20b/4fbak/Heinsberg.png	svn:mime-type	1e86d1bc52f24f75cdba3765b30e79519a49e5dc5c0d27605048b15591e07892	application/octet-stream
eStab_0.9/tags/ver0.9.20b/4fbak/fonts/Activa.ttf	svn:mime-type	1e86d1bc52f24f75cdba3765b30e79519a49e5dc5c0d27605048b15591e07892	application/octet-stream
eStab_0.9/tags/ver0.9.20b/4fbak/fonts/Alpha Beta BRK.ttf	svn:mime-type	1e86d1bc52f24f75cdba3765b30e79519a49e5dc5c0d27605048b15591e07892	application/octet-stream
eStab_0.9/tags/ver0.9.20b/4fbak/fonts/Alpha Romanie G98.ttf	svn:mime-type	1e86d1bc52f24f75cdba3765b30e79519a49e5dc5c0d27605048b15591e07892	application/octet-stream
eStab_0.9/tags/ver0.9.20b/4fbak/fonts/Garrison Cond. Sans BOLD.ttf	svn:mime-type	1e86d1bc52f24f75cdba3765b30e79519a49e5dc5c0d27605048b15591e07892	application/octet-stream
eStab_0.9/tags/ver0.9.20b/4fbak/fonts/Garrison Cond. Sans.ttf	svn:mime-type	1e86d1bc52f24f75cdba3765b30e79519a49e5dc5c0d27605048b15591e07892	application/octet-stream
eStab_0.9/tags/ver0.9.20b/4fbak/fonts/Garrison ExtraBold Sans BOLD.ttf	svn:mime-type	1e86d1bc52f24f75cdba3765b30e79519a49e5dc5c0d27605048b15591e07892	application/octet-stream
eStab_0.9/tags/ver0.9.20b/4fbak/fonts/Garrison ExtraCond. Sans.ttf	svn:mime-type	1e86d1bc52f24f75cdba3765b30e79519a49e5dc5c0d27605048b15591e07892	application/octet-stream
eStab_0.9/tags/ver0.9.20b/4fbak/fonts/Garrison Light Sans BOLD.ttf	svn:mime-type	1e86d1bc52f24f75cdba3765b30e79519a49e5dc5c0d27605048b15591e07892	application/octet-stream
eStab_0.9/tags/ver0.9.20b/4fbak/fonts/Garrison Light Sans BOLDITALIC.ttf	svn:mime-type	1e86d1bc52f24f75cdba3765b30e79519a49e5dc5c0d27605048b15591e07892	application/octet-stream
eStab_0.9/tags/ver0.9.20b/4fbak/fonts/Garrison Light Sans ITALIC.ttf	svn:mime-type	1e86d1bc52f24f75cdba3765b30e79519a49e5dc5c0d27605048b15591e07892	application/octet-stream
eStab_0.9/tags/ver0.9.20b/4fbak/fonts/Garrison Light Sans.ttf	svn:mime-type	1e86d1bc52f24f75cdba3765b30e79519a49e5dc5c0d27605048b15591e07892	application/octet-stream
eStab_0.9/tags/ver0.9.20b/4fbak/fonts/Garrison Sans BOLD.ttf	svn:mime-type	1e86d1bc52f24f75cdba3765b30e79519a49e5dc5c0d27605048b15591e07892	application/octet-stream
eStab_0.9/tags/ver0.9.20b/4fbak/fonts/Garrison Sans BOLDITALIC.ttf	svn:mime-type	1e86d1bc52f24f75cdba3765b30e79519a49e5dc5c0d27605048b15591e07892	application/octet-stream
eStab_0.9/tags/ver0.9.20b/4fbak/fonts/Garrison Sans ITALIC.ttf	svn:mime-type	1e86d1bc52f24f75cdba3765b30e79519a49e5dc5c0d27605048b15591e07892	application/octet-stream
eStab_0.9/tags/ver0.9.20b/4fbak/fonts/Garrison Sans.ttf	svn:mime-type	1e86d1bc52f24f75cdba3765b30e79519a49e5dc5c0d27605048b15591e07892	application/octet-stream
eStab_0.9/tags/ver0.9.20b/4fbak/fonts/georgia.ttf	svn:mime-type	1e86d1bc52f24f75cdba3765b30e79519a49e5dc5c0d27605048b15591e07892	application/octet-stream
eStab_0.9/tags/ver0.9.20b/4fbak/fonts/georgiab.ttf	svn:mime-type	1e86d1bc52f24f75cdba3765b30e79519a49e5dc5c0d27605048b15591e07892	application/octet-stream
eStab_0.9/tags/ver0.9.20b/4fbak/fonts/georgiai.ttf	svn:mime-type	1e86d1bc52f24f75cdba3765b30e79519a49e5dc5c0d27605048b15591e07892	application/octet-stream
eStab_0.9/tags/ver0.9.20b/4fbak/fonts/georgiaz.ttf	svn:mime-type	1e86d1bc52f24f75cdba3765b30e79519a49e5dc5c0d27605048b15591e07892	application/octet-stream
eStab_0.9/tags/ver0.9.20b/4fbak/fpdf/ex.pdf	svn:mime-type	1e86d1bc52f24f75cdba3765b30e79519a49e5dc5c0d27605048b15591e07892	application/octet-stream
eStab_0.9/tags/ver0.9.20b/4fbak/fpdf/tutorial/calligra.ttf	svn:mime-type	1e86d1bc52f24f75cdba3765b30e79519a49e5dc5c0d27605048b15591e07892	application/octet-stream
eStab_0.9/tags/ver0.9.20b/4fbak/fpdf/tutorial/calligra.z	svn:mime-type	1e86d1bc52f24f75cdba3765b30e79519a49e5dc5c0d27605048b15591e07892	application/octet-stream
eStab_0.9/tags/ver0.9.20b/4fbak/fpdf/tutorial/logo.png	svn:mime-type	1e86d1bc52f24f75cdba3765b30e79519a49e5dc5c0d27605048b15591e07892	application/octet-stream
eStab_0.9/tags/ver0.9.20b/4fbak/fpdf/tutorial/logo_pb.png	svn:mime-type	1e86d1bc52f24f75cdba3765b30e79519a49e5dc5c0d27605048b15591e07892	application/octet-stream
eStab_0.9/tags/ver0.9.20b/4fbak/logo.png	svn:mime-type	1e86d1bc52f24f75cdba3765b30e79519a49e5dc5c0d27605048b15591e07892	application/octet-stream
eStab_0.9/tags/ver0.9.20b/4fbak/thw.png	svn:mime-type	1e86d1bc52f24f75cdba3765b30e79519a49e5dc5c0d27605048b15591e07892	application/octet-stream
eStab_0.9/tags/ver0.9.20b/4fsym/4fach_aktiv.png	svn:mime-type	1e86d1bc52f24f75cdba3765b30e79519a49e5dc5c0d27605048b15591e07892	application/octet-stream
eStab_0.9/tags/ver0.9.20b/4fsym/4fach_inaktiv.png	svn:mime-type	1e86d1bc52f24f75cdba3765b30e79519a49e5dc5c0d27605048b15591e07892	application/octet-stream
eStab_0.9/tags/ver0.9.20b/4fsym/IuK.bmp	svn:mime-type	1e86d1bc52f24f75cdba3765b30e79519a49e5dc5c0d27605048b15591e07892	application/octet-stream
eStab_0.9/tags/ver0.9.20b/4fsym/abc_aktiv.png	svn:mime-type	1e86d1bc52f24f75cdba3765b30e79519a49e5dc5c0d27605048b15591e07892	application/octet-stream
eStab_0.9/tags/ver0.9.20b/4fsym/abc_inaktiv.png	svn:mime-type	1e86d1bc52f24f75cdba3765b30e79519a49e5dc5c0d27605048b15591e07892	application/octet-stream
eStab_0.9/tags/ver0.9.20b/4fsym/achtung.gif	svn:mime-type	1e86d1bc52f24f75cdba3765b30e79519a49e5dc5c0d27605048b15591e07892	application/octet-stream
eStab_0.9/tags/ver0.9.20b/4fsym/achtung01.gif	svn:mime-type	1e86d1bc52f24f75cdba3765b30e79519a49e5dc5c0d27605048b15591e07892	application/octet-stream
eStab_0.9/tags/ver0.9.20b/4fsym/adm_aktiv.png	svn:mime-type	1e86d1bc52f24f75cdba3765b30e79519a49e5dc5c0d27605048b15591e07892	application/octet-stream
eStab_0.9/tags/ver0.9.20b/4fsym/adm_inaktiv.png	svn:mime-type	1e86d1bc52f24f75cdba3765b30e79519a49e5dc5c0d27605048b15591e07892	application/octet-stream
eStab_0.9/tags/ver0.9.20b/4fsym/all_msg.png	svn:mime-type	1e86d1bc52f24f75cdba3765b30e79519a49e5dc5c0d27605048b15591e07892	application/octet-stream
eStab_0.9/tags/ver0.9.20b/4fsym/bhp_aktiv.png	svn:mime-type	1e86d1bc52f24f75cdba3765b30e79519a49e5dc5c0d27605048b15591e07892	application/octet-stream
eStab_0.9/tags/ver0.9.20b/4fsym/bhp_inaktiv.png	svn:mime-type	1e86d1bc52f24f75cdba3765b30e79519a49e5dc5c0d27605048b15591e07892	application/octet-stream
eStab_0.9/tags/ver0.9.20b/4fsym/br.jpg	svn:mime-type	1e86d1bc52f24f75cdba3765b30e79519a49e5dc5c0d27605048b15591e07892	application/octet-stream
eStab_0.9/tags/ver0.9.20b/4fsym/db_aktiv.png	svn:mime-type	1e86d1bc52f24f75cdba3765b30e79519a49e5dc5c0d27605048b15591e07892	application/octet-stream
eStab_0.9/tags/ver0.9.20b/4fsym/db_inaktiv.png	svn:mime-type	1e86d1bc52f24f75cdba3765b30e79519a49e5dc5c0d27605048b15591e07892	application/octet-stream
eStab_0.9/tags/ver0.9.20b/4fsym/el80.gif	svn:mime-type	1e86d1bc52f24f75cdba3765b30e79519a49e5dc5c0d27605048b15591e07892	application/octet-stream
eStab_0.9/tags/ver0.9.20b/4fsym/el80.jpg	svn:mime-type	1e86d1bc52f24f75cdba3765b30e79519a49e5dc5c0d27605048b15591e07892	application/octet-stream
eStab_0.9/tags/ver0.9.20b/4fsym/el8001.jpg	svn:mime-type	1e86d1bc52f24f75cdba3765b30e79519a49e5dc5c0d27605048b15591e07892	application/octet-stream
eStab_0.9/tags/ver0.9.20b/4fsym/etb_aktiv.png	svn:mime-type	1e86d1bc52f24f75cdba3765b30e79519a49e5dc5c0d27605048b15591e07892	application/octet-stream
eStab_0.9/tags/ver0.9.20b/4fsym/etb_inaktiv.png	svn:mime-type	1e86d1bc52f24f75cdba3765b30e79519a49e5dc5c0d27605048b15591e07892	application/octet-stream
eStab_0.9/tags/ver0.9.20b/4fsym/greenlight.gif	svn:mime-type	1e86d1bc52f24f75cdba3765b30e79519a49e5dc5c0d27605048b15591e07892	application/octet-stream
eStab_0.9/tags/ver0.9.20b/4fsym/icon_handbuch.gif	svn:mime-type	1e86d1bc52f24f75cdba3765b30e79519a49e5dc5c0d27605048b15591e07892	application/octet-stream
eStab_0.9/tags/ver0.9.20b/4fsym/iuk_80.jpg	svn:mime-type	1e86d1bc52f24f75cdba3765b30e79519a49e5dc5c0d27605048b15591e07892	application/octet-stream
eStab_0.9/tags/ver0.9.20b/4fsym/iuk_hs80.jpg	svn:mime-type	1e86d1bc52f24f75cdba3765b30e79519a49e5dc5c0d27605048b15591e07892	application/octet-stream
eStab_0.9/tags/ver0.9.20b/4fsym/iuk_hs80.png	svn:mime-type	1e86d1bc52f24f75cdba3765b30e79519a49e5dc5c0d27605048b15591e07892	application/octet-stream
eStab_0.9/tags/ver0.9.20b/4fsym/kh_aktiv.jpg	svn:mime-type	1e86d1bc52f24f75cdba3765b30e79519a49e5dc5c0d27605048b15591e07892	application/octet-stream
eStab_0.9/tags/ver0.9.20b/4fsym/kh_inaktiv.jpg	svn:mime-type	1e86d1bc52f24f75cdba3765b30e79519a49e5dc5c0d27605048b15591e07892	application/octet-stream
eStab_0.9/tags/ver0.9.20b/4fsym/merke.gif	svn:mime-type	1e86d1bc52f24f75cdba3765b30e79519a49e5dc5c0d27605048b15591e07892	application/octet-stream
eStab_0.9/tags/ver0.9.20b/4fsym/merke.jpg	svn:mime-type	1e86d1bc52f24f75cdba3765b30e79519a49e5dc5c0d27605048b15591e07892	application/octet-stream
eStab_0.9/tags/ver0.9.20b/4fsym/merke32.gif	svn:mime-type	1e86d1bc52f24f75cdba3765b30e79519a49e5dc5c0d27605048b15591e07892	application/octet-stream
eStab_0.9/tags/ver0.9.20b/4fsym/null.gif	svn:mime-type	1e86d1bc52f24f75cdba3765b30e79519a49e5dc5c0d27605048b15591e07892	application/octet-stream
eStab_0.9/tags/ver0.9.20b/4fsym/null.jpg	svn:mime-type	1e86d1bc52f24f75cdba3765b30e79519a49e5dc5c0d27605048b15591e07892	application/octet-stream
eStab_0.9/tags/ver0.9.20b/4fsym/nw.png	svn:mime-type	1e86d1bc52f24f75cdba3765b30e79519a49e5dc5c0d27605048b15591e07892	application/octet-stream
eStab_0.9/tags/ver0.9.20b/4fsym/nwa_aktiv.png	svn:mime-type	1e86d1bc52f24f75cdba3765b30e79519a49e5dc5c0d27605048b15591e07892	application/octet-stream
eStab_0.9/tags/ver0.9.20b/4fsym/nwe_aktiv.png	svn:mime-type	1e86d1bc52f24f75cdba3765b30e79519a49e5dc5c0d27605048b15591e07892	application/octet-stream
eStab_0.9/tags/ver0.9.20b/4fsym/nwea_aktiv.png	svn:mime-type	1e86d1bc52f24f75cdba3765b30e79519a49e5dc5c0d27605048b15591e07892	application/octet-stream
eStab_0.9/tags/ver0.9.20b/4fsym/nwea_inaktiv.png	svn:mime-type	1e86d1bc52f24f75cdba3765b30e79519a49e5dc5c0d27605048b15591e07892	application/octet-stream
eStab_0.9/tags/ver0.9.20b/4fsym/redlight.gif	svn:mime-type	1e86d1bc52f24f75cdba3765b30e79519a49e5dc5c0d27605048b15591e07892	application/octet-stream
eStab_0.9/tags/ver0.9.20b/4fsym/tbb_aktiv.png	svn:mime-type	1e86d1bc52f24f75cdba3765b30e79519a49e5dc5c0d27605048b15591e07892	application/octet-stream
eStab_0.9/tags/ver0.9.20b/4fsym/tbb_inaktiv.png	svn:mime-type	1e86d1bc52f24f75cdba3765b30e79519a49e5dc5c0d27605048b15591e07892	application/octet-stream
eStab_0.9/tags/ver0.9.20b/4fsym/vorsicht.gif	svn:mime-type	1e86d1bc52f24f75cdba3765b30e79519a49e5dc5c0d27605048b15591e07892	application/octet-stream
eStab_0.9/tags/ver0.9.20b/4fsym/yellowlight.gif	svn:mime-type	1e86d1bc52f24f75cdba3765b30e79519a49e5dc5c0d27605048b15591e07892	application/octet-stream
eStab_0.9/tags/ver0.9.20b/doku/Handbuch_eStab.pdf	svn:mime-type	1e86d1bc52f24f75cdba3765b30e79519a49e5dc5c0d27605048b15591e07892	application/octet-stream
eStab_0.9/tags/ver0.9.20b/favicon.ico	svn:mime-type	1e86d1bc52f24f75cdba3765b30e79519a49e5dc5c0d27605048b15591e07892	application/octet-stream
eStab_0.9/tags/ver0.9.20b/stabetb/null.gif	svn:mime-type	1e86d1bc52f24f75cdba3765b30e79519a49e5dc5c0d27605048b15591e07892	application/octet-stream
eStab_0.9/tags/ver0.9.20b/stabetb/null.jpg	svn:mime-type	1e86d1bc52f24f75cdba3765b30e79519a49e5dc5c0d27605048b15591e07892	application/octet-stream
eStab_0.9/tags/ver0.9.20b/stabinfo/ELStab.jpg	svn:mime-type	1e86d1bc52f24f75cdba3765b30e79519a49e5dc5c0d27605048b15591e07892	application/octet-stream
eStab_0.9/tags/ver0.9.20b/stabinfo/Warendorf L4112 Kartendatum ED50.png	svn:mime-type	1e86d1bc52f24f75cdba3765b30e79519a49e5dc5c0d27605048b15591e07892	application/octet-stream
eStab_0.9/tags/ver0.9.20b/stabinfo/Warendorf L4112 Kartendatum WGS84.png	svn:mime-type	1e86d1bc52f24f75cdba3765b30e79519a49e5dc5c0d27605048b15591e07892	application/octet-stream
eStab_0.9/trunk	svn:ignore	2299fbc0d99b56779a6ad95d18b2a33fb701b1e00bdf21cdc472bdcb8216fb33	Handbuch_eStab.pdf\n
eStab_0.9/trunk	svn:mergeinfo	933837a70e563d5d331508ef1ddaaf7d9c834ceba57f8e1dcc2de619953430af	/eStab/branch/0.9.20_ticket20:26-41,43-53
eStab_0.9/trunk/4fach/design/2010preview/000.gif	svn:mime-type	1e86d1bc52f24f75cdba3765b30e79519a49e5dc5c0d27605048b15591e07892	application/octet-stream
eStab_0.9/trunk/4fach/design/2010preview/attachment.gif	svn:mime-type	1e86d1bc52f24f75cdba3765b30e79519a49e5dc5c0d27605048b15591e07892	application/octet-stream
eStab_0.9/trunk/4fach/design/2010preview/cancel.gif	svn:mime-type	1e86d1bc52f24f75cdba3765b30e79519a49e5dc5c0d27605048b15591e07892	application/octet-stream
eStab_0.9/trunk/4fach/design/2010preview/checked.gif	svn:mime-type	1e86d1bc52f24f75cdba3765b30e79519a49e5dc5c0d27605048b15591e07892	application/octet-stream
eStab_0.9/trunk/4fach/design/2010preview/delete.gif	svn:mime-type	1e86d1bc52f24f75cdba3765b30e79519a49e5dc5c0d27605048b15591e07892	application/octet-stream
eStab_0.9/trunk/4fach/design/2010preview/edit.gif	svn:mime-type	1e86d1bc52f24f75cdba3765b30e79519a49e5dc5c0d27605048b15591e07892	application/octet-stream
eStab_0.9/trunk/4fach/design/2010preview/folder_global.gif	svn:mime-type	1e86d1bc52f24f75cdba3765b30e79519a49e5dc5c0d27605048b15591e07892	application/octet-stream
eStab_0.9/trunk/4fach/design/2010preview/folder_local.gif	svn:mime-type	1e86d1bc52f24f75cdba3765b30e79519a49e5dc5c0d27605048b15591e07892	application/octet-stream
eStab_0.9/trunk/4fach/design/2010preview/go_back.gif	svn:mime-type	1e86d1bc52f24f75cdba3765b30e79519a49e5dc5c0d27605048b15591e07892	application/octet-stream
eStab_0.9/trunk/4fach/design/2010preview/go_end.gif	svn:mime-type	1e86d1bc52f24f75cdba3765b30e79519a49e5dc5c0d27605048b15591e07892	application/octet-stream
eStab_0.9/trunk/4fach/design/2010preview/go_forward.gif	svn:mime-type	1e86d1bc52f24f75cdba3765b30e79519a49e5dc5c0d27605048b15591e07892	application/octet-stream
eStab_0.9/trunk/4fach/design/2010preview/go_start.gif	svn:mime-type	1e86d1bc52f24f75cdba3765b30e79519a49e5dc5c0d27605048b15591e07892	application/octet-stream
eStab_0.9/trunk/4fach/design/2010preview/info.gif	svn:mime-type	1e86d1bc52f24f75cdba3765b30e79519a49e5dc5c0d27605048b15591e07892	application/octet-stream
eStab_0.9/trunk/4fach/design/2010preview/mail_unread.gif	svn:mime-type	1e86d1bc52f24f75cdba3765b30e79519a49e5dc5c0d27605048b15591e07892	application/octet-stream
eStab_0.9/trunk/4fach/design/2010preview/mail_unread2.gif	svn:mime-type	1e86d1bc52f24f75cdba3765b30e79519a49e5dc5c0d27605048b15591e07892	application/octet-stream
eStab_0.9/trunk/4fach/design/2010preview/notify_aw.wav	svn:mime-type	1e86d1bc52f24f75cdba3765b30e79519a49e5dc5c0d27605048b15591e07892	application/octet-stream
eStab_0.9/trunk/4fach/design/2010preview/notify_si.wav	svn:mime-type	1e86d1bc52f24f75cdba3765b30e79519a49e5dc5c0d27605048b15591e07892	application/octet-stream
eStab_0.9/trunk/4fach/design/2010preview/notify_stab.wav	svn:mime-type	1e86d1bc52f24f75cdba3765b30e79519a49e5dc5c0d27605048b15591e07892	application/octet-stream
eStab_0.9/trunk/4fach/design/2010preview/null.gif	svn:mime-type	1e86d1bc52f24f75cdba3765b30e79519a49e5dc5c0d27605048b15591e07892	application/octet-stream
eStab_0.9/trunk/4fach/design/2010preview/ok.gif	svn:mime-type	1e86d1bc52f24f75cdba3765b30e79519a49e5dc5c0d27605048b15591e07892	application/octet-stream
eStab_0.9/trunk/4fach/design/2010preview/print.gif	svn:mime-type	1e86d1bc52f24f75cdba3765b30e79519a49e5dc5c0d27605048b15591e07892	application/octet-stream
eStab_0.9/trunk/4fach/design/2010preview/status_green.gif	svn:mime-type	1e86d1bc52f24f75cdba3765b30e79519a49e5dc5c0d27605048b15591e07892	application/octet-stream
eStab_0.9/trunk/4fach/design/2010preview/status_red.gif	svn:mime-type	1e86d1bc52f24f75cdba3765b30e79519a49e5dc5c0d27605048b15591e07892	application/octet-stream
eStab_0.9/trunk/4fach/design/2010preview/status_yellow.gif	svn:mime-type	1e86d1bc52f24f75cdba3765b30e79519a49e5dc5c0d27605048b15591e07892	application/octet-stream
eStab_0.9/trunk/4fach/design/2010preview/task_done.gif	svn:mime-type	1e86d1bc52f24f75cdba3765b30e79519a49e5dc5c0d27605048b15591e07892	application/octet-stream
eStab_0.9/trunk/4fach/design/2010preview/task_done2.gif	svn:mime-type	1e86d1bc52f24f75cdba3765b30e79519a49e5dc5c0d27605048b15591e07892	application/octet-stream
eStab_0.9/trunk/4fach/design/2010preview/task_due.gif	svn:mime-type	1e86d1bc52f24f75cdba3765b30e79519a49e5dc5c0d27605048b15591e07892	application/octet-stream
eStab_0.9/trunk/4fach/design/2010preview/timer.gif	svn:mime-type	1e86d1bc52f24f75cdba3765b30e79519a49e5dc5c0d27605048b15591e07892	application/octet-stream
eStab_0.9/trunk/4fach/design/2010preview/transport.gif	svn:mime-type	1e86d1bc52f24f75cdba3765b30e79519a49e5dc5c0d27605048b15591e07892	application/octet-stream
eStab_0.9/trunk/4fach/design/HL0001/001.jpg	svn:mime-type	1e86d1bc52f24f75cdba3765b30e79519a49e5dc5c0d27605048b15591e07892	application/octet-stream
eStab_0.9/trunk/4fach/design/HL0001/002.jpg	svn:mime-type	1e86d1bc52f24f75cdba3765b30e79519a49e5dc5c0d27605048b15591e07892	application/octet-stream
eStab_0.9/trunk/4fach/design/HL0001/003.jpg	svn:mime-type	1e86d1bc52f24f75cdba3765b30e79519a49e5dc5c0d27605048b15591e07892	application/octet-stream
eStab_0.9/trunk/4fach/design/HL0001/004.jpg	svn:mime-type	1e86d1bc52f24f75cdba3765b30e79519a49e5dc5c0d27605048b15591e07892	application/octet-stream
eStab_0.9/trunk/4fach/design/HL0001/005.jpg	svn:mime-type	1e86d1bc52f24f75cdba3765b30e79519a49e5dc5c0d27605048b15591e07892	application/octet-stream
eStab_0.9/trunk/4fach/design/HL0001/006.jpg	svn:mime-type	1e86d1bc52f24f75cdba3765b30e79519a49e5dc5c0d27605048b15591e07892	application/octet-stream
eStab_0.9/trunk/4fach/design/HL0001/007.jpg	svn:mime-type	1e86d1bc52f24f75cdba3765b30e79519a49e5dc5c0d27605048b15591e07892	application/octet-stream
eStab_0.9/trunk/4fach/design/HL0001/008.jpg	svn:mime-type	1e86d1bc52f24f75cdba3765b30e79519a49e5dc5c0d27605048b15591e07892	application/octet-stream
eStab_0.9/trunk/4fach/design/HL0001/009.jpg	svn:mime-type	1e86d1bc52f24f75cdba3765b30e79519a49e5dc5c0d27605048b15591e07892	application/octet-stream
eStab_0.9/trunk/4fach/design/HL0001/010.jpg	svn:mime-type	1e86d1bc52f24f75cdba3765b30e79519a49e5dc5c0d27605048b15591e07892	application/octet-stream
eStab_0.9/trunk/4fach/design/HL0001/011.jpg	svn:mime-type	1e86d1bc52f24f75cdba3765b30e79519a49e5dc5c0d27605048b15591e07892	application/octet-stream
eStab_0.9/trunk/4fach/design/HL0001/013.jpg	svn:mime-type	1e86d1bc52f24f75cdba3765b30e79519a49e5dc5c0d27605048b15591e07892	application/octet-stream
eStab_0.9/trunk/4fach/design/HL0001/014.jpg	svn:mime-type	1e86d1bc52f24f75cdba3765b30e79519a49e5dc5c0d27605048b15591e07892	application/octet-stream
eStab_0.9/trunk/4fach/design/HL0001/016.jpg	svn:mime-type	1e86d1bc52f24f75cdba3765b30e79519a49e5dc5c0d27605048b15591e07892	application/octet-stream
eStab_0.9/trunk/4fach/design/HL0001/017.jpg	svn:mime-type	1e86d1bc52f24f75cdba3765b30e79519a49e5dc5c0d27605048b15591e07892	application/octet-stream
eStab_0.9/trunk/4fach/design/HL0001/018.gif	svn:mime-type	1e86d1bc52f24f75cdba3765b30e79519a49e5dc5c0d27605048b15591e07892	application/octet-stream
eStab_0.9/trunk/4fach/design/HL0001/020.gif	svn:mime-type	1e86d1bc52f24f75cdba3765b30e79519a49e5dc5c0d27605048b15591e07892	application/octet-stream
eStab_0.9/trunk/4fach/design/HL0001/021.gif	svn:mime-type	1e86d1bc52f24f75cdba3765b30e79519a49e5dc5c0d27605048b15591e07892	application/octet-stream
eStab_0.9/trunk/4fach/design/HL0001/022.gif	svn:mime-type	1e86d1bc52f24f75cdba3765b30e79519a49e5dc5c0d27605048b15591e07892	application/octet-stream
eStab_0.9/trunk/4fach/design/HL0001/Buttonvorlage.bs	svn:mime-type	1e86d1bc52f24f75cdba3765b30e79519a49e5dc5c0d27605048b15591e07892	application/octet-stream
eStab_0.9/trunk/4fach/design/HL0001/Buttonvorlage_gruen.bs	svn:mime-type	1e86d1bc52f24f75cdba3765b30e79519a49e5dc5c0d27605048b15591e07892	application/octet-stream
eStab_0.9/trunk/4fach/design/HL0001/Buttonvorlage_hellblau.bs	svn:mime-type	1e86d1bc52f24f75cdba3765b30e79519a49e5dc5c0d27605048b15591e07892	application/octet-stream
eStab_0.9/trunk/4fach/design/HL0001/Buttonvorlage_rot.bs	svn:mime-type	1e86d1bc52f24f75cdba3765b30e79519a49e5dc5c0d27605048b15591e07892	application/octet-stream
eStab_0.9/trunk/4fach/design/HL0001/Kopie von abmelden.jpg	svn:mime-type	1e86d1bc52f24f75cdba3765b30e79519a49e5dc5c0d27605048b15591e07892	application/octet-stream
eStab_0.9/trunk/4fach/design/HL0001/d_hoch01.gif	svn:mime-type	1e86d1bc52f24f75cdba3765b30e79519a49e5dc5c0d27605048b15591e07892	application/octet-stream
eStab_0.9/trunk/4fach/design/HL0001/greenlight.gif	svn:mime-type	1e86d1bc52f24f75cdba3765b30e79519a49e5dc5c0d27605048b15591e07892	application/octet-stream
eStab_0.9/trunk/4fach/design/HL0001/hochladen.JPG	svn:mime-type	1e86d1bc52f24f75cdba3765b30e79519a49e5dc5c0d27605048b15591e07892	application/octet-stream
eStab_0.9/trunk/4fach/design/HL0001/n_sichten.jpg	svn:mime-type	1e86d1bc52f24f75cdba3765b30e79519a49e5dc5c0d27605048b15591e07892	application/octet-stream
eStab_0.9/trunk/4fach/design/HL0001/null.gif	svn:mime-type	1e86d1bc52f24f75cdba3765b30e79519a49e5dc5c0d27605048b15591e07892	application/octet-stream
eStab_0.9/trunk/4fach/design/HL0001/null.jpg	svn:mime-type	1e86d1bc52f24f75cdba3765b30e79519a49e5dc5c0d27605048b15591e07892	application/octet-stream
eStab_0.9/trunk/4fach/design/HL0001/redlight.gif	svn:mime-type	1e86d1bc52f24f75cdba3765b30e79519a49e5dc5c0d27605048b15591e07892	application/octet-stream
eStab_0.9/trunk/4fach/design/HL0001/yellowlight.gif	svn:mime-type	1e86d1bc52f24f75cdba3765b30e79519a49e5dc5c0d27605048b15591e07892	application/octet-stream
eStab_0.9/trunk/4fach/design/HS/000.gif	svn:mime-type	1e86d1bc52f24f75cdba3765b30e79519a49e5dc5c0d27605048b15591e07892	application/octet-stream
eStab_0.9/trunk/4fach/design/HS/2ndAssort.gif	svn:mime-type	1e86d1bc52f24f75cdba3765b30e79519a49e5dc5c0d27605048b15591e07892	application/octet-stream
eStab_0.9/trunk/4fach/design/HS/_go_back.gif	svn:mime-type	1e86d1bc52f24f75cdba3765b30e79519a49e5dc5c0d27605048b15591e07892	application/octet-stream
eStab_0.9/trunk/4fach/design/HS/_go_end.gif	svn:mime-type	1e86d1bc52f24f75cdba3765b30e79519a49e5dc5c0d27605048b15591e07892	application/octet-stream
eStab_0.9/trunk/4fach/design/HS/_go_forward.gif	svn:mime-type	1e86d1bc52f24f75cdba3765b30e79519a49e5dc5c0d27605048b15591e07892	application/octet-stream
eStab_0.9/trunk/4fach/design/HS/_go_start.gif	svn:mime-type	1e86d1bc52f24f75cdba3765b30e79519a49e5dc5c0d27605048b15591e07892	application/octet-stream
eStab_0.9/trunk/4fach/design/HS/_status_blue.gif	svn:mime-type	1e86d1bc52f24f75cdba3765b30e79519a49e5dc5c0d27605048b15591e07892	application/octet-stream
eStab_0.9/trunk/4fach/design/HS/_status_green.gif	svn:mime-type	1e86d1bc52f24f75cdba3765b30e79519a49e5dc5c0d27605048b15591e07892	application/octet-stream
eStab_0.9/trunk/4fach/design/HS/_status_yellow.gif	svn:mime-type	1e86d1bc52f24f75cdba3765b30e79519a49e5dc5c0d27605048b15591e07892	application/octet-stream
eStab_0.9/trunk/4fach/design/HS/all.gif	svn:mime-type	1e86d1bc52f24f75cdba3765b30e79519a49e5dc5c0d27605048b15591e07892	application/octet-stream
eStab_0.9/trunk/4fach/design/HS/assort.gif	svn:mime-type	1e86d1bc52f24f75cdba3765b30e79519a49e5dc5c0d27605048b15591e07892	application/octet-stream
eStab_0.9/trunk/4fach/design/HS/attachment.gif	svn:mime-type	1e86d1bc52f24f75cdba3765b30e79519a49e5dc5c0d27605048b15591e07892	application/octet-stream
eStab_0.9/trunk/4fach/design/HS/cancel.gif	svn:mime-type	1e86d1bc52f24f75cdba3765b30e79519a49e5dc5c0d27605048b15591e07892	application/octet-stream
eStab_0.9/trunk/4fach/design/HS/checked.gif	svn:mime-type	1e86d1bc52f24f75cdba3765b30e79519a49e5dc5c0d27605048b15591e07892	application/octet-stream
eStab_0.9/trunk/4fach/design/HS/delete.gif	svn:mime-type	1e86d1bc52f24f75cdba3765b30e79519a49e5dc5c0d27605048b15591e07892	application/octet-stream
eStab_0.9/trunk/4fach/design/HS/edit.gif	svn:mime-type	1e86d1bc52f24f75cdba3765b30e79519a49e5dc5c0d27605048b15591e07892	application/octet-stream
eStab_0.9/trunk/4fach/design/HS/file_global.gif	svn:mime-type	1e86d1bc52f24f75cdba3765b30e79519a49e5dc5c0d27605048b15591e07892	application/octet-stream
eStab_0.9/trunk/4fach/design/HS/file_local.gif	svn:mime-type	1e86d1bc52f24f75cdba3765b30e79519a49e5dc5c0d27605048b15591e07892	application/octet-stream
eStab_0.9/trunk/4fach/design/HS/filethis.gif	svn:mime-type	1e86d1bc52f24f75cdba3765b30e79519a49e5dc5c0d27605048b15591e07892	application/octet-stream
eStab_0.9/trunk/4fach/design/HS/folder_global.gif	svn:mime-type	1e86d1bc52f24f75cdba3765b30e79519a49e5dc5c0d27605048b15591e07892	application/octet-stream
eStab_0.9/trunk/4fach/design/HS/folder_local.gif	svn:mime-type	1e86d1bc52f24f75cdba3765b30e79519a49e5dc5c0d27605048b15591e07892	application/octet-stream
eStab_0.9/trunk/4fach/design/HS/folder_use_r.gif	svn:mime-type	1e86d1bc52f24f75cdba3765b30e79519a49e5dc5c0d27605048b15591e07892	application/octet-stream
eStab_0.9/trunk/4fach/design/HS/folder_user.gif	svn:mime-type	1e86d1bc52f24f75cdba3765b30e79519a49e5dc5c0d27605048b15591e07892	application/octet-stream
eStab_0.9/trunk/4fach/design/HS/forward.gif	svn:mime-type	1e86d1bc52f24f75cdba3765b30e79519a49e5dc5c0d27605048b15591e07892	application/octet-stream
eStab_0.9/trunk/4fach/design/HS/go_back.gif	svn:mime-type	1e86d1bc52f24f75cdba3765b30e79519a49e5dc5c0d27605048b15591e07892	application/octet-stream
eStab_0.9/trunk/4fach/design/HS/go_end.gif	svn:mime-type	1e86d1bc52f24f75cdba3765b30e79519a49e5dc5c0d27605048b15591e07892	application/octet-stream
eStab_0.9/trunk/4fach/design/HS/go_forward.gif	svn:mime-type	1e86d1bc52f24f75cdba3765b30e79519a49e5dc5c0d27605048b15591e07892	application/octet-stream
eStab_0.9/trunk/4fach/design/HS/go_start.gif	svn:mime-type	1e86d1bc52f24f75cdba3765b30e79519a49e5dc5c0d27605048b15591e07892	application/octet-stream
eStab_0.9/trunk/4fach/design/HS/in.gif	svn:mime-type	1e86d1bc52f24f75cdba3765b30e79519a49e5dc5c0d27605048b15591e07892	application/octet-stream
eStab_0.9/trunk/4fach/design/HS/info.gif	svn:mime-type	1e86d1bc52f24f75cdba3765b30e79519a49e5dc5c0d27605048b15591e07892	application/octet-stream
eStab_0.9/trunk/4fach/design/HS/isread.gif	svn:mime-type	1e86d1bc52f24f75cdba3765b30e79519a49e5dc5c0d27605048b15591e07892	application/octet-stream
eStab_0.9/trunk/4fach/design/HS/load.gif	svn:mime-type	1e86d1bc52f24f75cdba3765b30e79519a49e5dc5c0d27605048b15591e07892	application/octet-stream
eStab_0.9/trunk/4fach/design/HS/logbook_entry.gif	svn:mime-type	1e86d1bc52f24f75cdba3765b30e79519a49e5dc5c0d27605048b15591e07892	application/octet-stream
eStab_0.9/trunk/4fach/design/HS/logon.gif	svn:mime-type	1e86d1bc52f24f75cdba3765b30e79519a49e5dc5c0d27605048b15591e07892	application/octet-stream
eStab_0.9/trunk/4fach/design/HS/logout.gif	svn:mime-type	1e86d1bc52f24f75cdba3765b30e79519a49e5dc5c0d27605048b15591e07892	application/octet-stream
eStab_0.9/trunk/4fach/design/HS/mail_prio_unread.gif	svn:mime-type	1e86d1bc52f24f75cdba3765b30e79519a49e5dc5c0d27605048b15591e07892	application/octet-stream
eStab_0.9/trunk/4fach/design/HS/mail_unread.gif	svn:mime-type	1e86d1bc52f24f75cdba3765b30e79519a49e5dc5c0d27605048b15591e07892	application/octet-stream
eStab_0.9/trunk/4fach/design/HS/notify_aw.wav	svn:mime-type	1e86d1bc52f24f75cdba3765b30e79519a49e5dc5c0d27605048b15591e07892	application/octet-stream
eStab_0.9/trunk/4fach/design/HS/notify_si.wav	svn:mime-type	1e86d1bc52f24f75cdba3765b30e79519a49e5dc5c0d27605048b15591e07892	application/octet-stream
eStab_0.9/trunk/4fach/design/HS/notify_stab.wav	svn:mime-type	1e86d1bc52f24f75cdba3765b30e79519a49e5dc5c0d27605048b15591e07892	application/octet-stream
eStab_0.9/trunk/4fach/design/HS/null.gif	svn:mime-type	1e86d1bc52f24f75cdba3765b30e79519a49e5dc5c0d27605048b15591e07892	application/octet-stream
eStab_0.9/trunk/4fach/design/HS/null.jpg	svn:mime-type	1e86d1bc52f24f75cdba3765b30e79519a49e5dc5c0d27605048b15591e07892	application/octet-stream
eStab_0.9/trunk/4fach/design/HS/ok.gif	svn:mime-type	1e86d1bc52f24f75cdba3765b30e79519a49e5dc5c0d27605048b15591e07892	application/octet-stream
eStab_0.9/trunk/4fach/design/HS/out.gif	svn:mime-type	1e86d1bc52f24f75cdba3765b30e79519a49e5dc5c0d27605048b15591e07892	application/octet-stream
eStab_0.9/trunk/4fach/design/HS/print.gif	svn:mime-type	1e86d1bc52f24f75cdba3765b30e79519a49e5dc5c0d27605048b15591e07892	application/octet-stream
eStab_0.9/trunk/4fach/design/HS/read.gif	svn:mime-type	1e86d1bc52f24f75cdba3765b30e79519a49e5dc5c0d27605048b15591e07892	application/octet-stream
eStab_0.9/trunk/4fach/design/HS/reply.gif	svn:mime-type	1e86d1bc52f24f75cdba3765b30e79519a49e5dc5c0d27605048b15591e07892	application/octet-stream
eStab_0.9/trunk/4fach/design/HS/save.gif	svn:mime-type	1e86d1bc52f24f75cdba3765b30e79519a49e5dc5c0d27605048b15591e07892	application/octet-stream
eStab_0.9/trunk/4fach/design/HS/second.bs	svn:mime-type	1e86d1bc52f24f75cdba3765b30e79519a49e5dc5c0d27605048b15591e07892	application/octet-stream
eStab_0.9/trunk/4fach/design/HS/send.gif	svn:mime-type	1e86d1bc52f24f75cdba3765b30e79519a49e5dc5c0d27605048b15591e07892	application/octet-stream
eStab_0.9/trunk/4fach/design/HS/status_green.gif	svn:mime-type	1e86d1bc52f24f75cdba3765b30e79519a49e5dc5c0d27605048b15591e07892	application/octet-stream
eStab_0.9/trunk/4fach/design/HS/status_red.gif	svn:mime-type	1e86d1bc52f24f75cdba3765b30e79519a49e5dc5c0d27605048b15591e07892	application/octet-stream
eStab_0.9/trunk/4fach/design/HS/status_yellow.gif	svn:mime-type	1e86d1bc52f24f75cdba3765b30e79519a49e5dc5c0d27605048b15591e07892	application/octet-stream
eStab_0.9/trunk/4fach/design/HS/task_done.gif	svn:mime-type	1e86d1bc52f24f75cdba3765b30e79519a49e5dc5c0d27605048b15591e07892	application/octet-stream
eStab_0.9/trunk/4fach/design/HS/task_due.gif	svn:mime-type	1e86d1bc52f24f75cdba3765b30e79519a49e5dc5c0d27605048b15591e07892	application/octet-stream
eStab_0.9/trunk/4fach/design/HS/timer.gif	svn:mime-type	1e86d1bc52f24f75cdba3765b30e79519a49e5dc5c0d27605048b15591e07892	application/octet-stream
eStab_0.9/trunk/4fach/design/HS/transport.gif	svn:mime-type	1e86d1bc52f24f75cdba3765b30e79519a49e5dc5c0d27605048b15591e07892	application/octet-stream
eStab_0.9/trunk/4fach/design/HS/upload.gif	svn:mime-type	1e86d1bc52f24f75cdba3765b30e79519a49e5dc5c0d27605048b15591e07892	application/octet-stream
eStab_0.9/trunk/4fach/design/HS/users.gif	svn:mime-type	1e86d1bc52f24f75cdba3765b30e79519a49e5dc5c0d27605048b15591e07892	application/octet-stream
eStab_0.9/trunk/4fach/design/HS/warning.gif	svn:mime-type	1e86d1bc52f24f75cdba3765b30e79519a49e5dc5c0d27605048b15591e07892	application/octet-stream
eStab_0.9/trunk/4fach/design/HS/write.gif	svn:mime-type	1e86d1bc52f24f75cdba3765b30e79519a49e5dc5c0d27605048b15591e07892	application/octet-stream
eStab_0.9/trunk/4fach/design/Symboldesign.odt	svn:mime-type	1e86d1bc52f24f75cdba3765b30e79519a49e5dc5c0d27605048b15591e07892	application/octet-stream
eStab_0.9/trunk/4fach/design/Symboldesigne.odt	svn:mime-type	1e86d1bc52f24f75cdba3765b30e79519a49e5dc5c0d27605048b15591e07892	application/octet-stream
eStab_0.9/trunk/4fach/design/mr/000.gif	svn:mime-type	1e86d1bc52f24f75cdba3765b30e79519a49e5dc5c0d27605048b15591e07892	application/octet-stream
eStab_0.9/trunk/4fach/design/mr/2ndAssort.gif	svn:mime-type	1e86d1bc52f24f75cdba3765b30e79519a49e5dc5c0d27605048b15591e07892	application/octet-stream
eStab_0.9/trunk/4fach/design/mr/_go_back.gif	svn:mime-type	1e86d1bc52f24f75cdba3765b30e79519a49e5dc5c0d27605048b15591e07892	application/octet-stream
eStab_0.9/trunk/4fach/design/mr/_go_end.gif	svn:mime-type	1e86d1bc52f24f75cdba3765b30e79519a49e5dc5c0d27605048b15591e07892	application/octet-stream
eStab_0.9/trunk/4fach/design/mr/_go_forward.gif	svn:mime-type	1e86d1bc52f24f75cdba3765b30e79519a49e5dc5c0d27605048b15591e07892	application/octet-stream
eStab_0.9/trunk/4fach/design/mr/_go_start.gif	svn:mime-type	1e86d1bc52f24f75cdba3765b30e79519a49e5dc5c0d27605048b15591e07892	application/octet-stream
eStab_0.9/trunk/4fach/design/mr/_status_blue.gif	svn:mime-type	1e86d1bc52f24f75cdba3765b30e79519a49e5dc5c0d27605048b15591e07892	application/octet-stream
eStab_0.9/trunk/4fach/design/mr/_status_green.gif	svn:mime-type	1e86d1bc52f24f75cdba3765b30e79519a49e5dc5c0d27605048b15591e07892	application/octet-stream
eStab_0.9/trunk/4fach/design/mr/_status_yellow.gif	svn:mime-type	1e86d1bc52f24f75cdba3765b30e79519a49e5dc5c0d27605048b15591e07892	application/octet-stream
eStab_0.9/trunk/4fach/design/mr/all.gif	svn:mime-type	1e86d1bc52f24f75cdba3765b30e79519a49e5dc5c0d27605048b15591e07892	application/octet-stream
eStab_0.9/trunk/4fach/design/mr/assort.gif	svn:mime-type	1e86d1bc52f24f75cdba3765b30e79519a49e5dc5c0d27605048b15591e07892	application/octet-stream
eStab_0.9/trunk/4fach/design/mr/attachment.gif	svn:mime-type	1e86d1bc52f24f75cdba3765b30e79519a49e5dc5c0d27605048b15591e07892	application/octet-stream
eStab_0.9/trunk/4fach/design/mr/cancel.gif	svn:mime-type	1e86d1bc52f24f75cdba3765b30e79519a49e5dc5c0d27605048b15591e07892	application/octet-stream
eStab_0.9/trunk/4fach/design/mr/checked.gif	svn:mime-type	1e86d1bc52f24f75cdba3765b30e79519a49e5dc5c0d27605048b15591e07892	application/octet-stream
eStab_0.9/trunk/4fach/design/mr/delete.gif	svn:mime-type	1e86d1bc52f24f75cdba3765b30e79519a49e5dc5c0d27605048b15591e07892	application/octet-stream
eStab_0.9/trunk/4fach/design/mr/edit.gif	svn:mime-type	1e86d1bc52f24f75cdba3765b30e79519a49e5dc5c0d27605048b15591e07892	application/octet-stream
eStab_0.9/trunk/4fach/design/mr/file_global.gif	svn:mime-type	1e86d1bc52f24f75cdba3765b30e79519a49e5dc5c0d27605048b15591e07892	application/octet-stream
eStab_0.9/trunk/4fach/design/mr/file_local.gif	svn:mime-type	1e86d1bc52f24f75cdba3765b30e79519a49e5dc5c0d27605048b15591e07892	application/octet-stream
eStab_0.9/trunk/4fach/design/mr/filethis.gif	svn:mime-type	1e86d1bc52f24f75cdba3765b30e79519a49e5dc5c0d27605048b15591e07892	application/octet-stream
eStab_0.9/trunk/4fach/design/mr/folder_global.gif	svn:mime-type	1e86d1bc52f24f75cdba3765b30e79519a49e5dc5c0d27605048b15591e07892	application/octet-stream
eStab_0.9/trunk/4fach/design/mr/folder_local.gif	svn:mime-type	1e86d1bc52f24f75cdba3765b30e79519a49e5dc5c0d27605048b15591e07892	application/octet-stream
eStab_0.9/trunk/4fach/design/mr/forward.gif	svn:mime-type	1e86d1bc52f24f75cdba3765b30e79519a49e5dc5c0d27605048b15591e07892	application/octet-stream
eStab_0.9/trunk/4fach/design/mr/go_back.gif	svn:mime-type	1e86d1bc52f24f75cdba3765b30e79519a49e5dc5c0d27605048b15591e07892	application/octet-stream
eStab_0.9/trunk/4fach/design/mr/go_end.gif	svn:mime-type	1e86d1bc52f24f75cdba3765b30e79519a49e5dc5c0d27605048b15591e07892	application/octet-stream
eStab_0.9/trunk/4fach/design/mr/go_forward.gif	svn:mime-type	1e86d1bc52f24f75cdba3765b30e79519a49e5dc5c0d27605048b15591e07892	application/octet-stream
eStab_0.9/trunk/4fach/design/mr/go_start.gif	svn:mime-type	1e86d1bc52f24f75cdba3765b30e79519a49e5dc5c0d27605048b15591e07892	application/octet-stream
eStab_0.9/trunk/4fach/design/mr/in.gif	svn:mime-type	1e86d1bc52f24f75cdba3765b30e79519a49e5dc5c0d27605048b15591e07892	application/octet-stream
eStab_0.9/trunk/4fach/design/mr/info.gif	svn:mime-type	1e86d1bc52f24f75cdba3765b30e79519a49e5dc5c0d27605048b15591e07892	application/octet-stream
eStab_0.9/trunk/4fach/design/mr/isread.gif	svn:mime-type	1e86d1bc52f24f75cdba3765b30e79519a49e5dc5c0d27605048b15591e07892	application/octet-stream
eStab_0.9/trunk/4fach/design/mr/logbook_entry.gif	svn:mime-type	1e86d1bc52f24f75cdba3765b30e79519a49e5dc5c0d27605048b15591e07892	application/octet-stream
eStab_0.9/trunk/4fach/design/mr/logon.gif	svn:mime-type	1e86d1bc52f24f75cdba3765b30e79519a49e5dc5c0d27605048b15591e07892	application/octet-stream
eStab_0.9/trunk/4fach/design/mr/logout.gif	svn:mime-type	1e86d1bc52f24f75cdba3765b30e79519a49e5dc5c0d27605048b15591e07892	application/octet-stream
eStab_0.9/trunk/4fach/design/mr/mail_prio_unread.gif	svn:mime-type	1e86d1bc52f24f75cdba3765b30e79519a49e5dc5c0d27605048b15591e07892	application/octet-stream
eStab_0.9/trunk/4fach/design/mr/mail_unread.gif	svn:mime-type	1e86d1bc52f24f75cdba3765b30e79519a49e5dc5c0d27605048b15591e07892	application/octet-stream
eStab_0.9/trunk/4fach/design/mr/notify_aw.wav	svn:mime-type	1e86d1bc52f24f75cdba3765b30e79519a49e5dc5c0d27605048b15591e07892	application/octet-stream
eStab_0.9/trunk/4fach/design/mr/notify_si.wav	svn:mime-type	1e86d1bc52f24f75cdba3765b30e79519a49e5dc5c0d27605048b15591e07892	application/octet-stream
eStab_0.9/trunk/4fach/design/mr/notify_stab.wav	svn:mime-type	1e86d1bc52f24f75cdba3765b30e79519a49e5dc5c0d27605048b15591e07892	application/octet-stream
eStab_0.9/trunk/4fach/design/mr/null.gif	svn:mime-type	1e86d1bc52f24f75cdba3765b30e79519a49e5dc5c0d27605048b15591e07892	application/octet-stream
eStab_0.9/trunk/4fach/design/mr/null.jpg	svn:mime-type	1e86d1bc52f24f75cdba3765b30e79519a49e5dc5c0d27605048b15591e07892	application/octet-stream
eStab_0.9/trunk/4fach/design/mr/ok.gif	svn:mime-type	1e86d1bc52f24f75cdba3765b30e79519a49e5dc5c0d27605048b15591e07892	application/octet-stream
eStab_0.9/trunk/4fach/design/mr/out.gif	svn:mime-type	1e86d1bc52f24f75cdba3765b30e79519a49e5dc5c0d27605048b15591e07892	application/octet-stream
eStab_0.9/trunk/4fach/design/mr/print.gif	svn:mime-type	1e86d1bc52f24f75cdba3765b30e79519a49e5dc5c0d27605048b15591e07892	application/octet-stream
eStab_0.9/trunk/4fach/design/mr/read.gif	svn:mime-type	1e86d1bc52f24f75cdba3765b30e79519a49e5dc5c0d27605048b15591e07892	application/octet-stream
eStab_0.9/trunk/4fach/design/mr/reply.gif	svn:mime-type	1e86d1bc52f24f75cdba3765b30e79519a49e5dc5c0d27605048b15591e07892	application/octet-stream
eStab_0.9/trunk/4fach/design/mr/second.bs	svn:mime-type	1e86d1bc52f24f75cdba3765b30e79519a49e5dc5c0d27605048b15591e07892	application/octet-stream
eStab_0.9/trunk/4fach/design/mr/send.gif	svn:mime-type	1e86d1bc52f24f75cdba3765b30e79519a49e5dc5c0d27605048b15591e07892	application/octet-stream
eStab_0.9/trunk/4fach/design/mr/status_green.gif	svn:mime-type	1e86d1bc52f24f75cdba3765b30e79519a49e5dc5c0d27605048b15591e07892	application/octet-stream
eStab_0.9/trunk/4fach/design/mr/status_red.gif	svn:mime-type	1e86d1bc52f24f75cdba3765b30e79519a49e5dc5c0d27605048b15591e07892	application/octet-stream
eStab_0.9/trunk/4fach/design/mr/status_yellow.gif	svn:mime-type	1e86d1bc52f24f75cdba3765b30e79519a49e5dc5c0d27605048b15591e07892	application/octet-stream
eStab_0.9/trunk/4fach/design/mr/task_done.gif	svn:mime-type	1e86d1bc52f24f75cdba3765b30e79519a49e5dc5c0d27605048b15591e07892	application/octet-stream
eStab_0.9/trunk/4fach/design/mr/task_due.gif	svn:mime-type	1e86d1bc52f24f75cdba3765b30e79519a49e5dc5c0d27605048b15591e07892	application/octet-stream
eStab_0.9/trunk/4fach/design/mr/timer.gif	svn:mime-type	1e86d1bc52f24f75cdba3765b30e79519a49e5dc5c0d27605048b15591e07892	application/octet-stream
eStab_0.9/trunk/4fach/design/mr/transport.gif	svn:mime-type	1e86d1bc52f24f75cdba3765b30e79519a49e5dc5c0d27605048b15591e07892	application/octet-stream
eStab_0.9/trunk/4fach/design/mr/upload.gif	svn:mime-type	1e86d1bc52f24f75cdba3765b30e79519a49e5dc5c0d27605048b15591e07892	application/octet-stream
eStab_0.9/trunk/4fach/design/mr/users.gif	svn:mime-type	1e86d1bc52f24f75cdba3765b30e79519a49e5dc5c0d27605048b15591e07892	application/octet-stream
eStab_0.9/trunk/4fach/design/mr/warning.gif	svn:mime-type	1e86d1bc52f24f75cdba3765b30e79519a49e5dc5c0d27605048b15591e07892	application/octet-stream
eStab_0.9/trunk/4fach/design/mr/write.gif	svn:mime-type	1e86d1bc52f24f75cdba3765b30e79519a49e5dc5c0d27605048b15591e07892	application/octet-stream
eStab_0.9/trunk/4fach/design/second/000.gif	svn:mime-type	1e86d1bc52f24f75cdba3765b30e79519a49e5dc5c0d27605048b15591e07892	application/octet-stream
eStab_0.9/trunk/4fach/design/second/001.jpg	svn:mime-type	1e86d1bc52f24f75cdba3765b30e79519a49e5dc5c0d27605048b15591e07892	application/octet-stream
eStab_0.9/trunk/4fach/design/second/002.jpg	svn:mime-type	1e86d1bc52f24f75cdba3765b30e79519a49e5dc5c0d27605048b15591e07892	application/octet-stream
eStab_0.9/trunk/4fach/design/second/003.jpg	svn:mime-type	1e86d1bc52f24f75cdba3765b30e79519a49e5dc5c0d27605048b15591e07892	application/octet-stream
eStab_0.9/trunk/4fach/design/second/004.jpg	svn:mime-type	1e86d1bc52f24f75cdba3765b30e79519a49e5dc5c0d27605048b15591e07892	application/octet-stream
eStab_0.9/trunk/4fach/design/second/004a.jpg	svn:mime-type	1e86d1bc52f24f75cdba3765b30e79519a49e5dc5c0d27605048b15591e07892	application/octet-stream
eStab_0.9/trunk/4fach/design/second/005.jpg	svn:mime-type	1e86d1bc52f24f75cdba3765b30e79519a49e5dc5c0d27605048b15591e07892	application/octet-stream
eStab_0.9/trunk/4fach/design/second/006.jpg	svn:mime-type	1e86d1bc52f24f75cdba3765b30e79519a49e5dc5c0d27605048b15591e07892	application/octet-stream
eStab_0.9/trunk/4fach/design/second/007.jpg	svn:mime-type	1e86d1bc52f24f75cdba3765b30e79519a49e5dc5c0d27605048b15591e07892	application/octet-stream
eStab_0.9/trunk/4fach/design/second/008.jpg	svn:mime-type	1e86d1bc52f24f75cdba3765b30e79519a49e5dc5c0d27605048b15591e07892	application/octet-stream
eStab_0.9/trunk/4fach/design/second/009.gif	svn:mime-type	1e86d1bc52f24f75cdba3765b30e79519a49e5dc5c0d27605048b15591e07892	application/octet-stream
eStab_0.9/trunk/4fach/design/second/009.jpg	svn:mime-type	1e86d1bc52f24f75cdba3765b30e79519a49e5dc5c0d27605048b15591e07892	application/octet-stream
eStab_0.9/trunk/4fach/design/second/010.jpg	svn:mime-type	1e86d1bc52f24f75cdba3765b30e79519a49e5dc5c0d27605048b15591e07892	application/octet-stream
eStab_0.9/trunk/4fach/design/second/011.jpg	svn:mime-type	1e86d1bc52f24f75cdba3765b30e79519a49e5dc5c0d27605048b15591e07892	application/octet-stream
eStab_0.9/trunk/4fach/design/second/012.jpg	svn:mime-type	1e86d1bc52f24f75cdba3765b30e79519a49e5dc5c0d27605048b15591e07892	application/octet-stream
eStab_0.9/trunk/4fach/design/second/012a.jpg	svn:mime-type	1e86d1bc52f24f75cdba3765b30e79519a49e5dc5c0d27605048b15591e07892	application/octet-stream
eStab_0.9/trunk/4fach/design/second/012b.jpg	svn:mime-type	1e86d1bc52f24f75cdba3765b30e79519a49e5dc5c0d27605048b15591e07892	application/octet-stream
eStab_0.9/trunk/4fach/design/second/013.jpg	svn:mime-type	1e86d1bc52f24f75cdba3765b30e79519a49e5dc5c0d27605048b15591e07892	application/octet-stream
eStab_0.9/trunk/4fach/design/second/014.jpg	svn:mime-type	1e86d1bc52f24f75cdba3765b30e79519a49e5dc5c0d27605048b15591e07892	application/octet-stream
eStab_0.9/trunk/4fach/design/second/015.jpg	svn:mime-type	1e86d1bc52f24f75cdba3765b30e79519a49e5dc5c0d27605048b15591e07892	application/octet-stream
eStab_0.9/trunk/4fach/design/second/016.jpg	svn:mime-type	1e86d1bc52f24f75cdba3765b30e79519a49e5dc5c0d27605048b15591e07892	application/octet-stream
eStab_0.9/trunk/4fach/design/second/017.jpg	svn:mime-type	1e86d1bc52f24f75cdba3765b30e79519a49e5dc5c0d27605048b15591e07892	application/octet-stream
eStab_0.9/trunk/4fach/design/second/018.gif	svn:mime-type	1e86d1bc52f24f75cdba3765b30e79519a49e5dc5c0d27605048b15591e07892	application/octet-stream
eStab_0.9/trunk/4fach/design/second/019.gif	svn:mime-type	1e86d1bc52f24f75cdba3765b30e79519a49e5dc5c0d27605048b15591e07892	application/octet-stream
eStab_0.9/trunk/4fach/design/second/020.png	svn:mime-type	1e86d1bc52f24f75cdba3765b30e79519a49e5dc5c0d27605048b15591e07892	application/octet-stream
eStab_0.9/trunk/4fach/design/second/021.png	svn:mime-type	1e86d1bc52f24f75cdba3765b30e79519a49e5dc5c0d27605048b15591e07892	application/octet-stream
eStab_0.9/trunk/4fach/design/second/022.png	svn:mime-type	1e86d1bc52f24f75cdba3765b30e79519a49e5dc5c0d27605048b15591e07892	application/octet-stream
eStab_0.9/trunk/4fach/design/second/023.png	svn:mime-type	1e86d1bc52f24f75cdba3765b30e79519a49e5dc5c0d27605048b15591e07892	application/octet-stream
eStab_0.9/trunk/4fach/design/second/024.jpg	svn:mime-type	1e86d1bc52f24f75cdba3765b30e79519a49e5dc5c0d27605048b15591e07892	application/octet-stream
eStab_0.9/trunk/4fach/design/second/025.gif	svn:mime-type	1e86d1bc52f24f75cdba3765b30e79519a49e5dc5c0d27605048b15591e07892	application/octet-stream
eStab_0.9/trunk/4fach/design/second/026.gif	svn:mime-type	1e86d1bc52f24f75cdba3765b30e79519a49e5dc5c0d27605048b15591e07892	application/octet-stream
eStab_0.9/trunk/4fach/design/second/027.gif	svn:mime-type	1e86d1bc52f24f75cdba3765b30e79519a49e5dc5c0d27605048b15591e07892	application/octet-stream
eStab_0.9/trunk/4fach/design/second/028.gif	svn:mime-type	1e86d1bc52f24f75cdba3765b30e79519a49e5dc5c0d27605048b15591e07892	application/octet-stream
eStab_0.9/trunk/4fach/design/second/028.jpg	svn:mime-type	1e86d1bc52f24f75cdba3765b30e79519a49e5dc5c0d27605048b15591e07892	application/octet-stream
eStab_0.9/trunk/4fach/design/second/029.gif	svn:mime-type	1e86d1bc52f24f75cdba3765b30e79519a49e5dc5c0d27605048b15591e07892	application/octet-stream
eStab_0.9/trunk/4fach/design/second/029.jpg	svn:mime-type	1e86d1bc52f24f75cdba3765b30e79519a49e5dc5c0d27605048b15591e07892	application/octet-stream
eStab_0.9/trunk/4fach/design/second/030.jpg	svn:mime-type	1e86d1bc52f24f75cdba3765b30e79519a49e5dc5c0d27605048b15591e07892	application/octet-stream
eStab_0.9/trunk/4fach/design/second/031.jpg	svn:mime-type	1e86d1bc52f24f75cdba3765b30e79519a49e5dc5c0d27605048b15591e07892	application/octet-stream
eStab_0.9/trunk/4fach/design/second/032.jpg	svn:mime-type	1e86d1bc52f24f75cdba3765b30e79519a49e5dc5c0d27605048b15591e07892	application/octet-stream
eStab_0.9/trunk/4fach/design/second/033.gif	svn:mime-type	1e86d1bc52f24f75cdba3765b30e79519a49e5dc5c0d27605048b15591e07892	application/octet-stream
eStab_0.9/trunk/4fach/design/second/033.png	svn:mime-type	1e86d1bc52f24f75cdba3765b30e79519a49e5dc5c0d27605048b15591e07892	application/octet-stream
eStab_0.9/trunk/4fach/design/second/034.gif	svn:mime-type	1e86d1bc52f24f75cdba3765b30e79519a49e5dc5c0d27605048b15591e07892	application/octet-stream
eStab_0.9/trunk/4fach/design/second/035.png	svn:mime-type	1e86d1bc52f24f75cdba3765b30e79519a49e5dc5c0d27605048b15591e07892	application/octet-stream
eStab_0.9/trunk/4fach/design/second/035a.png	svn:mime-type	1e86d1bc52f24f75cdba3765b30e79519a49e5dc5c0d27605048b15591e07892	application/octet-stream
eStab_0.9/trunk/4fach/design/second/038.jpg	svn:mime-type	1e86d1bc52f24f75cdba3765b30e79519a49e5dc5c0d27605048b15591e07892	application/octet-stream
eStab_0.9/trunk/4fach/design/second/040.jpg	svn:mime-type	1e86d1bc52f24f75cdba3765b30e79519a49e5dc5c0d27605048b15591e07892	application/octet-stream
eStab_0.9/trunk/4fach/design/second/050.gif	svn:mime-type	1e86d1bc52f24f75cdba3765b30e79519a49e5dc5c0d27605048b15591e07892	application/octet-stream
eStab_0.9/trunk/4fach/design/second/051.gif	svn:mime-type	1e86d1bc52f24f75cdba3765b30e79519a49e5dc5c0d27605048b15591e07892	application/octet-stream
eStab_0.9/trunk/4fach/design/second/060.jpg	svn:mime-type	1e86d1bc52f24f75cdba3765b30e79519a49e5dc5c0d27605048b15591e07892	application/octet-stream
eStab_0.9/trunk/4fach/design/second/060.png	svn:mime-type	1e86d1bc52f24f75cdba3765b30e79519a49e5dc5c0d27605048b15591e07892	application/octet-stream
eStab_0.9/trunk/4fach/design/second/061.png	svn:mime-type	1e86d1bc52f24f75cdba3765b30e79519a49e5dc5c0d27605048b15591e07892	application/octet-stream
eStab_0.9/trunk/4fach/design/second/101.gif	svn:mime-type	1e86d1bc52f24f75cdba3765b30e79519a49e5dc5c0d27605048b15591e07892	application/octet-stream
eStab_0.9/trunk/4fach/design/second/102.gif	svn:mime-type	1e86d1bc52f24f75cdba3765b30e79519a49e5dc5c0d27605048b15591e07892	application/octet-stream
eStab_0.9/trunk/4fach/design/second/103.gif	svn:mime-type	1e86d1bc52f24f75cdba3765b30e79519a49e5dc5c0d27605048b15591e07892	application/octet-stream
eStab_0.9/trunk/4fach/design/second/104.gif	svn:mime-type	1e86d1bc52f24f75cdba3765b30e79519a49e5dc5c0d27605048b15591e07892	application/octet-stream
eStab_0.9/trunk/4fach/design/second/110.gif	svn:mime-type	1e86d1bc52f24f75cdba3765b30e79519a49e5dc5c0d27605048b15591e07892	application/octet-stream
eStab_0.9/trunk/4fach/design/second/111.gif	svn:mime-type	1e86d1bc52f24f75cdba3765b30e79519a49e5dc5c0d27605048b15591e07892	application/octet-stream
eStab_0.9/trunk/4fach/design/second/112.png	svn:mime-type	1e86d1bc52f24f75cdba3765b30e79519a49e5dc5c0d27605048b15591e07892	application/octet-stream
eStab_0.9/trunk/4fach/design/second/113.png	svn:mime-type	1e86d1bc52f24f75cdba3765b30e79519a49e5dc5c0d27605048b15591e07892	application/octet-stream
eStab_0.9/trunk/4fach/design/second/115.gif	svn:mime-type	1e86d1bc52f24f75cdba3765b30e79519a49e5dc5c0d27605048b15591e07892	application/octet-stream
eStab_0.9/trunk/4fach/design/second/1152.ico	svn:mime-type	1e86d1bc52f24f75cdba3765b30e79519a49e5dc5c0d27605048b15591e07892	application/octet-stream
eStab_0.9/trunk/4fach/design/second/116.gif	svn:mime-type	1e86d1bc52f24f75cdba3765b30e79519a49e5dc5c0d27605048b15591e07892	application/octet-stream
eStab_0.9/trunk/4fach/design/second/116.jpg	svn:mime-type	1e86d1bc52f24f75cdba3765b30e79519a49e5dc5c0d27605048b15591e07892	application/octet-stream
eStab_0.9/trunk/4fach/design/second/117.jpg	svn:mime-type	1e86d1bc52f24f75cdba3765b30e79519a49e5dc5c0d27605048b15591e07892	application/octet-stream
eStab_0.9/trunk/4fach/design/second/118.gif	svn:mime-type	1e86d1bc52f24f75cdba3765b30e79519a49e5dc5c0d27605048b15591e07892	application/octet-stream
eStab_0.9/trunk/4fach/design/second/118.jpg	svn:mime-type	1e86d1bc52f24f75cdba3765b30e79519a49e5dc5c0d27605048b15591e07892	application/octet-stream
eStab_0.9/trunk/4fach/design/second/119.jpg	svn:mime-type	1e86d1bc52f24f75cdba3765b30e79519a49e5dc5c0d27605048b15591e07892	application/octet-stream
eStab_0.9/trunk/4fach/design/second/120.gif	svn:mime-type	1e86d1bc52f24f75cdba3765b30e79519a49e5dc5c0d27605048b15591e07892	application/octet-stream
eStab_0.9/trunk/4fach/design/second/120.jpg	svn:mime-type	1e86d1bc52f24f75cdba3765b30e79519a49e5dc5c0d27605048b15591e07892	application/octet-stream
eStab_0.9/trunk/4fach/design/second/121.jpg	svn:mime-type	1e86d1bc52f24f75cdba3765b30e79519a49e5dc5c0d27605048b15591e07892	application/octet-stream
eStab_0.9/trunk/4fach/design/second/1255.jpg	svn:mime-type	1e86d1bc52f24f75cdba3765b30e79519a49e5dc5c0d27605048b15591e07892	application/octet-stream
eStab_0.9/trunk/4fach/design/second/130.GIF	svn:mime-type	1e86d1bc52f24f75cdba3765b30e79519a49e5dc5c0d27605048b15591e07892	application/octet-stream
eStab_0.9/trunk/4fach/design/second/130.jpg	svn:mime-type	1e86d1bc52f24f75cdba3765b30e79519a49e5dc5c0d27605048b15591e07892	application/octet-stream
eStab_0.9/trunk/4fach/design/second/131.gif	svn:mime-type	1e86d1bc52f24f75cdba3765b30e79519a49e5dc5c0d27605048b15591e07892	application/octet-stream
eStab_0.9/trunk/4fach/design/second/24-book-blue-check.png	svn:mime-type	1e86d1bc52f24f75cdba3765b30e79519a49e5dc5c0d27605048b15591e07892	application/octet-stream
eStab_0.9/trunk/4fach/design/second/2ndAssort.gif	svn:mime-type	1e86d1bc52f24f75cdba3765b30e79519a49e5dc5c0d27605048b15591e07892	application/octet-stream
eStab_0.9/trunk/4fach/design/second/814.gif	svn:mime-type	1e86d1bc52f24f75cdba3765b30e79519a49e5dc5c0d27605048b15591e07892	application/octet-stream
eStab_0.9/trunk/4fach/design/second/814.ico	svn:mime-type	1e86d1bc52f24f75cdba3765b30e79519a49e5dc5c0d27605048b15591e07892	application/octet-stream
eStab_0.9/trunk/4fach/design/second/952.ico	svn:mime-type	1e86d1bc52f24f75cdba3765b30e79519a49e5dc5c0d27605048b15591e07892	application/octet-stream
eStab_0.9/trunk/4fach/design/second/A025.png	svn:mime-type	1e86d1bc52f24f75cdba3765b30e79519a49e5dc5c0d27605048b15591e07892	application/octet-stream
eStab_0.9/trunk/4fach/design/second/A026.png	svn:mime-type	1e86d1bc52f24f75cdba3765b30e79519a49e5dc5c0d27605048b15591e07892	application/octet-stream
eStab_0.9/trunk/4fach/design/second/A027.png	svn:mime-type	1e86d1bc52f24f75cdba3765b30e79519a49e5dc5c0d27605048b15591e07892	application/octet-stream
eStab_0.9/trunk/4fach/design/second/A028.gif	svn:mime-type	1e86d1bc52f24f75cdba3765b30e79519a49e5dc5c0d27605048b15591e07892	application/octet-stream
eStab_0.9/trunk/4fach/design/second/all.gif	svn:mime-type	1e86d1bc52f24f75cdba3765b30e79519a49e5dc5c0d27605048b15591e07892	application/octet-stream
eStab_0.9/trunk/4fach/design/second/assort.gif	svn:mime-type	1e86d1bc52f24f75cdba3765b30e79519a49e5dc5c0d27605048b15591e07892	application/octet-stream
eStab_0.9/trunk/4fach/design/second/attachment.gif	svn:mime-type	1e86d1bc52f24f75cdba3765b30e79519a49e5dc5c0d27605048b15591e07892	application/octet-stream
eStab_0.9/trunk/4fach/design/second/bl.png	svn:mime-type	1e86d1bc52f24f75cdba3765b30e79519a49e5dc5c0d27605048b15591e07892	application/octet-stream
eStab_0.9/trunk/4fach/design/second/cancel.gif	svn:mime-type	1e86d1bc52f24f75cdba3765b30e79519a49e5dc5c0d27605048b15591e07892	application/octet-stream
eStab_0.9/trunk/4fach/design/second/checked.gif	svn:mime-type	1e86d1bc52f24f75cdba3765b30e79519a49e5dc5c0d27605048b15591e07892	application/octet-stream
eStab_0.9/trunk/4fach/design/second/delete.gif	svn:mime-type	1e86d1bc52f24f75cdba3765b30e79519a49e5dc5c0d27605048b15591e07892	application/octet-stream
eStab_0.9/trunk/4fach/design/second/edit.gif	svn:mime-type	1e86d1bc52f24f75cdba3765b30e79519a49e5dc5c0d27605048b15591e07892	application/octet-stream
eStab_0.9/trunk/4fach/design/second/filethis.gif	svn:mime-type	1e86d1bc52f24f75cdba3765b30e79519a49e5dc5c0d27605048b15591e07892	application/octet-stream
eStab_0.9/trunk/4fach/design/second/folder_global.gif	svn:mime-type	1e86d1bc52f24f75cdba3765b30e79519a49e5dc5c0d27605048b15591e07892	application/octet-stream
eStab_0.9/trunk/4fach/design/second/folder_local.gif	svn:mime-type	1e86d1bc52f24f75cdba3765b30e79519a49e5dc5c0d27605048b15591e07892	application/octet-stream
eStab_0.9/trunk/4fach/design/second/forward.gif	svn:mime-type	1e86d1bc52f24f75cdba3765b30e79519a49e5dc5c0d27605048b15591e07892	application/octet-stream
eStab_0.9/trunk/4fach/design/second/gn.png	svn:mime-type	1e86d1bc52f24f75cdba3765b30e79519a49e5dc5c0d27605048b15591e07892	application/octet-stream
eStab_0.9/trunk/4fach/design/second/go_back.gif	svn:mime-type	1e86d1bc52f24f75cdba3765b30e79519a49e5dc5c0d27605048b15591e07892	application/octet-stream
eStab_0.9/trunk/4fach/design/second/go_end.gif	svn:mime-type	1e86d1bc52f24f75cdba3765b30e79519a49e5dc5c0d27605048b15591e07892	application/octet-stream
eStab_0.9/trunk/4fach/design/second/go_forward.gif	svn:mime-type	1e86d1bc52f24f75cdba3765b30e79519a49e5dc5c0d27605048b15591e07892	application/octet-stream
eStab_0.9/trunk/4fach/design/second/go_start.gif	svn:mime-type	1e86d1bc52f24f75cdba3765b30e79519a49e5dc5c0d27605048b15591e07892	application/octet-stream
eStab_0.9/trunk/4fach/design/second/in.gif	svn:mime-type	1e86d1bc52f24f75cdba3765b30e79519a49e5dc5c0d27605048b15591e07892	application/octet-stream
eStab_0.9/trunk/4fach/design/second/info.gif	svn:mime-type	1e86d1bc52f24f75cdba3765b30e79519a49e5dc5c0d27605048b15591e07892	application/octet-stream
eStab_0.9/trunk/4fach/design/second/isread.gif	svn:mime-type	1e86d1bc52f24f75cdba3765b30e79519a49e5dc5c0d27605048b15591e07892	application/octet-stream
eStab_0.9/trunk/4fach/design/second/logbook_entry.gif	svn:mime-type	1e86d1bc52f24f75cdba3765b30e79519a49e5dc5c0d27605048b15591e07892	application/octet-stream
eStab_0.9/trunk/4fach/design/second/logon.gif	svn:mime-type	1e86d1bc52f24f75cdba3765b30e79519a49e5dc5c0d27605048b15591e07892	application/octet-stream
eStab_0.9/trunk/4fach/design/second/logout.gif	svn:mime-type	1e86d1bc52f24f75cdba3765b30e79519a49e5dc5c0d27605048b15591e07892	application/octet-stream
eStab_0.9/trunk/4fach/design/second/mail_prio_unread.gif	svn:mime-type	1e86d1bc52f24f75cdba3765b30e79519a49e5dc5c0d27605048b15591e07892	application/octet-stream
eStab_0.9/trunk/4fach/design/second/mail_unread.gif	svn:mime-type	1e86d1bc52f24f75cdba3765b30e79519a49e5dc5c0d27605048b15591e07892	application/octet-stream
eStab_0.9/trunk/4fach/design/second/move.gif	svn:mime-type	1e86d1bc52f24f75cdba3765b30e79519a49e5dc5c0d27605048b15591e07892	application/octet-stream
eStab_0.9/trunk/4fach/design/second/null.gif	svn:mime-type	1e86d1bc52f24f75cdba3765b30e79519a49e5dc5c0d27605048b15591e07892	application/octet-stream
eStab_0.9/trunk/4fach/design/second/null.jpg	svn:mime-type	1e86d1bc52f24f75cdba3765b30e79519a49e5dc5c0d27605048b15591e07892	application/octet-stream
eStab_0.9/trunk/4fach/design/second/ok.gif	svn:mime-type	1e86d1bc52f24f75cdba3765b30e79519a49e5dc5c0d27605048b15591e07892	application/octet-stream
eStab_0.9/trunk/4fach/design/second/out.gif	svn:mime-type	1e86d1bc52f24f75cdba3765b30e79519a49e5dc5c0d27605048b15591e07892	application/octet-stream
eStab_0.9/trunk/4fach/design/second/print.gif	svn:mime-type	1e86d1bc52f24f75cdba3765b30e79519a49e5dc5c0d27605048b15591e07892	application/octet-stream
eStab_0.9/trunk/4fach/design/second/read.gif	svn:mime-type	1e86d1bc52f24f75cdba3765b30e79519a49e5dc5c0d27605048b15591e07892	application/octet-stream
eStab_0.9/trunk/4fach/design/second/reply.gif	svn:mime-type	1e86d1bc52f24f75cdba3765b30e79519a49e5dc5c0d27605048b15591e07892	application/octet-stream
eStab_0.9/trunk/4fach/design/second/second.bs	svn:mime-type	1e86d1bc52f24f75cdba3765b30e79519a49e5dc5c0d27605048b15591e07892	application/octet-stream
eStab_0.9/trunk/4fach/design/second/send.gif	svn:mime-type	1e86d1bc52f24f75cdba3765b30e79519a49e5dc5c0d27605048b15591e07892	application/octet-stream
eStab_0.9/trunk/4fach/design/second/status_green.gif	svn:mime-type	1e86d1bc52f24f75cdba3765b30e79519a49e5dc5c0d27605048b15591e07892	application/octet-stream
eStab_0.9/trunk/4fach/design/second/status_red.gif	svn:mime-type	1e86d1bc52f24f75cdba3765b30e79519a49e5dc5c0d27605048b15591e07892	application/octet-stream
eStab_0.9/trunk/4fach/design/second/status_yellow.gif	svn:mime-type	1e86d1bc52f24f75cdba3765b30e79519a49e5dc5c0d27605048b15591e07892	application/octet-stream
eStab_0.9/trunk/4fach/design/second/task_done.gif	svn:mime-type	1e86d1bc52f24f75cdba3765b30e79519a49e5dc5c0d27605048b15591e07892	application/octet-stream
eStab_0.9/trunk/4fach/design/second/task_due.gif	svn:mime-type	1e86d1bc52f24f75cdba3765b30e79519a49e5dc5c0d27605048b15591e07892	application/octet-stream
eStab_0.9/trunk/4fach/design/second/timer.gif	svn:mime-type	1e86d1bc52f24f75cdba3765b30e79519a49e5dc5c0d27605048b15591e07892	application/octet-stream
eStab_0.9/trunk/4fach/design/second/transport.gif	svn:mime-type	1e86d1bc52f24f75cdba3765b30e79519a49e5dc5c0d27605048b15591e07892	application/octet-stream
eStab_0.9/trunk/4fach/design/second/upload.gif	svn:mime-type	1e86d1bc52f24f75cdba3765b30e79519a49e5dc5c0d27605048b15591e07892	application/octet-stream
eStab_0.9/trunk/4fach/design/second/users.gif	svn:mime-type	1e86d1bc52f24f75cdba3765b30e79519a49e5dc5c0d27605048b15591e07892	application/octet-stream
eStab_0.9/trunk/4fach/design/second/vor.gif	svn:mime-type	1e86d1bc52f24f75cdba3765b30e79519a49e5dc5c0d27605048b15591e07892	application/octet-stream
eStab_0.9/trunk/4fach/design/second/warning.gif	svn:mime-type	1e86d1bc52f24f75cdba3765b30e79519a49e5dc5c0d27605048b15591e07892	application/octet-stream
eStab_0.9/trunk/4fach/design/second/write.gif	svn:mime-type	1e86d1bc52f24f75cdba3765b30e79519a49e5dc5c0d27605048b15591e07892	application/octet-stream
eStab_0.9/trunk/4fach/design/simple/001.jpg	svn:mime-type	1e86d1bc52f24f75cdba3765b30e79519a49e5dc5c0d27605048b15591e07892	application/octet-stream
eStab_0.9/trunk/4fach/design/simple/002.jpg	svn:mime-type	1e86d1bc52f24f75cdba3765b30e79519a49e5dc5c0d27605048b15591e07892	application/octet-stream
eStab_0.9/trunk/4fach/design/simple/003.jpg	svn:mime-type	1e86d1bc52f24f75cdba3765b30e79519a49e5dc5c0d27605048b15591e07892	application/octet-stream
eStab_0.9/trunk/4fach/design/simple/004.jpg	svn:mime-type	1e86d1bc52f24f75cdba3765b30e79519a49e5dc5c0d27605048b15591e07892	application/octet-stream
eStab_0.9/trunk/4fach/design/simple/004a.jpg	svn:mime-type	1e86d1bc52f24f75cdba3765b30e79519a49e5dc5c0d27605048b15591e07892	application/octet-stream
eStab_0.9/trunk/4fach/design/simple/005.jpg	svn:mime-type	1e86d1bc52f24f75cdba3765b30e79519a49e5dc5c0d27605048b15591e07892	application/octet-stream
eStab_0.9/trunk/4fach/design/simple/006.jpg	svn:mime-type	1e86d1bc52f24f75cdba3765b30e79519a49e5dc5c0d27605048b15591e07892	application/octet-stream
eStab_0.9/trunk/4fach/design/simple/007.jpg	svn:mime-type	1e86d1bc52f24f75cdba3765b30e79519a49e5dc5c0d27605048b15591e07892	application/octet-stream
eStab_0.9/trunk/4fach/design/simple/008.jpg	svn:mime-type	1e86d1bc52f24f75cdba3765b30e79519a49e5dc5c0d27605048b15591e07892	application/octet-stream
eStab_0.9/trunk/4fach/design/simple/009.jpg	svn:mime-type	1e86d1bc52f24f75cdba3765b30e79519a49e5dc5c0d27605048b15591e07892	application/octet-stream
eStab_0.9/trunk/4fach/design/simple/010.jpg	svn:mime-type	1e86d1bc52f24f75cdba3765b30e79519a49e5dc5c0d27605048b15591e07892	application/octet-stream
eStab_0.9/trunk/4fach/design/simple/011.jpg	svn:mime-type	1e86d1bc52f24f75cdba3765b30e79519a49e5dc5c0d27605048b15591e07892	application/octet-stream
eStab_0.9/trunk/4fach/design/simple/012.jpg	svn:mime-type	1e86d1bc52f24f75cdba3765b30e79519a49e5dc5c0d27605048b15591e07892	application/octet-stream
eStab_0.9/trunk/4fach/design/simple/012a.jpg	svn:mime-type	1e86d1bc52f24f75cdba3765b30e79519a49e5dc5c0d27605048b15591e07892	application/octet-stream
eStab_0.9/trunk/4fach/design/simple/012b.jpg	svn:mime-type	1e86d1bc52f24f75cdba3765b30e79519a49e5dc5c0d27605048b15591e07892	application/octet-stream
eStab_0.9/trunk/4fach/design/simple/013.jpg	svn:mime-type	1e86d1bc52f24f75cdba3765b30e79519a49e5dc5c0d27605048b15591e07892	application/octet-stream
eStab_0.9/trunk/4fach/design/simple/014.jpg	svn:mime-type	1e86d1bc52f24f75cdba3765b30e79519a49e5dc5c0d27605048b15591e07892	application/octet-stream
eStab_0.9/trunk/4fach/design/simple/015.jpg	svn:mime-type	1e86d1bc52f24f75cdba3765b30e79519a49e5dc5c0d27605048b15591e07892	application/octet-stream
eStab_0.9/trunk/4fach/design/simple/016.jpg	svn:mime-type	1e86d1bc52f24f75cdba3765b30e79519a49e5dc5c0d27605048b15591e07892	application/octet-stream
eStab_0.9/trunk/4fach/design/simple/017.jpg	svn:mime-type	1e86d1bc52f24f75cdba3765b30e79519a49e5dc5c0d27605048b15591e07892	application/octet-stream
eStab_0.9/trunk/4fach/design/simple/018.gif	svn:mime-type	1e86d1bc52f24f75cdba3765b30e79519a49e5dc5c0d27605048b15591e07892	application/octet-stream
eStab_0.9/trunk/4fach/design/simple/019.gif	svn:mime-type	1e86d1bc52f24f75cdba3765b30e79519a49e5dc5c0d27605048b15591e07892	application/octet-stream
eStab_0.9/trunk/4fach/design/simple/020.png	svn:mime-type	1e86d1bc52f24f75cdba3765b30e79519a49e5dc5c0d27605048b15591e07892	application/octet-stream
eStab_0.9/trunk/4fach/design/simple/021.png	svn:mime-type	1e86d1bc52f24f75cdba3765b30e79519a49e5dc5c0d27605048b15591e07892	application/octet-stream
eStab_0.9/trunk/4fach/design/simple/022.png	svn:mime-type	1e86d1bc52f24f75cdba3765b30e79519a49e5dc5c0d27605048b15591e07892	application/octet-stream
eStab_0.9/trunk/4fach/design/simple/023.png	svn:mime-type	1e86d1bc52f24f75cdba3765b30e79519a49e5dc5c0d27605048b15591e07892	application/octet-stream
eStab_0.9/trunk/4fach/design/simple/024.jpg	svn:mime-type	1e86d1bc52f24f75cdba3765b30e79519a49e5dc5c0d27605048b15591e07892	application/octet-stream
eStab_0.9/trunk/4fach/design/simple/025.gif	svn:mime-type	1e86d1bc52f24f75cdba3765b30e79519a49e5dc5c0d27605048b15591e07892	application/octet-stream
eStab_0.9/trunk/4fach/design/simple/026.gif	svn:mime-type	1e86d1bc52f24f75cdba3765b30e79519a49e5dc5c0d27605048b15591e07892	application/octet-stream
eStab_0.9/trunk/4fach/design/simple/027.gif	svn:mime-type	1e86d1bc52f24f75cdba3765b30e79519a49e5dc5c0d27605048b15591e07892	application/octet-stream
eStab_0.9/trunk/4fach/design/simple/028.gif	svn:mime-type	1e86d1bc52f24f75cdba3765b30e79519a49e5dc5c0d27605048b15591e07892	application/octet-stream
eStab_0.9/trunk/4fach/design/simple/028.jpg	svn:mime-type	1e86d1bc52f24f75cdba3765b30e79519a49e5dc5c0d27605048b15591e07892	application/octet-stream
eStab_0.9/trunk/4fach/design/simple/029.gif	svn:mime-type	1e86d1bc52f24f75cdba3765b30e79519a49e5dc5c0d27605048b15591e07892	application/octet-stream
eStab_0.9/trunk/4fach/design/simple/029.jpg	svn:mime-type	1e86d1bc52f24f75cdba3765b30e79519a49e5dc5c0d27605048b15591e07892	application/octet-stream
eStab_0.9/trunk/4fach/design/simple/030.jpg	svn:mime-type	1e86d1bc52f24f75cdba3765b30e79519a49e5dc5c0d27605048b15591e07892	application/octet-stream
eStab_0.9/trunk/4fach/design/simple/031.JPG	svn:mime-type	1e86d1bc52f24f75cdba3765b30e79519a49e5dc5c0d27605048b15591e07892	application/octet-stream
eStab_0.9/trunk/4fach/design/simple/035.jpg	svn:mime-type	1e86d1bc52f24f75cdba3765b30e79519a49e5dc5c0d27605048b15591e07892	application/octet-stream
eStab_0.9/trunk/4fach/design/simple/040.jpg	svn:mime-type	1e86d1bc52f24f75cdba3765b30e79519a49e5dc5c0d27605048b15591e07892	application/octet-stream
eStab_0.9/trunk/4fach/design/simple/050.gif	svn:mime-type	1e86d1bc52f24f75cdba3765b30e79519a49e5dc5c0d27605048b15591e07892	application/octet-stream
eStab_0.9/trunk/4fach/design/simple/051.gif	svn:mime-type	1e86d1bc52f24f75cdba3765b30e79519a49e5dc5c0d27605048b15591e07892	application/octet-stream
eStab_0.9/trunk/4fach/design/simple/A025.png	svn:mime-type	1e86d1bc52f24f75cdba3765b30e79519a49e5dc5c0d27605048b15591e07892	application/octet-stream
eStab_0.9/trunk/4fach/design/simple/A026.png	svn:mime-type	1e86d1bc52f24f75cdba3765b30e79519a49e5dc5c0d27605048b15591e07892	application/octet-stream
eStab_0.9/trunk/4fach/design/simple/A027.png	svn:mime-type	1e86d1bc52f24f75cdba3765b30e79519a49e5dc5c0d27605048b15591e07892	application/octet-stream
eStab_0.9/trunk/4fach/design/simple/A028.gif	svn:mime-type	1e86d1bc52f24f75cdba3765b30e79519a49e5dc5c0d27605048b15591e07892	application/octet-stream
eStab_0.9/trunk/4fach/design/simple/bl.png	svn:mime-type	1e86d1bc52f24f75cdba3765b30e79519a49e5dc5c0d27605048b15591e07892	application/octet-stream
eStab_0.9/trunk/4fach/design/simple/gn.png	svn:mime-type	1e86d1bc52f24f75cdba3765b30e79519a49e5dc5c0d27605048b15591e07892	application/octet-stream
eStab_0.9/trunk/4fach/design/simple/info.gif	svn:mime-type	1e86d1bc52f24f75cdba3765b30e79519a49e5dc5c0d27605048b15591e07892	application/octet-stream
eStab_0.9/trunk/4fach/design/simple/move.gif	svn:mime-type	1e86d1bc52f24f75cdba3765b30e79519a49e5dc5c0d27605048b15591e07892	application/octet-stream
eStab_0.9/trunk/4fach/design/simple/notify.wav	svn:mime-type	1e86d1bc52f24f75cdba3765b30e79519a49e5dc5c0d27605048b15591e07892	application/octet-stream
eStab_0.9/trunk/4fach/design/simple/null.gif	svn:mime-type	1e86d1bc52f24f75cdba3765b30e79519a49e5dc5c0d27605048b15591e07892	application/octet-stream
eStab_0.9/trunk/4fach/design/simple/null.jpg	svn:mime-type	1e86d1bc52f24f75cdba3765b30e79519a49e5dc5c0d27605048b15591e07892	application/octet-stream
eStab_0.9/trunk/4fach/design/simple/simple.bs	svn:mime-type	1e86d1bc52f24f75cdba3765b30e79519a49e5dc5c0d27605048b15591e07892	application/octet-stream
eStab_0.9/trunk/4fach/design/simple/vor.gif	svn:mime-type	1e86d1bc52f24f75cdba3765b30e79519a49e5dc5c0d27605048b15591e07892	application/octet-stream
eStab_0.9/trunk/4fach/null.gif	svn:mime-type	1e86d1bc52f24f75cdba3765b30e79519a49e5dc5c0d27605048b15591e07892	application/octet-stream
eStab_0.9/trunk/4fach/null.jpg	svn:mime-type	1e86d1bc52f24f75cdba3765b30e79519a49e5dc5c0d27605048b15591e07892	application/octet-stream
eStab_0.9/trunk/4fbak/ELHS.png	svn:mime-type	1e86d1bc52f24f75cdba3765b30e79519a49e5dc5c0d27605048b15591e07892	application/octet-stream
eStab_0.9/trunk/4fbak/Heinsberg.png	svn:mime-type	1e86d1bc52f24f75cdba3765b30e79519a49e5dc5c0d27605048b15591e07892	application/octet-stream
eStab_0.9/trunk/4fbak/fonts/Activa.ttf	svn:mime-type	1e86d1bc52f24f75cdba3765b30e79519a49e5dc5c0d27605048b15591e07892	application/octet-stream
eStab_0.9/trunk/4fbak/fonts/Alpha Beta BRK.ttf	svn:mime-type	1e86d1bc52f24f75cdba3765b30e79519a49e5dc5c0d27605048b15591e07892	application/octet-stream
eStab_0.9/trunk/4fbak/fonts/Alpha Romanie G98.ttf	svn:mime-type	1e86d1bc52f24f75cdba3765b30e79519a49e5dc5c0d27605048b15591e07892	application/octet-stream
eStab_0.9/trunk/4fbak/fonts/Garrison Cond. Sans BOLD.ttf	svn:mime-type	1e86d1bc52f24f75cdba3765b30e79519a49e5dc5c0d27605048b15591e07892	application/octet-stream
eStab_0.9/trunk/4fbak/fonts/Garrison Cond. Sans.ttf	svn:mime-type	1e86d1bc52f24f75cdba3765b30e79519a49e5dc5c0d27605048b15591e07892	application/octet-stream
eStab_0.9/trunk/4fbak/fonts/Garrison ExtraBold Sans BOLD.ttf	svn:mime-type	1e86d1bc52f24f75cdba3765b30e79519a49e5dc5c0d27605048b15591e07892	application/octet-stream
eStab_0.9/trunk/4fbak/fonts/Garrison ExtraCond. Sans.ttf	svn:mime-type	1e86d1bc52f24f75cdba3765b30e79519a49e5dc5c0d27605048b15591e07892	application/octet-stream
eStab_0.9/trunk/4fbak/fonts/Garrison Light Sans BOLD.ttf	svn:mime-type	1e86d1bc52f24f75cdba3765b30e79519a49e5dc5c0d27605048b15591e07892	application/octet-stream
eStab_0.9/trunk/4fbak/fonts/Garrison Light Sans BOLDITALIC.ttf	svn:mime-type	1e86d1bc52f24f75cdba3765b30e79519a49e5dc5c0d27605048b15591e07892	application/octet-stream
eStab_0.9/trunk/4fbak/fonts/Garrison Light Sans ITALIC.ttf	svn:mime-type	1e86d1bc52f24f75cdba3765b30e79519a49e5dc5c0d27605048b15591e07892	application/octet-stream
eStab_0.9/trunk/4fbak/fonts/Garrison Light Sans.ttf	svn:mime-type	1e86d1bc52f24f75cdba3765b30e79519a49e5dc5c0d27605048b15591e07892	application/octet-stream
eStab_0.9/trunk/4fbak/fonts/Garrison Sans BOLD.ttf	svn:mime-type	1e86d1bc52f24f75cdba3765b30e79519a49e5dc5c0d27605048b15591e07892	application/octet-stream
eStab_0.9/trunk/4fbak/fonts/Garrison Sans BOLDITALIC.ttf	svn:mime-type	1e86d1bc52f24f75cdba3765b30e79519a49e5dc5c0d27605048b15591e07892	application/octet-stream
eStab_0.9/trunk/4fbak/fonts/Garrison Sans ITALIC.ttf	svn:mime-type	1e86d1bc52f24f75cdba3765b30e79519a49e5dc5c0d27605048b15591e07892	application/octet-stream
eStab_0.9/trunk/4fbak/fonts/Garrison Sans.ttf	svn:mime-type	1e86d1bc52f24f75cdba3765b30e79519a49e5dc5c0d27605048b15591e07892	application/octet-stream
eStab_0.9/trunk/4fbak/fonts/georgia.ttf	svn:mime-type	1e86d1bc52f24f75cdba3765b30e79519a49e5dc5c0d27605048b15591e07892	application/octet-stream
eStab_0.9/trunk/4fbak/fonts/georgiab.ttf	svn:mime-type	1e86d1bc52f24f75cdba3765b30e79519a49e5dc5c0d27605048b15591e07892	application/octet-stream
eStab_0.9/trunk/4fbak/fonts/georgiai.ttf	svn:mime-type	1e86d1bc52f24f75cdba3765b30e79519a49e5dc5c0d27605048b15591e07892	application/octet-stream
eStab_0.9/trunk/4fbak/fonts/georgiaz.ttf	svn:mime-type	1e86d1bc52f24f75cdba3765b30e79519a49e5dc5c0d27605048b15591e07892	application/octet-stream
eStab_0.9/trunk/4fbak/fpdf/ex.pdf	svn:mime-type	1e86d1bc52f24f75cdba3765b30e79519a49e5dc5c0d27605048b15591e07892	application/octet-stream
eStab_0.9/trunk/4fbak/fpdf/tutorial/calligra.ttf	svn:mime-type	1e86d1bc52f24f75cdba3765b30e79519a49e5dc5c0d27605048b15591e07892	application/octet-stream
eStab_0.9/trunk/4fbak/fpdf/tutorial/calligra.z	svn:mime-type	1e86d1bc52f24f75cdba3765b30e79519a49e5dc5c0d27605048b15591e07892	application/octet-stream
eStab_0.9/trunk/4fbak/fpdf/tutorial/logo.png	svn:mime-type	1e86d1bc52f24f75cdba3765b30e79519a49e5dc5c0d27605048b15591e07892	application/octet-stream
eStab_0.9/trunk/4fbak/fpdf/tutorial/logo_pb.png	svn:mime-type	1e86d1bc52f24f75cdba3765b30e79519a49e5dc5c0d27605048b15591e07892	application/octet-stream
eStab_0.9/trunk/4fbak/logo.png	svn:mime-type	1e86d1bc52f24f75cdba3765b30e79519a49e5dc5c0d27605048b15591e07892	application/octet-stream
eStab_0.9/trunk/4fbak/thw.png	svn:mime-type	1e86d1bc52f24f75cdba3765b30e79519a49e5dc5c0d27605048b15591e07892	application/octet-stream
eStab_0.9/trunk/4fexch	bugtraq:number	b5bea41b6c623f7c09f1bf24dcae58ebab3c0cdd90ad966bc43a45b44867e12b	true
eStab_0.9/trunk/4fsym/4fach_aktiv.png	svn:mime-type	1e86d1bc52f24f75cdba3765b30e79519a49e5dc5c0d27605048b15591e07892	application/octet-stream
eStab_0.9/trunk/4fsym/4fach_inaktiv.png	svn:mime-type	1e86d1bc52f24f75cdba3765b30e79519a49e5dc5c0d27605048b15591e07892	application/octet-stream
eStab_0.9/trunk/4fsym/IuK.bmp	svn:mime-type	1e86d1bc52f24f75cdba3765b30e79519a49e5dc5c0d27605048b15591e07892	application/octet-stream
eStab_0.9/trunk/4fsym/abc_aktiv.png	svn:mime-type	1e86d1bc52f24f75cdba3765b30e79519a49e5dc5c0d27605048b15591e07892	application/octet-stream
eStab_0.9/trunk/4fsym/abc_inaktiv.png	svn:mime-type	1e86d1bc52f24f75cdba3765b30e79519a49e5dc5c0d27605048b15591e07892	application/octet-stream
eStab_0.9/trunk/4fsym/achtung.gif	svn:mime-type	1e86d1bc52f24f75cdba3765b30e79519a49e5dc5c0d27605048b15591e07892	application/octet-stream
eStab_0.9/trunk/4fsym/achtung01.gif	svn:mime-type	1e86d1bc52f24f75cdba3765b30e79519a49e5dc5c0d27605048b15591e07892	application/octet-stream
eStab_0.9/trunk/4fsym/adm_aktiv.png	svn:mime-type	1e86d1bc52f24f75cdba3765b30e79519a49e5dc5c0d27605048b15591e07892	application/octet-stream
eStab_0.9/trunk/4fsym/adm_inaktiv.png	svn:mime-type	1e86d1bc52f24f75cdba3765b30e79519a49e5dc5c0d27605048b15591e07892	application/octet-stream
eStab_0.9/trunk/4fsym/all_msg.png	svn:mime-type	1e86d1bc52f24f75cdba3765b30e79519a49e5dc5c0d27605048b15591e07892	application/octet-stream
eStab_0.9/trunk/4fsym/bhp_aktiv.png	svn:mime-type	1e86d1bc52f24f75cdba3765b30e79519a49e5dc5c0d27605048b15591e07892	application/octet-stream
eStab_0.9/trunk/4fsym/bhp_inaktiv.png	svn:mime-type	1e86d1bc52f24f75cdba3765b30e79519a49e5dc5c0d27605048b15591e07892	application/octet-stream
eStab_0.9/trunk/4fsym/br.jpg	svn:mime-type	1e86d1bc52f24f75cdba3765b30e79519a49e5dc5c0d27605048b15591e07892	application/octet-stream
eStab_0.9/trunk/4fsym/db_aktiv.png	svn:mime-type	1e86d1bc52f24f75cdba3765b30e79519a49e5dc5c0d27605048b15591e07892	application/octet-stream
eStab_0.9/trunk/4fsym/db_inaktiv.png	svn:mime-type	1e86d1bc52f24f75cdba3765b30e79519a49e5dc5c0d27605048b15591e07892	application/octet-stream
eStab_0.9/trunk/4fsym/el80.gif	svn:mime-type	1e86d1bc52f24f75cdba3765b30e79519a49e5dc5c0d27605048b15591e07892	application/octet-stream
eStab_0.9/trunk/4fsym/el80.jpg	svn:mime-type	1e86d1bc52f24f75cdba3765b30e79519a49e5dc5c0d27605048b15591e07892	application/octet-stream
eStab_0.9/trunk/4fsym/el8001.jpg	svn:mime-type	1e86d1bc52f24f75cdba3765b30e79519a49e5dc5c0d27605048b15591e07892	application/octet-stream
eStab_0.9/trunk/4fsym/etb_aktiv.png	svn:mime-type	1e86d1bc52f24f75cdba3765b30e79519a49e5dc5c0d27605048b15591e07892	application/octet-stream
eStab_0.9/trunk/4fsym/etb_inaktiv.png	svn:mime-type	1e86d1bc52f24f75cdba3765b30e79519a49e5dc5c0d27605048b15591e07892	application/octet-stream
eStab_0.9/trunk/4fsym/famfamfam_silk_icons_v013	bugtraq:number	b5bea41b6c623f7c09f1bf24dcae58ebab3c0cdd90ad966bc43a45b44867e12b	true
eStab_0.9/trunk/4fsym/famfamfam_silk_icons_v013.zip	svn:mime-type	1e86d1bc52f24f75cdba3765b30e79519a49e5dc5c0d27605048b15591e07892	application/octet-stream
eStab_0.9/trunk/4fsym/famfamfam_silk_icons_v013/icons	bugtraq:number	b5bea41b6c623f7c09f1bf24dcae58ebab3c0cdd90ad966bc43a45b44867e12b	true
eStab_0.9/trunk/4fsym/famfamfam_silk_icons_v013/icons/accept.png	svn:mime-type	1e86d1bc52f24f75cdba3765b30e79519a49e5dc5c0d27605048b15591e07892	application/octet-stream
eStab_0.9/trunk/4fsym/famfamfam_silk_icons_v013/icons/add.png	svn:mime-type	1e86d1bc52f24f75cdba3765b30e79519a49e5dc5c0d27605048b15591e07892	application/octet-stream
eStab_0.9/trunk/4fsym/famfamfam_silk_icons_v013/icons/anchor.png	svn:mime-type	1e86d1bc52f24f75cdba3765b30e79519a49e5dc5c0d27605048b15591e07892	application/octet-stream
eStab_0.9/trunk/4fsym/famfamfam_silk_icons_v013/icons/application.png	svn:mime-type	1e86d1bc52f24f75cdba3765b30e79519a49e5dc5c0d27605048b15591e07892	application/octet-stream
eStab_0.9/trunk/4fsym/famfamfam_silk_icons_v013/icons/application_add.png	svn:mime-type	1e86d1bc52f24f75cdba3765b30e79519a49e5dc5c0d27605048b15591e07892	application/octet-stream
eStab_0.9/trunk/4fsym/famfamfam_silk_icons_v013/icons/application_cascade.png	svn:mime-type	1e86d1bc52f24f75cdba3765b30e79519a49e5dc5c0d27605048b15591e07892	application/octet-stream
eStab_0.9/trunk/4fsym/famfamfam_silk_icons_v013/icons/application_delete.png	svn:mime-type	1e86d1bc52f24f75cdba3765b30e79519a49e5dc5c0d27605048b15591e07892	application/octet-stream
eStab_0.9/trunk/4fsym/famfamfam_silk_icons_v013/icons/application_double.png	svn:mime-type	1e86d1bc52f24f75cdba3765b30e79519a49e5dc5c0d27605048b15591e07892	application/octet-stream
eStab_0.9/trunk/4fsym/famfamfam_silk_icons_v013/icons/application_edit.png	svn:mime-type	1e86d1bc52f24f75cdba3765b30e79519a49e5dc5c0d27605048b15591e07892	application/octet-stream
eStab_0.9/trunk/4fsym/famfamfam_silk_icons_v013/icons/application_error.png	svn:mime-type	1e86d1bc52f24f75cdba3765b30e79519a49e5dc5c0d27605048b15591e07892	application/octet-stream
eStab_0.9/trunk/4fsym/famfamfam_silk_icons_v013/icons/application_form.png	svn:mime-type	1e86d1bc52f24f75cdba3765b30e79519a49e5dc5c0d27605048b15591e07892	application/octet-stream
eStab_0.9/trunk/4fsym/famfamfam_silk_icons_v013/icons/application_form_add.png	svn:mime-type	1e86d1bc52f24f75cdba3765b30e79519a49e5dc5c0d27605048b15591e07892	application/octet-stream
eStab_0.9/trunk/4fsym/famfamfam_silk_icons_v013/icons/application_form_delete.png	svn:mime-type	1e86d1bc52f24f75cdba3765b30e79519a49e5dc5c0d27605048b15591e07892	application/octet-stream
eStab_0.9/trunk/4fsym/famfamfam_silk_icons_v013/icons/application_form_edit.png	svn:mime-type	1e86d1bc52f24f75cdba3765b30e79519a49e5dc5c0d27605048b15591e07892	application/octet-stream
eStab_0.9/trunk/4fsym/famfamfam_silk_icons_v013/icons/application_form_magnify.png	svn:mime-type	1e86d1bc52f24f75cdba3765b30e79519a49e5dc5c0d27605048b15591e07892	application/octet-stream
eStab_0.9/trunk/4fsym/famfamfam_silk_icons_v013/icons/application_get.png	svn:mime-type	1e86d1bc52f24f75cdba3765b30e79519a49e5dc5c0d27605048b15591e07892	application/octet-stream
eStab_0.9/trunk/4fsym/famfamfam_silk_icons_v013/icons/application_go.png	svn:mime-type	1e86d1bc52f24f75cdba3765b30e79519a49e5dc5c0d27605048b15591e07892	application/octet-stream
eStab_0.9/trunk/4fsym/famfamfam_silk_icons_v013/icons/application_home.png	svn:mime-type	1e86d1bc52f24f75cdba3765b30e79519a49e5dc5c0d27605048b15591e07892	application/octet-stream
eStab_0.9/trunk/4fsym/famfamfam_silk_icons_v013/icons/application_key.png	svn:mime-type	1e86d1bc52f24f75cdba3765b30e79519a49e5dc5c0d27605048b15591e07892	application/octet-stream
eStab_0.9/trunk/4fsym/famfamfam_silk_icons_v013/icons/application_lightning.png	svn:mime-type	1e86d1bc52f24f75cdba3765b30e79519a49e5dc5c0d27605048b15591e07892	application/octet-stream
eStab_0.9/trunk/4fsym/famfamfam_silk_icons_v013/icons/application_link.png	svn:mime-type	1e86d1bc52f24f75cdba3765b30e79519a49e5dc5c0d27605048b15591e07892	application/octet-stream
eStab_0.9/trunk/4fsym/famfamfam_silk_icons_v013/icons/application_osx.png	svn:mime-type	1e86d1bc52f24f75cdba3765b30e79519a49e5dc5c0d27605048b15591e07892	application/octet-stream
eStab_0.9/trunk/4fsym/famfamfam_silk_icons_v013/icons/application_osx_terminal.png	svn:mime-type	1e86d1bc52f24f75cdba3765b30e79519a49e5dc5c0d27605048b15591e07892	application/octet-stream
eStab_0.9/trunk/4fsym/famfamfam_silk_icons_v013/icons/application_put.png	svn:mime-type	1e86d1bc52f24f75cdba3765b30e79519a49e5dc5c0d27605048b15591e07892	application/octet-stream
eStab_0.9/trunk/4fsym/famfamfam_silk_icons_v013/icons/application_side_boxes.png	svn:mime-type	1e86d1bc52f24f75cdba3765b30e79519a49e5dc5c0d27605048b15591e07892	application/octet-stream
eStab_0.9/trunk/4fsym/famfamfam_silk_icons_v013/icons/application_side_contract.png	svn:mime-type	1e86d1bc52f24f75cdba3765b30e79519a49e5dc5c0d27605048b15591e07892	application/octet-stream
eStab_0.9/trunk/4fsym/famfamfam_silk_icons_v013/icons/application_side_expand.png	svn:mime-type	1e86d1bc52f24f75cdba3765b30e79519a49e5dc5c0d27605048b15591e07892	application/octet-stream
eStab_0.9/trunk/4fsym/famfamfam_silk_icons_v013/icons/application_side_list.png	svn:mime-type	1e86d1bc52f24f75cdba3765b30e79519a49e5dc5c0d27605048b15591e07892	application/octet-stream
eStab_0.9/trunk/4fsym/famfamfam_silk_icons_v013/icons/application_side_tree.png	svn:mime-type	1e86d1bc52f24f75cdba3765b30e79519a49e5dc5c0d27605048b15591e07892	application/octet-stream
eStab_0.9/trunk/4fsym/famfamfam_silk_icons_v013/icons/application_split.png	svn:mime-type	1e86d1bc52f24f75cdba3765b30e79519a49e5dc5c0d27605048b15591e07892	application/octet-stream
eStab_0.9/trunk/4fsym/famfamfam_silk_icons_v013/icons/application_tile_horizontal.png	svn:mime-type	1e86d1bc52f24f75cdba3765b30e79519a49e5dc5c0d27605048b15591e07892	application/octet-stream
eStab_0.9/trunk/4fsym/famfamfam_silk_icons_v013/icons/application_tile_vertical.png	svn:mime-type	1e86d1bc52f24f75cdba3765b30e79519a49e5dc5c0d27605048b15591e07892	application/octet-stream
eStab_0.9/trunk/4fsym/famfamfam_silk_icons_v013/icons/application_view_columns.png	svn:mime-type	1e86d1bc52f24f75cdba3765b30e79519a49e5dc5c0d27605048b15591e07892	application/octet-stream
eStab_0.9/trunk/4fsym/famfamfam_silk_icons_v013/icons/application_view_detail.png	svn:mime-type	1e86d1bc52f24f75cdba3765b30e79519a49e5dc5c0d27605048b15591e07892	application/octet-stream
eStab_0.9/trunk/4fsym/famfamfam_silk_icons_v013/icons/application_view_gallery.png	svn:mime-type	1e86d1bc52f24f75cdba3765b30e79519a49e5dc5c0d27605048b15591e07892	application/octet-stream
eStab_0.9/trunk/4fsym/famfamfam_silk_icons_v013/icons/application_view_icons.png	svn:mime-type	1e86d1bc52f24f75cdba3765b30e79519a49e5dc5c0d27605048b15591e07892	application/octet-stream
eStab_0.9/trunk/4fsym/famfamfam_silk_icons_v013/icons/application_view_list.png	svn:mime-type	1e86d1bc52f24f75cdba3765b30e79519a49e5dc5c0d27605048b15591e07892	application/octet-stream
eStab_0.9/trunk/4fsym/famfamfam_silk_icons_v013/icons/application_view_tile.png	svn:mime-type	1e86d1bc52f24f75cdba3765b30e79519a49e5dc5c0d27605048b15591e07892	application/octet-stream
eStab_0.9/trunk/4fsym/famfamfam_silk_icons_v013/icons/application_xp.png	svn:mime-type	1e86d1bc52f24f75cdba3765b30e79519a49e5dc5c0d27605048b15591e07892	application/octet-stream
eStab_0.9/trunk/4fsym/famfamfam_silk_icons_v013/icons/application_xp_terminal.png	svn:mime-type	1e86d1bc52f24f75cdba3765b30e79519a49e5dc5c0d27605048b15591e07892	application/octet-stream
eStab_0.9/trunk/4fsym/famfamfam_silk_icons_v013/icons/arrow_branch.png	svn:mime-type	1e86d1bc52f24f75cdba3765b30e79519a49e5dc5c0d27605048b15591e07892	application/octet-stream
eStab_0.9/trunk/4fsym/famfamfam_silk_icons_v013/icons/arrow_divide.png	svn:mime-type	1e86d1bc52f24f75cdba3765b30e79519a49e5dc5c0d27605048b15591e07892	application/octet-stream
eStab_0.9/trunk/4fsym/famfamfam_silk_icons_v013/icons/arrow_down.png	svn:mime-type	1e86d1bc52f24f75cdba3765b30e79519a49e5dc5c0d27605048b15591e07892	application/octet-stream
eStab_0.9/trunk/4fsym/famfamfam_silk_icons_v013/icons/arrow_in.png	svn:mime-type	1e86d1bc52f24f75cdba3765b30e79519a49e5dc5c0d27605048b15591e07892	application/octet-stream
eStab_0.9/trunk/4fsym/famfamfam_silk_icons_v013/icons/arrow_inout.png	svn:mime-type	1e86d1bc52f24f75cdba3765b30e79519a49e5dc5c0d27605048b15591e07892	application/octet-stream
eStab_0.9/trunk/4fsym/famfamfam_silk_icons_v013/icons/arrow_join.png	svn:mime-type	1e86d1bc52f24f75cdba3765b30e79519a49e5dc5c0d27605048b15591e07892	application/octet-stream
eStab_0.9/trunk/4fsym/famfamfam_silk_icons_v013/icons/arrow_left.png	svn:mime-type	1e86d1bc52f24f75cdba3765b30e79519a49e5dc5c0d27605048b15591e07892	application/octet-stream
eStab_0.9/trunk/4fsym/famfamfam_silk_icons_v013/icons/arrow_merge.png	svn:mime-type	1e86d1bc52f24f75cdba3765b30e79519a49e5dc5c0d27605048b15591e07892	application/octet-stream
eStab_0.9/trunk/4fsym/famfamfam_silk_icons_v013/icons/arrow_out.png	svn:mime-type	1e86d1bc52f24f75cdba3765b30e79519a49e5dc5c0d27605048b15591e07892	application/octet-stream
eStab_0.9/trunk/4fsym/famfamfam_silk_icons_v013/icons/arrow_redo.png	svn:mime-type	1e86d1bc52f24f75cdba3765b30e79519a49e5dc5c0d27605048b15591e07892	application/octet-stream
eStab_0.9/trunk/4fsym/famfamfam_silk_icons_v013/icons/arrow_refresh.png	svn:mime-type	1e86d1bc52f24f75cdba3765b30e79519a49e5dc5c0d27605048b15591e07892	application/octet-stream
eStab_0.9/trunk/4fsym/famfamfam_silk_icons_v013/icons/arrow_refresh_small.png	svn:mime-type	1e86d1bc52f24f75cdba3765b30e79519a49e5dc5c0d27605048b15591e07892	application/octet-stream
eStab_0.9/trunk/4fsym/famfamfam_silk_icons_v013/icons/arrow_right.png	svn:mime-type	1e86d1bc52f24f75cdba3765b30e79519a49e5dc5c0d27605048b15591e07892	application/octet-stream
eStab_0.9/trunk/4fsym/famfamfam_silk_icons_v013/icons/arrow_rotate_anticlockwise.png	svn:mime-type	1e86d1bc52f24f75cdba3765b30e79519a49e5dc5c0d27605048b15591e07892	application/octet-stream
eStab_0.9/trunk/4fsym/famfamfam_silk_icons_v013/icons/arrow_rotate_clockwise.png	svn:mime-type	1e86d1bc52f24f75cdba3765b30e79519a49e5dc5c0d27605048b15591e07892	application/octet-stream
eStab_0.9/trunk/4fsym/famfamfam_silk_icons_v013/icons/arrow_switch.png	svn:mime-type	1e86d1bc52f24f75cdba3765b30e79519a49e5dc5c0d27605048b15591e07892	application/octet-stream
eStab_0.9/trunk/4fsym/famfamfam_silk_icons_v013/icons/arrow_turn_left.png	svn:mime-type	1e86d1bc52f24f75cdba3765b30e79519a49e5dc5c0d27605048b15591e07892	application/octet-stream
eStab_0.9/trunk/4fsym/famfamfam_silk_icons_v013/icons/arrow_turn_right.png	svn:mime-type	1e86d1bc52f24f75cdba3765b30e79519a49e5dc5c0d27605048b15591e07892	application/octet-stream
eStab_0.9/trunk/4fsym/famfamfam_silk_icons_v013/icons/arrow_undo.png	svn:mime-type	1e86d1bc52f24f75cdba3765b30e79519a49e5dc5c0d27605048b15591e07892	application/octet-stream
eStab_0.9/trunk/4fsym/famfamfam_silk_icons_v013/icons/arrow_up.png	svn:mime-type	1e86d1bc52f24f75cdba3765b30e79519a49e5dc5c0d27605048b15591e07892	application/octet-stream
eStab_0.9/trunk/4fsym/famfamfam_silk_icons_v013/icons/asterisk_orange.png	svn:mime-type	1e86d1bc52f24f75cdba3765b30e79519a49e5dc5c0d27605048b15591e07892	application/octet-stream
eStab_0.9/trunk/4fsym/famfamfam_silk_icons_v013/icons/asterisk_yellow.png	svn:mime-type	1e86d1bc52f24f75cdba3765b30e79519a49e5dc5c0d27605048b15591e07892	application/octet-stream
eStab_0.9/trunk/4fsym/famfamfam_silk_icons_v013/icons/attach.png	svn:mime-type	1e86d1bc52f24f75cdba3765b30e79519a49e5dc5c0d27605048b15591e07892	application/octet-stream
eStab_0.9/trunk/4fsym/famfamfam_silk_icons_v013/icons/award_star_add.png	svn:mime-type	1e86d1bc52f24f75cdba3765b30e79519a49e5dc5c0d27605048b15591e07892	application/octet-stream
eStab_0.9/trunk/4fsym/famfamfam_silk_icons_v013/icons/award_star_bronze_1.png	svn:mime-type	1e86d1bc52f24f75cdba3765b30e79519a49e5dc5c0d27605048b15591e07892	application/octet-stream
eStab_0.9/trunk/4fsym/famfamfam_silk_icons_v013/icons/award_star_bronze_2.png	svn:mime-type	1e86d1bc52f24f75cdba3765b30e79519a49e5dc5c0d27605048b15591e07892	application/octet-stream
eStab_0.9/trunk/4fsym/famfamfam_silk_icons_v013/icons/award_star_bronze_3.png	svn:mime-type	1e86d1bc52f24f75cdba3765b30e79519a49e5dc5c0d27605048b15591e07892	application/octet-stream
eStab_0.9/trunk/4fsym/famfamfam_silk_icons_v013/icons/award_star_delete.png	svn:mime-type	1e86d1bc52f24f75cdba3765b30e79519a49e5dc5c0d27605048b15591e07892	application/octet-stream
eStab_0.9/trunk/4fsym/famfamfam_silk_icons_v013/icons/award_star_gold_1.png	svn:mime-type	1e86d1bc52f24f75cdba3765b30e79519a49e5dc5c0d27605048b15591e07892	application/octet-stream
eStab_0.9/trunk/4fsym/famfamfam_silk_icons_v013/icons/award_star_gold_2.png	svn:mime-type	1e86d1bc52f24f75cdba3765b30e79519a49e5dc5c0d27605048b15591e07892	application/octet-stream
eStab_0.9/trunk/4fsym/famfamfam_silk_icons_v013/icons/award_star_gold_3.png	svn:mime-type	1e86d1bc52f24f75cdba3765b30e79519a49e5dc5c0d27605048b15591e07892	application/octet-stream
eStab_0.9/trunk/4fsym/famfamfam_silk_icons_v013/icons/award_star_silver_1.png	svn:mime-type	1e86d1bc52f24f75cdba3765b30e79519a49e5dc5c0d27605048b15591e07892	application/octet-stream
eStab_0.9/trunk/4fsym/famfamfam_silk_icons_v013/icons/award_star_silver_2.png	svn:mime-type	1e86d1bc52f24f75cdba3765b30e79519a49e5dc5c0d27605048b15591e07892	application/octet-stream
eStab_0.9/trunk/4fsym/famfamfam_silk_icons_v013/icons/award_star_silver_3.png	svn:mime-type	1e86d1bc52f24f75cdba3765b30e79519a49e5dc5c0d27605048b15591e07892	application/octet-stream
eStab_0.9/trunk/4fsym/famfamfam_silk_icons_v013/icons/basket.png	svn:mime-type	1e86d1bc52f24f75cdba3765b30e79519a49e5dc5c0d27605048b15591e07892	application/octet-stream
eStab_0.9/trunk/4fsym/famfamfam_silk_icons_v013/icons/basket_add.png	svn:mime-type	1e86d1bc52f24f75cdba3765b30e79519a49e5dc5c0d27605048b15591e07892	application/octet-stream
eStab_0.9/trunk/4fsym/famfamfam_silk_icons_v013/icons/basket_delete.png	svn:mime-type	1e86d1bc52f24f75cdba3765b30e79519a49e5dc5c0d27605048b15591e07892	application/octet-stream
eStab_0.9/trunk/4fsym/famfamfam_silk_icons_v013/icons/basket_edit.png	svn:mime-type	1e86d1bc52f24f75cdba3765b30e79519a49e5dc5c0d27605048b15591e07892	application/octet-stream
eStab_0.9/trunk/4fsym/famfamfam_silk_icons_v013/icons/basket_error.png	svn:mime-type	1e86d1bc52f24f75cdba3765b30e79519a49e5dc5c0d27605048b15591e07892	application/octet-stream
eStab_0.9/trunk/4fsym/famfamfam_silk_icons_v013/icons/basket_go.png	svn:mime-type	1e86d1bc52f24f75cdba3765b30e79519a49e5dc5c0d27605048b15591e07892	application/octet-stream
eStab_0.9/trunk/4fsym/famfamfam_silk_icons_v013/icons/basket_put.png	svn:mime-type	1e86d1bc52f24f75cdba3765b30e79519a49e5dc5c0d27605048b15591e07892	application/octet-stream
eStab_0.9/trunk/4fsym/famfamfam_silk_icons_v013/icons/basket_remove.png	svn:mime-type	1e86d1bc52f24f75cdba3765b30e79519a49e5dc5c0d27605048b15591e07892	application/octet-stream
eStab_0.9/trunk/4fsym/famfamfam_silk_icons_v013/icons/bell.png	svn:mime-type	1e86d1bc52f24f75cdba3765b30e79519a49e5dc5c0d27605048b15591e07892	application/octet-stream
eStab_0.9/trunk/4fsym/famfamfam_silk_icons_v013/icons/bell_add.png	svn:mime-type	1e86d1bc52f24f75cdba3765b30e79519a49e5dc5c0d27605048b15591e07892	application/octet-stream
eStab_0.9/trunk/4fsym/famfamfam_silk_icons_v013/icons/bell_delete.png	svn:mime-type	1e86d1bc52f24f75cdba3765b30e79519a49e5dc5c0d27605048b15591e07892	application/octet-stream
eStab_0.9/trunk/4fsym/famfamfam_silk_icons_v013/icons/bell_error.png	svn:mime-type	1e86d1bc52f24f75cdba3765b30e79519a49e5dc5c0d27605048b15591e07892	application/octet-stream
eStab_0.9/trunk/4fsym/famfamfam_silk_icons_v013/icons/bell_go.png	svn:mime-type	1e86d1bc52f24f75cdba3765b30e79519a49e5dc5c0d27605048b15591e07892	application/octet-stream
eStab_0.9/trunk/4fsym/famfamfam_silk_icons_v013/icons/bell_link.png	svn:mime-type	1e86d1bc52f24f75cdba3765b30e79519a49e5dc5c0d27605048b15591e07892	application/octet-stream
eStab_0.9/trunk/4fsym/famfamfam_silk_icons_v013/icons/bin.png	svn:mime-type	1e86d1bc52f24f75cdba3765b30e79519a49e5dc5c0d27605048b15591e07892	application/octet-stream
eStab_0.9/trunk/4fsym/famfamfam_silk_icons_v013/icons/bin_closed.png	svn:mime-type	1e86d1bc52f24f75cdba3765b30e79519a49e5dc5c0d27605048b15591e07892	application/octet-stream
eStab_0.9/trunk/4fsym/famfamfam_silk_icons_v013/icons/bin_empty.png	svn:mime-type	1e86d1bc52f24f75cdba3765b30e79519a49e5dc5c0d27605048b15591e07892	application/octet-stream
eStab_0.9/trunk/4fsym/famfamfam_silk_icons_v013/icons/bomb.png	svn:mime-type	1e86d1bc52f24f75cdba3765b30e79519a49e5dc5c0d27605048b15591e07892	application/octet-stream
eStab_0.9/trunk/4fsym/famfamfam_silk_icons_v013/icons/book.png	svn:mime-type	1e86d1bc52f24f75cdba3765b30e79519a49e5dc5c0d27605048b15591e07892	application/octet-stream
eStab_0.9/trunk/4fsym/famfamfam_silk_icons_v013/icons/book_add.png	svn:mime-type	1e86d1bc52f24f75cdba3765b30e79519a49e5dc5c0d27605048b15591e07892	application/octet-stream
eStab_0.9/trunk/4fsym/famfamfam_silk_icons_v013/icons/book_addresses.png	svn:mime-type	1e86d1bc52f24f75cdba3765b30e79519a49e5dc5c0d27605048b15591e07892	application/octet-stream
eStab_0.9/trunk/4fsym/famfamfam_silk_icons_v013/icons/book_delete.png	svn:mime-type	1e86d1bc52f24f75cdba3765b30e79519a49e5dc5c0d27605048b15591e07892	application/octet-stream
eStab_0.9/trunk/4fsym/famfamfam_silk_icons_v013/icons/book_edit.png	svn:mime-type	1e86d1bc52f24f75cdba3765b30e79519a49e5dc5c0d27605048b15591e07892	application/octet-stream
eStab_0.9/trunk/4fsym/famfamfam_silk_icons_v013/icons/book_error.png	svn:mime-type	1e86d1bc52f24f75cdba3765b30e79519a49e5dc5c0d27605048b15591e07892	application/octet-stream
eStab_0.9/trunk/4fsym/famfamfam_silk_icons_v013/icons/book_go.png	svn:mime-type	1e86d1bc52f24f75cdba3765b30e79519a49e5dc5c0d27605048b15591e07892	application/octet-stream
eStab_0.9/trunk/4fsym/famfamfam_silk_icons_v013/icons/book_key.png	svn:mime-type	1e86d1bc52f24f75cdba3765b30e79519a49e5dc5c0d27605048b15591e07892	application/octet-stream
eStab_0.9/trunk/4fsym/famfamfam_silk_icons_v013/icons/book_link.png	svn:mime-type	1e86d1bc52f24f75cdba3765b30e79519a49e5dc5c0d27605048b15591e07892	application/octet-stream
eStab_0.9/trunk/4fsym/famfamfam_silk_icons_v013/icons/book_next.png	svn:mime-type	1e86d1bc52f24f75cdba3765b30e79519a49e5dc5c0d27605048b15591e07892	application/octet-stream
eStab_0.9/trunk/4fsym/famfamfam_silk_icons_v013/icons/book_open.png	svn:mime-type	1e86d1bc52f24f75cdba3765b30e79519a49e5dc5c0d27605048b15591e07892	application/octet-stream
eStab_0.9/trunk/4fsym/famfamfam_silk_icons_v013/icons/book_previous.png	svn:mime-type	1e86d1bc52f24f75cdba3765b30e79519a49e5dc5c0d27605048b15591e07892	application/octet-stream
eStab_0.9/trunk/4fsym/famfamfam_silk_icons_v013/icons/box.png	svn:mime-type	1e86d1bc52f24f75cdba3765b30e79519a49e5dc5c0d27605048b15591e07892	application/octet-stream
eStab_0.9/trunk/4fsym/famfamfam_silk_icons_v013/icons/brick.png	svn:mime-type	1e86d1bc52f24f75cdba3765b30e79519a49e5dc5c0d27605048b15591e07892	application/octet-stream
eStab_0.9/trunk/4fsym/famfamfam_silk_icons_v013/icons/brick_add.png	svn:mime-type	1e86d1bc52f24f75cdba3765b30e79519a49e5dc5c0d27605048b15591e07892	application/octet-stream
eStab_0.9/trunk/4fsym/famfamfam_silk_icons_v013/icons/brick_delete.png	svn:mime-type	1e86d1bc52f24f75cdba3765b30e79519a49e5dc5c0d27605048b15591e07892	application/octet-stream
eStab_0.9/trunk/4fsym/famfamfam_silk_icons_v013/icons/brick_edit.png	svn:mime-type	1e86d1bc52f24f75cdba3765b30e79519a49e5dc5c0d27605048b15591e07892	application/octet-stream
eStab_0.9/trunk/4fsym/famfamfam_silk_icons_v013/icons/brick_error.png	svn:mime-type	1e86d1bc52f24f75cdba3765b30e79519a49e5dc5c0d27605048b15591e07892	application/octet-stream
eStab_0.9/trunk/4fsym/famfamfam_silk_icons_v013/icons/brick_go.png	svn:mime-type	1e86d1bc52f24f75cdba3765b30e79519a49e5dc5c0d27605048b15591e07892	application/octet-stream
eStab_0.9/trunk/4fsym/famfamfam_silk_icons_v013/icons/brick_link.png	svn:mime-type	1e86d1bc52f24f75cdba3765b30e79519a49e5dc5c0d27605048b15591e07892	application/octet-stream
eStab_0.9/trunk/4fsym/famfamfam_silk_icons_v013/icons/bricks.png	svn:mime-type	1e86d1bc52f24f75cdba3765b30e79519a49e5dc5c0d27605048b15591e07892	application/octet-stream
eStab_0.9/trunk/4fsym/famfamfam_silk_icons_v013/icons/briefcase.png	svn:mime-type	1e86d1bc52f24f75cdba3765b30e79519a49e5dc5c0d27605048b15591e07892	application/octet-stream
eStab_0.9/trunk/4fsym/famfamfam_silk_icons_v013/icons/bug.png	svn:mime-type	1e86d1bc52f24f75cdba3765b30e79519a49e5dc5c0d27605048b15591e07892	application/octet-stream
eStab_0.9/trunk/4fsym/famfamfam_silk_icons_v013/icons/bug_add.png	svn:mime-type	1e86d1bc52f24f75cdba3765b30e79519a49e5dc5c0d27605048b15591e07892	application/octet-stream
eStab_0.9/trunk/4fsym/famfamfam_silk_icons_v013/icons/bug_delete.png	svn:mime-type	1e86d1bc52f24f75cdba3765b30e79519a49e5dc5c0d27605048b15591e07892	application/octet-stream
eStab_0.9/trunk/4fsym/famfamfam_silk_icons_v013/icons/bug_edit.png	svn:mime-type	1e86d1bc52f24f75cdba3765b30e79519a49e5dc5c0d27605048b15591e07892	application/octet-stream
eStab_0.9/trunk/4fsym/famfamfam_silk_icons_v013/icons/bug_error.png	svn:mime-type	1e86d1bc52f24f75cdba3765b30e79519a49e5dc5c0d27605048b15591e07892	application/octet-stream
eStab_0.9/trunk/4fsym/famfamfam_silk_icons_v013/icons/bug_go.png	svn:mime-type	1e86d1bc52f24f75cdba3765b30e79519a49e5dc5c0d27605048b15591e07892	application/octet-stream
eStab_0.9/trunk/4fsym/famfamfam_silk_icons_v013/icons/bug_link.png	svn:mime-type	1e86d1bc52f24f75cdba3765b30e79519a49e5dc5c0d27605048b15591e07892	application/octet-stream
eStab_0.9/trunk/4fsym/famfamfam_silk_icons_v013/icons/building.png	svn:mime-type	1e86d1bc52f24f75cdba3765b30e79519a49e5dc5c0d27605048b15591e07892	application/octet-stream
eStab_0.9/trunk/4fsym/famfamfam_silk_icons_v013/icons/building_add.png	svn:mime-type	1e86d1bc52f24f75cdba3765b30e79519a49e5dc5c0d27605048b15591e07892	application/octet-stream
eStab_0.9/trunk/4fsym/famfamfam_silk_icons_v013/icons/building_delete.png	svn:mime-type	1e86d1bc52f24f75cdba3765b30e79519a49e5dc5c0d27605048b15591e07892	application/octet-stream
eStab_0.9/trunk/4fsym/famfamfam_silk_icons_v013/icons/building_edit.png	svn:mime-type	1e86d1bc52f24f75cdba3765b30e79519a49e5dc5c0d27605048b15591e07892	application/octet-stream
eStab_0.9/trunk/4fsym/famfamfam_silk_icons_v013/icons/building_error.png	svn:mime-type	1e86d1bc52f24f75cdba3765b30e79519a49e5dc5c0d27605048b15591e07892	application/octet-stream
eStab_0.9/trunk/4fsym/famfamfam_silk_icons_v013/icons/building_go.png	svn:mime-type	1e86d1bc52f24f75cdba3765b30e79519a49e5dc5c0d27605048b15591e07892	application/octet-stream
eStab_0.9/trunk/4fsym/famfamfam_silk_icons_v013/icons/building_key.png	svn:mime-type	1e86d1bc52f24f75cdba3765b30e79519a49e5dc5c0d27605048b15591e07892	application/octet-stream
eStab_0.9/trunk/4fsym/famfamfam_silk_icons_v013/icons/building_link.png	svn:mime-type	1e86d1bc52f24f75cdba3765b30e79519a49e5dc5c0d27605048b15591e07892	application/octet-stream
eStab_0.9/trunk/4fsym/famfamfam_silk_icons_v013/icons/bullet_add.png	svn:mime-type	1e86d1bc52f24f75cdba3765b30e79519a49e5dc5c0d27605048b15591e07892	application/octet-stream
eStab_0.9/trunk/4fsym/famfamfam_silk_icons_v013/icons/bullet_arrow_bottom.png	svn:mime-type	1e86d1bc52f24f75cdba3765b30e79519a49e5dc5c0d27605048b15591e07892	application/octet-stream
eStab_0.9/trunk/4fsym/famfamfam_silk_icons_v013/icons/bullet_arrow_down.png	svn:mime-type	1e86d1bc52f24f75cdba3765b30e79519a49e5dc5c0d27605048b15591e07892	application/octet-stream
eStab_0.9/trunk/4fsym/famfamfam_silk_icons_v013/icons/bullet_arrow_top.png	svn:mime-type	1e86d1bc52f24f75cdba3765b30e79519a49e5dc5c0d27605048b15591e07892	application/octet-stream
eStab_0.9/trunk/4fsym/famfamfam_silk_icons_v013/icons/bullet_arrow_up.png	svn:mime-type	1e86d1bc52f24f75cdba3765b30e79519a49e5dc5c0d27605048b15591e07892	application/octet-stream
eStab_0.9/trunk/4fsym/famfamfam_silk_icons_v013/icons/bullet_black.png	svn:mime-type	1e86d1bc52f24f75cdba3765b30e79519a49e5dc5c0d27605048b15591e07892	application/octet-stream
eStab_0.9/trunk/4fsym/famfamfam_silk_icons_v013/icons/bullet_blue.png	svn:mime-type	1e86d1bc52f24f75cdba3765b30e79519a49e5dc5c0d27605048b15591e07892	application/octet-stream
eStab_0.9/trunk/4fsym/famfamfam_silk_icons_v013/icons/bullet_delete.png	svn:mime-type	1e86d1bc52f24f75cdba3765b30e79519a49e5dc5c0d27605048b15591e07892	application/octet-stream
eStab_0.9/trunk/4fsym/famfamfam_silk_icons_v013/icons/bullet_disk.png	svn:mime-type	1e86d1bc52f24f75cdba3765b30e79519a49e5dc5c0d27605048b15591e07892	application/octet-stream
eStab_0.9/trunk/4fsym/famfamfam_silk_icons_v013/icons/bullet_error.png	svn:mime-type	1e86d1bc52f24f75cdba3765b30e79519a49e5dc5c0d27605048b15591e07892	application/octet-stream
eStab_0.9/trunk/4fsym/famfamfam_silk_icons_v013/icons/bullet_feed.png	svn:mime-type	1e86d1bc52f24f75cdba3765b30e79519a49e5dc5c0d27605048b15591e07892	application/octet-stream
eStab_0.9/trunk/4fsym/famfamfam_silk_icons_v013/icons/bullet_go.png	svn:mime-type	1e86d1bc52f24f75cdba3765b30e79519a49e5dc5c0d27605048b15591e07892	application/octet-stream
eStab_0.9/trunk/4fsym/famfamfam_silk_icons_v013/icons/bullet_green.png	svn:mime-type	1e86d1bc52f24f75cdba3765b30e79519a49e5dc5c0d27605048b15591e07892	application/octet-stream
eStab_0.9/trunk/4fsym/famfamfam_silk_icons_v013/icons/bullet_key.png	svn:mime-type	1e86d1bc52f24f75cdba3765b30e79519a49e5dc5c0d27605048b15591e07892	application/octet-stream
eStab_0.9/trunk/4fsym/famfamfam_silk_icons_v013/icons/bullet_orange.png	svn:mime-type	1e86d1bc52f24f75cdba3765b30e79519a49e5dc5c0d27605048b15591e07892	application/octet-stream
eStab_0.9/trunk/4fsym/famfamfam_silk_icons_v013/icons/bullet_picture.png	svn:mime-type	1e86d1bc52f24f75cdba3765b30e79519a49e5dc5c0d27605048b15591e07892	application/octet-stream
eStab_0.9/trunk/4fsym/famfamfam_silk_icons_v013/icons/bullet_pink.png	svn:mime-type	1e86d1bc52f24f75cdba3765b30e79519a49e5dc5c0d27605048b15591e07892	application/octet-stream
eStab_0.9/trunk/4fsym/famfamfam_silk_icons_v013/icons/bullet_purple.png	svn:mime-type	1e86d1bc52f24f75cdba3765b30e79519a49e5dc5c0d27605048b15591e07892	application/octet-stream
eStab_0.9/trunk/4fsym/famfamfam_silk_icons_v013/icons/bullet_red.png	svn:mime-type	1e86d1bc52f24f75cdba3765b30e79519a49e5dc5c0d27605048b15591e07892	application/octet-stream
eStab_0.9/trunk/4fsym/famfamfam_silk_icons_v013/icons/bullet_star.png	svn:mime-type	1e86d1bc52f24f75cdba3765b30e79519a49e5dc5c0d27605048b15591e07892	application/octet-stream
eStab_0.9/trunk/4fsym/famfamfam_silk_icons_v013/icons/bullet_toggle_minus.png	svn:mime-type	1e86d1bc52f24f75cdba3765b30e79519a49e5dc5c0d27605048b15591e07892	application/octet-stream
eStab_0.9/trunk/4fsym/famfamfam_silk_icons_v013/icons/bullet_toggle_plus.png	svn:mime-type	1e86d1bc52f24f75cdba3765b30e79519a49e5dc5c0d27605048b15591e07892	application/octet-stream
eStab_0.9/trunk/4fsym/famfamfam_silk_icons_v013/icons/bullet_white.png	svn:mime-type	1e86d1bc52f24f75cdba3765b30e79519a49e5dc5c0d27605048b15591e07892	application/octet-stream
eStab_0.9/trunk/4fsym/famfamfam_silk_icons_v013/icons/bullet_wrench.png	svn:mime-type	1e86d1bc52f24f75cdba3765b30e79519a49e5dc5c0d27605048b15591e07892	application/octet-stream
eStab_0.9/trunk/4fsym/famfamfam_silk_icons_v013/icons/bullet_yellow.png	svn:mime-type	1e86d1bc52f24f75cdba3765b30e79519a49e5dc5c0d27605048b15591e07892	application/octet-stream
eStab_0.9/trunk/4fsym/famfamfam_silk_icons_v013/icons/cake.png	svn:mime-type	1e86d1bc52f24f75cdba3765b30e79519a49e5dc5c0d27605048b15591e07892	application/octet-stream
eStab_0.9/trunk/4fsym/famfamfam_silk_icons_v013/icons/calculator.png	svn:mime-type	1e86d1bc52f24f75cdba3765b30e79519a49e5dc5c0d27605048b15591e07892	application/octet-stream
eStab_0.9/trunk/4fsym/famfamfam_silk_icons_v013/icons/calculator_add.png	svn:mime-type	1e86d1bc52f24f75cdba3765b30e79519a49e5dc5c0d27605048b15591e07892	application/octet-stream
eStab_0.9/trunk/4fsym/famfamfam_silk_icons_v013/icons/calculator_delete.png	svn:mime-type	1e86d1bc52f24f75cdba3765b30e79519a49e5dc5c0d27605048b15591e07892	application/octet-stream
eStab_0.9/trunk/4fsym/famfamfam_silk_icons_v013/icons/calculator_edit.png	svn:mime-type	1e86d1bc52f24f75cdba3765b30e79519a49e5dc5c0d27605048b15591e07892	application/octet-stream
eStab_0.9/trunk/4fsym/famfamfam_silk_icons_v013/icons/calculator_error.png	svn:mime-type	1e86d1bc52f24f75cdba3765b30e79519a49e5dc5c0d27605048b15591e07892	application/octet-stream
eStab_0.9/trunk/4fsym/famfamfam_silk_icons_v013/icons/calculator_link.png	svn:mime-type	1e86d1bc52f24f75cdba3765b30e79519a49e5dc5c0d27605048b15591e07892	application/octet-stream
eStab_0.9/trunk/4fsym/famfamfam_silk_icons_v013/icons/calendar.png	svn:mime-type	1e86d1bc52f24f75cdba3765b30e79519a49e5dc5c0d27605048b15591e07892	application/octet-stream
eStab_0.9/trunk/4fsym/famfamfam_silk_icons_v013/icons/calendar_add.png	svn:mime-type	1e86d1bc52f24f75cdba3765b30e79519a49e5dc5c0d27605048b15591e07892	application/octet-stream
eStab_0.9/trunk/4fsym/famfamfam_silk_icons_v013/icons/calendar_delete.png	svn:mime-type	1e86d1bc52f24f75cdba3765b30e79519a49e5dc5c0d27605048b15591e07892	application/octet-stream
eStab_0.9/trunk/4fsym/famfamfam_silk_icons_v013/icons/calendar_edit.png	svn:mime-type	1e86d1bc52f24f75cdba3765b30e79519a49e5dc5c0d27605048b15591e07892	application/octet-stream
eStab_0.9/trunk/4fsym/famfamfam_silk_icons_v013/icons/calendar_link.png	svn:mime-type	1e86d1bc52f24f75cdba3765b30e79519a49e5dc5c0d27605048b15591e07892	application/octet-stream
eStab_0.9/trunk/4fsym/famfamfam_silk_icons_v013/icons/calendar_view_day.png	svn:mime-type	1e86d1bc52f24f75cdba3765b30e79519a49e5dc5c0d27605048b15591e07892	application/octet-stream
eStab_0.9/trunk/4fsym/famfamfam_silk_icons_v013/icons/calendar_view_month.png	svn:mime-type	1e86d1bc52f24f75cdba3765b30e79519a49e5dc5c0d27605048b15591e07892	application/octet-stream
eStab_0.9/trunk/4fsym/famfamfam_silk_icons_v013/icons/calendar_view_week.png	svn:mime-type	1e86d1bc52f24f75cdba3765b30e79519a49e5dc5c0d27605048b15591e07892	application/octet-stream
eStab_0.9/trunk/4fsym/famfamfam_silk_icons_v013/icons/camera.png	svn:mime-type	1e86d1bc52f24f75cdba3765b30e79519a49e5dc5c0d27605048b15591e07892	application/octet-stream
eStab_0.9/trunk/4fsym/famfamfam_silk_icons_v013/icons/camera_add.png	svn:mime-type	1e86d1bc52f24f75cdba3765b30e79519a49e5dc5c0d27605048b15591e07892	application/octet-stream
eStab_0.9/trunk/4fsym/famfamfam_silk_icons_v013/icons/camera_delete.png	svn:mime-type	1e86d1bc52f24f75cdba3765b30e79519a49e5dc5c0d27605048b15591e07892	application/octet-stream
eStab_0.9/trunk/4fsym/famfamfam_silk_icons_v013/icons/camera_edit.png	svn:mime-type	1e86d1bc52f24f75cdba3765b30e79519a49e5dc5c0d27605048b15591e07892	application/octet-stream
eStab_0.9/trunk/4fsym/famfamfam_silk_icons_v013/icons/camera_error.png	svn:mime-type	1e86d1bc52f24f75cdba3765b30e79519a49e5dc5c0d27605048b15591e07892	application/octet-stream
eStab_0.9/trunk/4fsym/famfamfam_silk_icons_v013/icons/camera_go.png	svn:mime-type	1e86d1bc52f24f75cdba3765b30e79519a49e5dc5c0d27605048b15591e07892	application/octet-stream
eStab_0.9/trunk/4fsym/famfamfam_silk_icons_v013/icons/camera_link.png	svn:mime-type	1e86d1bc52f24f75cdba3765b30e79519a49e5dc5c0d27605048b15591e07892	application/octet-stream
eStab_0.9/trunk/4fsym/famfamfam_silk_icons_v013/icons/camera_small.png	svn:mime-type	1e86d1bc52f24f75cdba3765b30e79519a49e5dc5c0d27605048b15591e07892	application/octet-stream
eStab_0.9/trunk/4fsym/famfamfam_silk_icons_v013/icons/cancel.png	svn:mime-type	1e86d1bc52f24f75cdba3765b30e79519a49e5dc5c0d27605048b15591e07892	application/octet-stream
eStab_0.9/trunk/4fsym/famfamfam_silk_icons_v013/icons/car.png	svn:mime-type	1e86d1bc52f24f75cdba3765b30e79519a49e5dc5c0d27605048b15591e07892	application/octet-stream
eStab_0.9/trunk/4fsym/famfamfam_silk_icons_v013/icons/car_add.png	svn:mime-type	1e86d1bc52f24f75cdba3765b30e79519a49e5dc5c0d27605048b15591e07892	application/octet-stream
eStab_0.9/trunk/4fsym/famfamfam_silk_icons_v013/icons/car_delete.png	svn:mime-type	1e86d1bc52f24f75cdba3765b30e79519a49e5dc5c0d27605048b15591e07892	application/octet-stream
eStab_0.9/trunk/4fsym/famfamfam_silk_icons_v013/icons/cart.png	svn:mime-type	1e86d1bc52f24f75cdba3765b30e79519a49e5dc5c0d27605048b15591e07892	application/octet-stream
eStab_0.9/trunk/4fsym/famfamfam_silk_icons_v013/icons/cart_add.png	svn:mime-type	1e86d1bc52f24f75cdba3765b30e79519a49e5dc5c0d27605048b15591e07892	application/octet-stream
eStab_0.9/trunk/4fsym/famfamfam_silk_icons_v013/icons/cart_delete.png	svn:mime-type	1e86d1bc52f24f75cdba3765b30e79519a49e5dc5c0d27605048b15591e07892	application/octet-stream
eStab_0.9/trunk/4fsym/famfamfam_silk_icons_v013/icons/cart_edit.png	svn:mime-type	1e86d1bc52f24f75cdba3765b30e79519a49e5dc5c0d27605048b15591e07892	application/octet-stream
eStab_0.9/trunk/4fsym/famfamfam_silk_icons_v013/icons/cart_error.png	svn:mime-type	1e86d1bc52f24f75cdba3765b30e79519a49e5dc5c0d27605048b15591e07892	application/octet-stream
eStab_0.9/trunk/4fsym/famfamfam_silk_icons_v013/icons/cart_go.png	svn:mime-type	1e86d1bc52f24f75cdba3765b30e79519a49e5dc5c0d27605048b15591e07892	application/octet-stream
eStab_0.9/trunk/4fsym/famfamfam_silk_icons_v013/icons/cart_put.png	svn:mime-type	1e86d1bc52f24f75cdba3765b30e79519a49e5dc5c0d27605048b15591e07892	application/octet-stream
eStab_0.9/trunk/4fsym/famfamfam_silk_icons_v013/icons/cart_remove.png	svn:mime-type	1e86d1bc52f24f75cdba3765b30e79519a49e5dc5c0d27605048b15591e07892	application/octet-stream
eStab_0.9/trunk/4fsym/famfamfam_silk_icons_v013/icons/cd.png	svn:mime-type	1e86d1bc52f24f75cdba3765b30e79519a49e5dc5c0d27605048b15591e07892	application/octet-stream
eStab_0.9/trunk/4fsym/famfamfam_silk_icons_v013/icons/cd_add.png	svn:mime-type	1e86d1bc52f24f75cdba3765b30e79519a49e5dc5c0d27605048b15591e07892	application/octet-stream
eStab_0.9/trunk/4fsym/famfamfam_silk_icons_v013/icons/cd_burn.png	svn:mime-type	1e86d1bc52f24f75cdba3765b30e79519a49e5dc5c0d27605048b15591e07892	application/octet-stream
eStab_0.9/trunk/4fsym/famfamfam_silk_icons_v013/icons/cd_delete.png	svn:mime-type	1e86d1bc52f24f75cdba3765b30e79519a49e5dc5c0d27605048b15591e07892	application/octet-stream
eStab_0.9/trunk/4fsym/famfamfam_silk_icons_v013/icons/cd_edit.png	svn:mime-type	1e86d1bc52f24f75cdba3765b30e79519a49e5dc5c0d27605048b15591e07892	application/octet-stream
eStab_0.9/trunk/4fsym/famfamfam_silk_icons_v013/icons/cd_eject.png	svn:mime-type	1e86d1bc52f24f75cdba3765b30e79519a49e5dc5c0d27605048b15591e07892	application/octet-stream
eStab_0.9/trunk/4fsym/famfamfam_silk_icons_v013/icons/cd_go.png	svn:mime-type	1e86d1bc52f24f75cdba3765b30e79519a49e5dc5c0d27605048b15591e07892	application/octet-stream
eStab_0.9/trunk/4fsym/famfamfam_silk_icons_v013/icons/chart_bar.png	svn:mime-type	1e86d1bc52f24f75cdba3765b30e79519a49e5dc5c0d27605048b15591e07892	application/octet-stream
eStab_0.9/trunk/4fsym/famfamfam_silk_icons_v013/icons/chart_bar_add.png	svn:mime-type	1e86d1bc52f24f75cdba3765b30e79519a49e5dc5c0d27605048b15591e07892	application/octet-stream
eStab_0.9/trunk/4fsym/famfamfam_silk_icons_v013/icons/chart_bar_delete.png	svn:mime-type	1e86d1bc52f24f75cdba3765b30e79519a49e5dc5c0d27605048b15591e07892	application/octet-stream
eStab_0.9/trunk/4fsym/famfamfam_silk_icons_v013/icons/chart_bar_edit.png	svn:mime-type	1e86d1bc52f24f75cdba3765b30e79519a49e5dc5c0d27605048b15591e07892	application/octet-stream
eStab_0.9/trunk/4fsym/famfamfam_silk_icons_v013/icons/chart_bar_error.png	svn:mime-type	1e86d1bc52f24f75cdba3765b30e79519a49e5dc5c0d27605048b15591e07892	application/octet-stream
eStab_0.9/trunk/4fsym/famfamfam_silk_icons_v013/icons/chart_bar_link.png	svn:mime-type	1e86d1bc52f24f75cdba3765b30e79519a49e5dc5c0d27605048b15591e07892	application/octet-stream
eStab_0.9/trunk/4fsym/famfamfam_silk_icons_v013/icons/chart_curve.png	svn:mime-type	1e86d1bc52f24f75cdba3765b30e79519a49e5dc5c0d27605048b15591e07892	application/octet-stream
eStab_0.9/trunk/4fsym/famfamfam_silk_icons_v013/icons/chart_curve_add.png	svn:mime-type	1e86d1bc52f24f75cdba3765b30e79519a49e5dc5c0d27605048b15591e07892	application/octet-stream
eStab_0.9/trunk/4fsym/famfamfam_silk_icons_v013/icons/chart_curve_delete.png	svn:mime-type	1e86d1bc52f24f75cdba3765b30e79519a49e5dc5c0d27605048b15591e07892	application/octet-stream
eStab_0.9/trunk/4fsym/famfamfam_silk_icons_v013/icons/chart_curve_edit.png	svn:mime-type	1e86d1bc52f24f75cdba3765b30e79519a49e5dc5c0d27605048b15591e07892	application/octet-stream
eStab_0.9/trunk/4fsym/famfamfam_silk_icons_v013/icons/chart_curve_error.png	svn:mime-type	1e86d1bc52f24f75cdba3765b30e79519a49e5dc5c0d27605048b15591e07892	application/octet-stream
eStab_0.9/trunk/4fsym/famfamfam_silk_icons_v013/icons/chart_curve_go.png	svn:mime-type	1e86d1bc52f24f75cdba3765b30e79519a49e5dc5c0d27605048b15591e07892	application/octet-stream
eStab_0.9/trunk/4fsym/famfamfam_silk_icons_v013/icons/chart_curve_link.png	svn:mime-type	1e86d1bc52f24f75cdba3765b30e79519a49e5dc5c0d27605048b15591e07892	application/octet-stream
eStab_0.9/trunk/4fsym/famfamfam_silk_icons_v013/icons/chart_line.png	svn:mime-type	1e86d1bc52f24f75cdba3765b30e79519a49e5dc5c0d27605048b15591e07892	application/octet-stream
eStab_0.9/trunk/4fsym/famfamfam_silk_icons_v013/icons/chart_line_add.png	svn:mime-type	1e86d1bc52f24f75cdba3765b30e79519a49e5dc5c0d27605048b15591e07892	application/octet-stream
eStab_0.9/trunk/4fsym/famfamfam_silk_icons_v013/icons/chart_line_delete.png	svn:mime-type	1e86d1bc52f24f75cdba3765b30e79519a49e5dc5c0d27605048b15591e07892	application/octet-stream
eStab_0.9/trunk/4fsym/famfamfam_silk_icons_v013/icons/chart_line_edit.png	svn:mime-type	1e86d1bc52f24f75cdba3765b30e79519a49e5dc5c0d27605048b15591e07892	application/octet-stream
eStab_0.9/trunk/4fsym/famfamfam_silk_icons_v013/icons/chart_line_error.png	svn:mime-type	1e86d1bc52f24f75cdba3765b30e79519a49e5dc5c0d27605048b15591e07892	application/octet-stream
eStab_0.9/trunk/4fsym/famfamfam_silk_icons_v013/icons/chart_line_link.png	svn:mime-type	1e86d1bc52f24f75cdba3765b30e79519a49e5dc5c0d27605048b15591e07892	application/octet-stream
eStab_0.9/trunk/4fsym/famfamfam_silk_icons_v013/icons/chart_organisation.png	svn:mime-type	1e86d1bc52f24f75cdba3765b30e79519a49e5dc5c0d27605048b15591e07892	application/octet-stream
eStab_0.9/trunk/4fsym/famfamfam_silk_icons_v013/icons/chart_organisation_add.png	svn:mime-type	1e86d1bc52f24f75cdba3765b30e79519a49e5dc5c0d27605048b15591e07892	application/octet-stream
eStab_0.9/trunk/4fsym/famfamfam_silk_icons_v013/icons/chart_organisation_delete.png	svn:mime-type	1e86d1bc52f24f75cdba3765b30e79519a49e5dc5c0d27605048b15591e07892	application/octet-stream
eStab_0.9/trunk/4fsym/famfamfam_silk_icons_v013/icons/chart_pie.png	svn:mime-type	1e86d1bc52f24f75cdba3765b30e79519a49e5dc5c0d27605048b15591e07892	application/octet-stream
eStab_0.9/trunk/4fsym/famfamfam_silk_icons_v013/icons/chart_pie_add.png	svn:mime-type	1e86d1bc52f24f75cdba3765b30e79519a49e5dc5c0d27605048b15591e07892	application/octet-stream
eStab_0.9/trunk/4fsym/famfamfam_silk_icons_v013/icons/chart_pie_delete.png	svn:mime-type	1e86d1bc52f24f75cdba3765b30e79519a49e5dc5c0d27605048b15591e07892	application/octet-stream
eStab_0.9/trunk/4fsym/famfamfam_silk_icons_v013/icons/chart_pie_edit.png	svn:mime-type	1e86d1bc52f24f75cdba3765b30e79519a49e5dc5c0d27605048b15591e07892	application/octet-stream
eStab_0.9/trunk/4fsym/famfamfam_silk_icons_v013/icons/chart_pie_error.png	svn:mime-type	1e86d1bc52f24f75cdba3765b30e79519a49e5dc5c0d27605048b15591e07892	application/octet-stream
eStab_0.9/trunk/4fsym/famfamfam_silk_icons_v013/icons/chart_pie_link.png	svn:mime-type	1e86d1bc52f24f75cdba3765b30e79519a49e5dc5c0d27605048b15591e07892	application/octet-stream
eStab_0.9/trunk/4fsym/famfamfam_silk_icons_v013/icons/clock.png	svn:mime-type	1e86d1bc52f24f75cdba3765b30e79519a49e5dc5c0d27605048b15591e07892	application/octet-stream
eStab_0.9/trunk/4fsym/famfamfam_silk_icons_v013/icons/clock_add.png	svn:mime-type	1e86d1bc52f24f75cdba3765b30e79519a49e5dc5c0d27605048b15591e07892	application/octet-stream
eStab_0.9/trunk/4fsym/famfamfam_silk_icons_v013/icons/clock_delete.png	svn:mime-type	1e86d1bc52f24f75cdba3765b30e79519a49e5dc5c0d27605048b15591e07892	application/octet-stream
eStab_0.9/trunk/4fsym/famfamfam_silk_icons_v013/icons/clock_edit.png	svn:mime-type	1e86d1bc52f24f75cdba3765b30e79519a49e5dc5c0d27605048b15591e07892	application/octet-stream
eStab_0.9/trunk/4fsym/famfamfam_silk_icons_v013/icons/clock_error.png	svn:mime-type	1e86d1bc52f24f75cdba3765b30e79519a49e5dc5c0d27605048b15591e07892	application/octet-stream
eStab_0.9/trunk/4fsym/famfamfam_silk_icons_v013/icons/clock_go.png	svn:mime-type	1e86d1bc52f24f75cdba3765b30e79519a49e5dc5c0d27605048b15591e07892	application/octet-stream
eStab_0.9/trunk/4fsym/famfamfam_silk_icons_v013/icons/clock_link.png	svn:mime-type	1e86d1bc52f24f75cdba3765b30e79519a49e5dc5c0d27605048b15591e07892	application/octet-stream
eStab_0.9/trunk/4fsym/famfamfam_silk_icons_v013/icons/clock_pause.png	svn:mime-type	1e86d1bc52f24f75cdba3765b30e79519a49e5dc5c0d27605048b15591e07892	application/octet-stream
eStab_0.9/trunk/4fsym/famfamfam_silk_icons_v013/icons/clock_play.png	svn:mime-type	1e86d1bc52f24f75cdba3765b30e79519a49e5dc5c0d27605048b15591e07892	application/octet-stream
eStab_0.9/trunk/4fsym/famfamfam_silk_icons_v013/icons/clock_red.png	svn:mime-type	1e86d1bc52f24f75cdba3765b30e79519a49e5dc5c0d27605048b15591e07892	application/octet-stream
eStab_0.9/trunk/4fsym/famfamfam_silk_icons_v013/icons/clock_stop.png	svn:mime-type	1e86d1bc52f24f75cdba3765b30e79519a49e5dc5c0d27605048b15591e07892	application/octet-stream
eStab_0.9/trunk/4fsym/famfamfam_silk_icons_v013/icons/cog.png	svn:mime-type	1e86d1bc52f24f75cdba3765b30e79519a49e5dc5c0d27605048b15591e07892	application/octet-stream
eStab_0.9/trunk/4fsym/famfamfam_silk_icons_v013/icons/cog_add.png	svn:mime-type	1e86d1bc52f24f75cdba3765b30e79519a49e5dc5c0d27605048b15591e07892	application/octet-stream
eStab_0.9/trunk/4fsym/famfamfam_silk_icons_v013/icons/cog_delete.png	svn:mime-type	1e86d1bc52f24f75cdba3765b30e79519a49e5dc5c0d27605048b15591e07892	application/octet-stream
eStab_0.9/trunk/4fsym/famfamfam_silk_icons_v013/icons/cog_edit.png	svn:mime-type	1e86d1bc52f24f75cdba3765b30e79519a49e5dc5c0d27605048b15591e07892	application/octet-stream
eStab_0.9/trunk/4fsym/famfamfam_silk_icons_v013/icons/cog_error.png	svn:mime-type	1e86d1bc52f24f75cdba3765b30e79519a49e5dc5c0d27605048b15591e07892	application/octet-stream
eStab_0.9/trunk/4fsym/famfamfam_silk_icons_v013/icons/cog_go.png	svn:mime-type	1e86d1bc52f24f75cdba3765b30e79519a49e5dc5c0d27605048b15591e07892	application/octet-stream
eStab_0.9/trunk/4fsym/famfamfam_silk_icons_v013/icons/coins.png	svn:mime-type	1e86d1bc52f24f75cdba3765b30e79519a49e5dc5c0d27605048b15591e07892	application/octet-stream
eStab_0.9/trunk/4fsym/famfamfam_silk_icons_v013/icons/coins_add.png	svn:mime-type	1e86d1bc52f24f75cdba3765b30e79519a49e5dc5c0d27605048b15591e07892	application/octet-stream
eStab_0.9/trunk/4fsym/famfamfam_silk_icons_v013/icons/coins_delete.png	svn:mime-type	1e86d1bc52f24f75cdba3765b30e79519a49e5dc5c0d27605048b15591e07892	application/octet-stream
eStab_0.9/trunk/4fsym/famfamfam_silk_icons_v013/icons/color_swatch.png	svn:mime-type	1e86d1bc52f24f75cdba3765b30e79519a49e5dc5c0d27605048b15591e07892	application/octet-stream
eStab_0.9/trunk/4fsym/famfamfam_silk_icons_v013/icons/color_wheel.png	svn:mime-type	1e86d1bc52f24f75cdba3765b30e79519a49e5dc5c0d27605048b15591e07892	application/octet-stream
eStab_0.9/trunk/4fsym/famfamfam_silk_icons_v013/icons/comment.png	svn:mime-type	1e86d1bc52f24f75cdba3765b30e79519a49e5dc5c0d27605048b15591e07892	application/octet-stream
eStab_0.9/trunk/4fsym/famfamfam_silk_icons_v013/icons/comment_add.png	svn:mime-type	1e86d1bc52f24f75cdba3765b30e79519a49e5dc5c0d27605048b15591e07892	application/octet-stream
eStab_0.9/trunk/4fsym/famfamfam_silk_icons_v013/icons/comment_delete.png	svn:mime-type	1e86d1bc52f24f75cdba3765b30e79519a49e5dc5c0d27605048b15591e07892	application/octet-stream
eStab_0.9/trunk/4fsym/famfamfam_silk_icons_v013/icons/comment_edit.png	svn:mime-type	1e86d1bc52f24f75cdba3765b30e79519a49e5dc5c0d27605048b15591e07892	application/octet-stream
eStab_0.9/trunk/4fsym/famfamfam_silk_icons_v013/icons/comments.png	svn:mime-type	1e86d1bc52f24f75cdba3765b30e79519a49e5dc5c0d27605048b15591e07892	application/octet-stream
eStab_0.9/trunk/4fsym/famfamfam_silk_icons_v013/icons/comments_add.png	svn:mime-type	1e86d1bc52f24f75cdba3765b30e79519a49e5dc5c0d27605048b15591e07892	application/octet-stream
eStab_0.9/trunk/4fsym/famfamfam_silk_icons_v013/icons/comments_delete.png	svn:mime-type	1e86d1bc52f24f75cdba3765b30e79519a49e5dc5c0d27605048b15591e07892	application/octet-stream
eStab_0.9/trunk/4fsym/famfamfam_silk_icons_v013/icons/compress.png	svn:mime-type	1e86d1bc52f24f75cdba3765b30e79519a49e5dc5c0d27605048b15591e07892	application/octet-stream
eStab_0.9/trunk/4fsym/famfamfam_silk_icons_v013/icons/computer.png	svn:mime-type	1e86d1bc52f24f75cdba3765b30e79519a49e5dc5c0d27605048b15591e07892	application/octet-stream
eStab_0.9/trunk/4fsym/famfamfam_silk_icons_v013/icons/computer_add.png	svn:mime-type	1e86d1bc52f24f75cdba3765b30e79519a49e5dc5c0d27605048b15591e07892	application/octet-stream
eStab_0.9/trunk/4fsym/famfamfam_silk_icons_v013/icons/computer_delete.png	svn:mime-type	1e86d1bc52f24f75cdba3765b30e79519a49e5dc5c0d27605048b15591e07892	application/octet-stream
eStab_0.9/trunk/4fsym/famfamfam_silk_icons_v013/icons/computer_edit.png	svn:mime-type	1e86d1bc52f24f75cdba3765b30e79519a49e5dc5c0d27605048b15591e07892	application/octet-stream
eStab_0.9/trunk/4fsym/famfamfam_silk_icons_v013/icons/computer_error.png	svn:mime-type	1e86d1bc52f24f75cdba3765b30e79519a49e5dc5c0d27605048b15591e07892	application/octet-stream
eStab_0.9/trunk/4fsym/famfamfam_silk_icons_v013/icons/computer_go.png	svn:mime-type	1e86d1bc52f24f75cdba3765b30e79519a49e5dc5c0d27605048b15591e07892	application/octet-stream
eStab_0.9/trunk/4fsym/famfamfam_silk_icons_v013/icons/computer_key.png	svn:mime-type	1e86d1bc52f24f75cdba3765b30e79519a49e5dc5c0d27605048b15591e07892	application/octet-stream
eStab_0.9/trunk/4fsym/famfamfam_silk_icons_v013/icons/computer_link.png	svn:mime-type	1e86d1bc52f24f75cdba3765b30e79519a49e5dc5c0d27605048b15591e07892	application/octet-stream
eStab_0.9/trunk/4fsym/famfamfam_silk_icons_v013/icons/connect.png	svn:mime-type	1e86d1bc52f24f75cdba3765b30e79519a49e5dc5c0d27605048b15591e07892	application/octet-stream
eStab_0.9/trunk/4fsym/famfamfam_silk_icons_v013/icons/contrast.png	svn:mime-type	1e86d1bc52f24f75cdba3765b30e79519a49e5dc5c0d27605048b15591e07892	application/octet-stream
eStab_0.9/trunk/4fsym/famfamfam_silk_icons_v013/icons/contrast_decrease.png	svn:mime-type	1e86d1bc52f24f75cdba3765b30e79519a49e5dc5c0d27605048b15591e07892	application/octet-stream
eStab_0.9/trunk/4fsym/famfamfam_silk_icons_v013/icons/contrast_high.png	svn:mime-type	1e86d1bc52f24f75cdba3765b30e79519a49e5dc5c0d27605048b15591e07892	application/octet-stream
eStab_0.9/trunk/4fsym/famfamfam_silk_icons_v013/icons/contrast_increase.png	svn:mime-type	1e86d1bc52f24f75cdba3765b30e79519a49e5dc5c0d27605048b15591e07892	application/octet-stream
eStab_0.9/trunk/4fsym/famfamfam_silk_icons_v013/icons/contrast_low.png	svn:mime-type	1e86d1bc52f24f75cdba3765b30e79519a49e5dc5c0d27605048b15591e07892	application/octet-stream
eStab_0.9/trunk/4fsym/famfamfam_silk_icons_v013/icons/control_eject.png	svn:mime-type	1e86d1bc52f24f75cdba3765b30e79519a49e5dc5c0d27605048b15591e07892	application/octet-stream
eStab_0.9/trunk/4fsym/famfamfam_silk_icons_v013/icons/control_eject_blue.png	svn:mime-type	1e86d1bc52f24f75cdba3765b30e79519a49e5dc5c0d27605048b15591e07892	application/octet-stream
eStab_0.9/trunk/4fsym/famfamfam_silk_icons_v013/icons/control_end.png	svn:mime-type	1e86d1bc52f24f75cdba3765b30e79519a49e5dc5c0d27605048b15591e07892	application/octet-stream
eStab_0.9/trunk/4fsym/famfamfam_silk_icons_v013/icons/control_end_blue.png	svn:mime-type	1e86d1bc52f24f75cdba3765b30e79519a49e5dc5c0d27605048b15591e07892	application/octet-stream
eStab_0.9/trunk/4fsym/famfamfam_silk_icons_v013/icons/control_equalizer.png	svn:mime-type	1e86d1bc52f24f75cdba3765b30e79519a49e5dc5c0d27605048b15591e07892	application/octet-stream
eStab_0.9/trunk/4fsym/famfamfam_silk_icons_v013/icons/control_equalizer_blue.png	svn:mime-type	1e86d1bc52f24f75cdba3765b30e79519a49e5dc5c0d27605048b15591e07892	application/octet-stream
eStab_0.9/trunk/4fsym/famfamfam_silk_icons_v013/icons/control_fastforward.png	svn:mime-type	1e86d1bc52f24f75cdba3765b30e79519a49e5dc5c0d27605048b15591e07892	application/octet-stream
eStab_0.9/trunk/4fsym/famfamfam_silk_icons_v013/icons/control_fastforward_blue.png	svn:mime-type	1e86d1bc52f24f75cdba3765b30e79519a49e5dc5c0d27605048b15591e07892	application/octet-stream
eStab_0.9/trunk/4fsym/famfamfam_silk_icons_v013/icons/control_pause.png	svn:mime-type	1e86d1bc52f24f75cdba3765b30e79519a49e5dc5c0d27605048b15591e07892	application/octet-stream
eStab_0.9/trunk/4fsym/famfamfam_silk_icons_v013/icons/control_pause_blue.png	svn:mime-type	1e86d1bc52f24f75cdba3765b30e79519a49e5dc5c0d27605048b15591e07892	application/octet-stream
eStab_0.9/trunk/4fsym/famfamfam_silk_icons_v013/icons/control_play.png	svn:mime-type	1e86d1bc52f24f75cdba3765b30e79519a49e5dc5c0d27605048b15591e07892	application/octet-stream
eStab_0.9/trunk/4fsym/famfamfam_silk_icons_v013/icons/control_play_blue.png	svn:mime-type	1e86d1bc52f24f75cdba3765b30e79519a49e5dc5c0d27605048b15591e07892	application/octet-stream
eStab_0.9/trunk/4fsym/famfamfam_silk_icons_v013/icons/control_repeat.png	svn:mime-type	1e86d1bc52f24f75cdba3765b30e79519a49e5dc5c0d27605048b15591e07892	application/octet-stream
eStab_0.9/trunk/4fsym/famfamfam_silk_icons_v013/icons/control_repeat_blue.png	svn:mime-type	1e86d1bc52f24f75cdba3765b30e79519a49e5dc5c0d27605048b15591e07892	application/octet-stream
eStab_0.9/trunk/4fsym/famfamfam_silk_icons_v013/icons/control_rewind.png	svn:mime-type	1e86d1bc52f24f75cdba3765b30e79519a49e5dc5c0d27605048b15591e07892	application/octet-stream
eStab_0.9/trunk/4fsym/famfamfam_silk_icons_v013/icons/control_rewind_blue.png	svn:mime-type	1e86d1bc52f24f75cdba3765b30e79519a49e5dc5c0d27605048b15591e07892	application/octet-stream
eStab_0.9/trunk/4fsym/famfamfam_silk_icons_v013/icons/control_start.png	svn:mime-type	1e86d1bc52f24f75cdba3765b30e79519a49e5dc5c0d27605048b15591e07892	application/octet-stream
eStab_0.9/trunk/4fsym/famfamfam_silk_icons_v013/icons/control_start_blue.png	svn:mime-type	1e86d1bc52f24f75cdba3765b30e79519a49e5dc5c0d27605048b15591e07892	application/octet-stream
eStab_0.9/trunk/4fsym/famfamfam_silk_icons_v013/icons/control_stop.png	svn:mime-type	1e86d1bc52f24f75cdba3765b30e79519a49e5dc5c0d27605048b15591e07892	application/octet-stream
eStab_0.9/trunk/4fsym/famfamfam_silk_icons_v013/icons/control_stop_blue.png	svn:mime-type	1e86d1bc52f24f75cdba3765b30e79519a49e5dc5c0d27605048b15591e07892	application/octet-stream
eStab_0.9/trunk/4fsym/famfamfam_silk_icons_v013/icons/controller.png	svn:mime-type	1e86d1bc52f24f75cdba3765b30e79519a49e5dc5c0d27605048b15591e07892	application/octet-stream
eStab_0.9/trunk/4fsym/famfamfam_silk_icons_v013/icons/controller_add.png	svn:mime-type	1e86d1bc52f24f75cdba3765b30e79519a49e5dc5c0d27605048b15591e07892	application/octet-stream
eStab_0.9/trunk/4fsym/famfamfam_silk_icons_v013/icons/controller_delete.png	svn:mime-type	1e86d1bc52f24f75cdba3765b30e79519a49e5dc5c0d27605048b15591e07892	application/octet-stream
eStab_0.9/trunk/4fsym/famfamfam_silk_icons_v013/icons/controller_error.png	svn:mime-type	1e86d1bc52f24f75cdba3765b30e79519a49e5dc5c0d27605048b15591e07892	application/octet-stream
eStab_0.9/trunk/4fsym/famfamfam_silk_icons_v013/icons/creditcards.png	svn:mime-type	1e86d1bc52f24f75cdba3765b30e79519a49e5dc5c0d27605048b15591e07892	application/octet-stream
eStab_0.9/trunk/4fsym/famfamfam_silk_icons_v013/icons/cross.png	svn:mime-type	1e86d1bc52f24f75cdba3765b30e79519a49e5dc5c0d27605048b15591e07892	application/octet-stream
eStab_0.9/trunk/4fsym/famfamfam_silk_icons_v013/icons/css.png	svn:mime-type	1e86d1bc52f24f75cdba3765b30e79519a49e5dc5c0d27605048b15591e07892	application/octet-stream
eStab_0.9/trunk/4fsym/famfamfam_silk_icons_v013/icons/css_add.png	svn:mime-type	1e86d1bc52f24f75cdba3765b30e79519a49e5dc5c0d27605048b15591e07892	application/octet-stream
eStab_0.9/trunk/4fsym/famfamfam_silk_icons_v013/icons/css_delete.png	svn:mime-type	1e86d1bc52f24f75cdba3765b30e79519a49e5dc5c0d27605048b15591e07892	application/octet-stream
eStab_0.9/trunk/4fsym/famfamfam_silk_icons_v013/icons/css_go.png	svn:mime-type	1e86d1bc52f24f75cdba3765b30e79519a49e5dc5c0d27605048b15591e07892	application/octet-stream
eStab_0.9/trunk/4fsym/famfamfam_silk_icons_v013/icons/css_valid.png	svn:mime-type	1e86d1bc52f24f75cdba3765b30e79519a49e5dc5c0d27605048b15591e07892	application/octet-stream
eStab_0.9/trunk/4fsym/famfamfam_silk_icons_v013/icons/cup.png	svn:mime-type	1e86d1bc52f24f75cdba3765b30e79519a49e5dc5c0d27605048b15591e07892	application/octet-stream
eStab_0.9/trunk/4fsym/famfamfam_silk_icons_v013/icons/cup_add.png	svn:mime-type	1e86d1bc52f24f75cdba3765b30e79519a49e5dc5c0d27605048b15591e07892	application/octet-stream
eStab_0.9/trunk/4fsym/famfamfam_silk_icons_v013/icons/cup_delete.png	svn:mime-type	1e86d1bc52f24f75cdba3765b30e79519a49e5dc5c0d27605048b15591e07892	application/octet-stream
eStab_0.9/trunk/4fsym/famfamfam_silk_icons_v013/icons/cup_edit.png	svn:mime-type	1e86d1bc52f24f75cdba3765b30e79519a49e5dc5c0d27605048b15591e07892	application/octet-stream
eStab_0.9/trunk/4fsym/famfamfam_silk_icons_v013/icons/cup_error.png	svn:mime-type	1e86d1bc52f24f75cdba3765b30e79519a49e5dc5c0d27605048b15591e07892	application/octet-stream
eStab_0.9/trunk/4fsym/famfamfam_silk_icons_v013/icons/cup_go.png	svn:mime-type	1e86d1bc52f24f75cdba3765b30e79519a49e5dc5c0d27605048b15591e07892	application/octet-stream
eStab_0.9/trunk/4fsym/famfamfam_silk_icons_v013/icons/cup_key.png	svn:mime-type	1e86d1bc52f24f75cdba3765b30e79519a49e5dc5c0d27605048b15591e07892	application/octet-stream
eStab_0.9/trunk/4fsym/famfamfam_silk_icons_v013/icons/cup_link.png	svn:mime-type	1e86d1bc52f24f75cdba3765b30e79519a49e5dc5c0d27605048b15591e07892	application/octet-stream
eStab_0.9/trunk/4fsym/famfamfam_silk_icons_v013/icons/cursor.png	svn:mime-type	1e86d1bc52f24f75cdba3765b30e79519a49e5dc5c0d27605048b15591e07892	application/octet-stream
eStab_0.9/trunk/4fsym/famfamfam_silk_icons_v013/icons/cut.png	svn:mime-type	1e86d1bc52f24f75cdba3765b30e79519a49e5dc5c0d27605048b15591e07892	application/octet-stream
eStab_0.9/trunk/4fsym/famfamfam_silk_icons_v013/icons/cut_red.png	svn:mime-type	1e86d1bc52f24f75cdba3765b30e79519a49e5dc5c0d27605048b15591e07892	application/octet-stream
eStab_0.9/trunk/4fsym/famfamfam_silk_icons_v013/icons/database.png	svn:mime-type	1e86d1bc52f24f75cdba3765b30e79519a49e5dc5c0d27605048b15591e07892	application/octet-stream
eStab_0.9/trunk/4fsym/famfamfam_silk_icons_v013/icons/database_add.png	svn:mime-type	1e86d1bc52f24f75cdba3765b30e79519a49e5dc5c0d27605048b15591e07892	application/octet-stream
eStab_0.9/trunk/4fsym/famfamfam_silk_icons_v013/icons/database_connect.png	svn:mime-type	1e86d1bc52f24f75cdba3765b30e79519a49e5dc5c0d27605048b15591e07892	application/octet-stream
eStab_0.9/trunk/4fsym/famfamfam_silk_icons_v013/icons/database_delete.png	svn:mime-type	1e86d1bc52f24f75cdba3765b30e79519a49e5dc5c0d27605048b15591e07892	application/octet-stream
eStab_0.9/trunk/4fsym/famfamfam_silk_icons_v013/icons/database_edit.png	svn:mime-type	1e86d1bc52f24f75cdba3765b30e79519a49e5dc5c0d27605048b15591e07892	application/octet-stream
eStab_0.9/trunk/4fsym/famfamfam_silk_icons_v013/icons/database_error.png	svn:mime-type	1e86d1bc52f24f75cdba3765b30e79519a49e5dc5c0d27605048b15591e07892	application/octet-stream
eStab_0.9/trunk/4fsym/famfamfam_silk_icons_v013/icons/database_gear.png	svn:mime-type	1e86d1bc52f24f75cdba3765b30e79519a49e5dc5c0d27605048b15591e07892	application/octet-stream
eStab_0.9/trunk/4fsym/famfamfam_silk_icons_v013/icons/database_go.png	svn:mime-type	1e86d1bc52f24f75cdba3765b30e79519a49e5dc5c0d27605048b15591e07892	application/octet-stream
eStab_0.9/trunk/4fsym/famfamfam_silk_icons_v013/icons/database_key.png	svn:mime-type	1e86d1bc52f24f75cdba3765b30e79519a49e5dc5c0d27605048b15591e07892	application/octet-stream
eStab_0.9/trunk/4fsym/famfamfam_silk_icons_v013/icons/database_lightning.png	svn:mime-type	1e86d1bc52f24f75cdba3765b30e79519a49e5dc5c0d27605048b15591e07892	application/octet-stream
eStab_0.9/trunk/4fsym/famfamfam_silk_icons_v013/icons/database_link.png	svn:mime-type	1e86d1bc52f24f75cdba3765b30e79519a49e5dc5c0d27605048b15591e07892	application/octet-stream
eStab_0.9/trunk/4fsym/famfamfam_silk_icons_v013/icons/database_refresh.png	svn:mime-type	1e86d1bc52f24f75cdba3765b30e79519a49e5dc5c0d27605048b15591e07892	application/octet-stream
eStab_0.9/trunk/4fsym/famfamfam_silk_icons_v013/icons/database_save.png	svn:mime-type	1e86d1bc52f24f75cdba3765b30e79519a49e5dc5c0d27605048b15591e07892	application/octet-stream
eStab_0.9/trunk/4fsym/famfamfam_silk_icons_v013/icons/database_table.png	svn:mime-type	1e86d1bc52f24f75cdba3765b30e79519a49e5dc5c0d27605048b15591e07892	application/octet-stream
eStab_0.9/trunk/4fsym/famfamfam_silk_icons_v013/icons/date.png	svn:mime-type	1e86d1bc52f24f75cdba3765b30e79519a49e5dc5c0d27605048b15591e07892	application/octet-stream
eStab_0.9/trunk/4fsym/famfamfam_silk_icons_v013/icons/date_add.png	svn:mime-type	1e86d1bc52f24f75cdba3765b30e79519a49e5dc5c0d27605048b15591e07892	application/octet-stream
eStab_0.9/trunk/4fsym/famfamfam_silk_icons_v013/icons/date_delete.png	svn:mime-type	1e86d1bc52f24f75cdba3765b30e79519a49e5dc5c0d27605048b15591e07892	application/octet-stream
eStab_0.9/trunk/4fsym/famfamfam_silk_icons_v013/icons/date_edit.png	svn:mime-type	1e86d1bc52f24f75cdba3765b30e79519a49e5dc5c0d27605048b15591e07892	application/octet-stream
eStab_0.9/trunk/4fsym/famfamfam_silk_icons_v013/icons/date_error.png	svn:mime-type	1e86d1bc52f24f75cdba3765b30e79519a49e5dc5c0d27605048b15591e07892	application/octet-stream
eStab_0.9/trunk/4fsym/famfamfam_silk_icons_v013/icons/date_go.png	svn:mime-type	1e86d1bc52f24f75cdba3765b30e79519a49e5dc5c0d27605048b15591e07892	application/octet-stream
eStab_0.9/trunk/4fsym/famfamfam_silk_icons_v013/icons/date_link.png	svn:mime-type	1e86d1bc52f24f75cdba3765b30e79519a49e5dc5c0d27605048b15591e07892	application/octet-stream
eStab_0.9/trunk/4fsym/famfamfam_silk_icons_v013/icons/date_magnify.png	svn:mime-type	1e86d1bc52f24f75cdba3765b30e79519a49e5dc5c0d27605048b15591e07892	application/octet-stream
eStab_0.9/trunk/4fsym/famfamfam_silk_icons_v013/icons/date_next.png	svn:mime-type	1e86d1bc52f24f75cdba3765b30e79519a49e5dc5c0d27605048b15591e07892	application/octet-stream
eStab_0.9/trunk/4fsym/famfamfam_silk_icons_v013/icons/date_previous.png	svn:mime-type	1e86d1bc52f24f75cdba3765b30e79519a49e5dc5c0d27605048b15591e07892	application/octet-stream
eStab_0.9/trunk/4fsym/famfamfam_silk_icons_v013/icons/delete.png	svn:mime-type	1e86d1bc52f24f75cdba3765b30e79519a49e5dc5c0d27605048b15591e07892	application/octet-stream
eStab_0.9/trunk/4fsym/famfamfam_silk_icons_v013/icons/disconnect.png	svn:mime-type	1e86d1bc52f24f75cdba3765b30e79519a49e5dc5c0d27605048b15591e07892	application/octet-stream
eStab_0.9/trunk/4fsym/famfamfam_silk_icons_v013/icons/disk.png	svn:mime-type	1e86d1bc52f24f75cdba3765b30e79519a49e5dc5c0d27605048b15591e07892	application/octet-stream
eStab_0.9/trunk/4fsym/famfamfam_silk_icons_v013/icons/disk_multiple.png	svn:mime-type	1e86d1bc52f24f75cdba3765b30e79519a49e5dc5c0d27605048b15591e07892	application/octet-stream
eStab_0.9/trunk/4fsym/famfamfam_silk_icons_v013/icons/door.png	svn:mime-type	1e86d1bc52f24f75cdba3765b30e79519a49e5dc5c0d27605048b15591e07892	application/octet-stream
eStab_0.9/trunk/4fsym/famfamfam_silk_icons_v013/icons/door_in.png	svn:mime-type	1e86d1bc52f24f75cdba3765b30e79519a49e5dc5c0d27605048b15591e07892	application/octet-stream
eStab_0.9/trunk/4fsym/famfamfam_silk_icons_v013/icons/door_open.png	svn:mime-type	1e86d1bc52f24f75cdba3765b30e79519a49e5dc5c0d27605048b15591e07892	application/octet-stream
eStab_0.9/trunk/4fsym/famfamfam_silk_icons_v013/icons/door_out.png	svn:mime-type	1e86d1bc52f24f75cdba3765b30e79519a49e5dc5c0d27605048b15591e07892	application/octet-stream
eStab_0.9/trunk/4fsym/famfamfam_silk_icons_v013/icons/drink.png	svn:mime-type	1e86d1bc52f24f75cdba3765b30e79519a49e5dc5c0d27605048b15591e07892	application/octet-stream
eStab_0.9/trunk/4fsym/famfamfam_silk_icons_v013/icons/drink_empty.png	svn:mime-type	1e86d1bc52f24f75cdba3765b30e79519a49e5dc5c0d27605048b15591e07892	application/octet-stream
eStab_0.9/trunk/4fsym/famfamfam_silk_icons_v013/icons/drive.png	svn:mime-type	1e86d1bc52f24f75cdba3765b30e79519a49e5dc5c0d27605048b15591e07892	application/octet-stream
eStab_0.9/trunk/4fsym/famfamfam_silk_icons_v013/icons/drive_add.png	svn:mime-type	1e86d1bc52f24f75cdba3765b30e79519a49e5dc5c0d27605048b15591e07892	application/octet-stream
eStab_0.9/trunk/4fsym/famfamfam_silk_icons_v013/icons/drive_burn.png	svn:mime-type	1e86d1bc52f24f75cdba3765b30e79519a49e5dc5c0d27605048b15591e07892	application/octet-stream
eStab_0.9/trunk/4fsym/famfamfam_silk_icons_v013/icons/drive_cd.png	svn:mime-type	1e86d1bc52f24f75cdba3765b30e79519a49e5dc5c0d27605048b15591e07892	application/octet-stream
eStab_0.9/trunk/4fsym/famfamfam_silk_icons_v013/icons/drive_cd_empty.png	svn:mime-type	1e86d1bc52f24f75cdba3765b30e79519a49e5dc5c0d27605048b15591e07892	application/octet-stream
eStab_0.9/trunk/4fsym/famfamfam_silk_icons_v013/icons/drive_delete.png	svn:mime-type	1e86d1bc52f24f75cdba3765b30e79519a49e5dc5c0d27605048b15591e07892	application/octet-stream
eStab_0.9/trunk/4fsym/famfamfam_silk_icons_v013/icons/drive_disk.png	svn:mime-type	1e86d1bc52f24f75cdba3765b30e79519a49e5dc5c0d27605048b15591e07892	application/octet-stream
eStab_0.9/trunk/4fsym/famfamfam_silk_icons_v013/icons/drive_edit.png	svn:mime-type	1e86d1bc52f24f75cdba3765b30e79519a49e5dc5c0d27605048b15591e07892	application/octet-stream
eStab_0.9/trunk/4fsym/famfamfam_silk_icons_v013/icons/drive_error.png	svn:mime-type	1e86d1bc52f24f75cdba3765b30e79519a49e5dc5c0d27605048b15591e07892	application/octet-stream
eStab_0.9/trunk/4fsym/famfamfam_silk_icons_v013/icons/drive_go.png	svn:mime-type	1e86d1bc52f24f75cdba3765b30e79519a49e5dc5c0d27605048b15591e07892	application/octet-stream
eStab_0.9/trunk/4fsym/famfamfam_silk_icons_v013/icons/drive_key.png	svn:mime-type	1e86d1bc52f24f75cdba3765b30e79519a49e5dc5c0d27605048b15591e07892	application/octet-stream
eStab_0.9/trunk/4fsym/famfamfam_silk_icons_v013/icons/drive_link.png	svn:mime-type	1e86d1bc52f24f75cdba3765b30e79519a49e5dc5c0d27605048b15591e07892	application/octet-stream
eStab_0.9/trunk/4fsym/famfamfam_silk_icons_v013/icons/drive_magnify.png	svn:mime-type	1e86d1bc52f24f75cdba3765b30e79519a49e5dc5c0d27605048b15591e07892	application/octet-stream
eStab_0.9/trunk/4fsym/famfamfam_silk_icons_v013/icons/drive_network.png	svn:mime-type	1e86d1bc52f24f75cdba3765b30e79519a49e5dc5c0d27605048b15591e07892	application/octet-stream
eStab_0.9/trunk/4fsym/famfamfam_silk_icons_v013/icons/drive_rename.png	svn:mime-type	1e86d1bc52f24f75cdba3765b30e79519a49e5dc5c0d27605048b15591e07892	application/octet-stream
eStab_0.9/trunk/4fsym/famfamfam_silk_icons_v013/icons/drive_user.png	svn:mime-type	1e86d1bc52f24f75cdba3765b30e79519a49e5dc5c0d27605048b15591e07892	application/octet-stream
eStab_0.9/trunk/4fsym/famfamfam_silk_icons_v013/icons/drive_web.png	svn:mime-type	1e86d1bc52f24f75cdba3765b30e79519a49e5dc5c0d27605048b15591e07892	application/octet-stream
eStab_0.9/trunk/4fsym/famfamfam_silk_icons_v013/icons/dvd.png	svn:mime-type	1e86d1bc52f24f75cdba3765b30e79519a49e5dc5c0d27605048b15591e07892	application/octet-stream
eStab_0.9/trunk/4fsym/famfamfam_silk_icons_v013/icons/dvd_add.png	svn:mime-type	1e86d1bc52f24f75cdba3765b30e79519a49e5dc5c0d27605048b15591e07892	application/octet-stream
eStab_0.9/trunk/4fsym/famfamfam_silk_icons_v013/icons/dvd_delete.png	svn:mime-type	1e86d1bc52f24f75cdba3765b30e79519a49e5dc5c0d27605048b15591e07892	application/octet-stream
eStab_0.9/trunk/4fsym/famfamfam_silk_icons_v013/icons/dvd_edit.png	svn:mime-type	1e86d1bc52f24f75cdba3765b30e79519a49e5dc5c0d27605048b15591e07892	application/octet-stream
eStab_0.9/trunk/4fsym/famfamfam_silk_icons_v013/icons/dvd_error.png	svn:mime-type	1e86d1bc52f24f75cdba3765b30e79519a49e5dc5c0d27605048b15591e07892	application/octet-stream
eStab_0.9/trunk/4fsym/famfamfam_silk_icons_v013/icons/dvd_go.png	svn:mime-type	1e86d1bc52f24f75cdba3765b30e79519a49e5dc5c0d27605048b15591e07892	application/octet-stream
eStab_0.9/trunk/4fsym/famfamfam_silk_icons_v013/icons/dvd_key.png	svn:mime-type	1e86d1bc52f24f75cdba3765b30e79519a49e5dc5c0d27605048b15591e07892	application/octet-stream
eStab_0.9/trunk/4fsym/famfamfam_silk_icons_v013/icons/dvd_link.png	svn:mime-type	1e86d1bc52f24f75cdba3765b30e79519a49e5dc5c0d27605048b15591e07892	application/octet-stream
eStab_0.9/trunk/4fsym/famfamfam_silk_icons_v013/icons/email.png	svn:mime-type	1e86d1bc52f24f75cdba3765b30e79519a49e5dc5c0d27605048b15591e07892	application/octet-stream
eStab_0.9/trunk/4fsym/famfamfam_silk_icons_v013/icons/email_add.png	svn:mime-type	1e86d1bc52f24f75cdba3765b30e79519a49e5dc5c0d27605048b15591e07892	application/octet-stream
eStab_0.9/trunk/4fsym/famfamfam_silk_icons_v013/icons/email_attach.png	svn:mime-type	1e86d1bc52f24f75cdba3765b30e79519a49e5dc5c0d27605048b15591e07892	application/octet-stream
eStab_0.9/trunk/4fsym/famfamfam_silk_icons_v013/icons/email_delete.png	svn:mime-type	1e86d1bc52f24f75cdba3765b30e79519a49e5dc5c0d27605048b15591e07892	application/octet-stream
eStab_0.9/trunk/4fsym/famfamfam_silk_icons_v013/icons/email_edit.png	svn:mime-type	1e86d1bc52f24f75cdba3765b30e79519a49e5dc5c0d27605048b15591e07892	application/octet-stream
eStab_0.9/trunk/4fsym/famfamfam_silk_icons_v013/icons/email_error.png	svn:mime-type	1e86d1bc52f24f75cdba3765b30e79519a49e5dc5c0d27605048b15591e07892	application/octet-stream
eStab_0.9/trunk/4fsym/famfamfam_silk_icons_v013/icons/email_go.png	svn:mime-type	1e86d1bc52f24f75cdba3765b30e79519a49e5dc5c0d27605048b15591e07892	application/octet-stream
eStab_0.9/trunk/4fsym/famfamfam_silk_icons_v013/icons/email_link.png	svn:mime-type	1e86d1bc52f24f75cdba3765b30e79519a49e5dc5c0d27605048b15591e07892	application/octet-stream
eStab_0.9/trunk/4fsym/famfamfam_silk_icons_v013/icons/email_open.png	svn:mime-type	1e86d1bc52f24f75cdba3765b30e79519a49e5dc5c0d27605048b15591e07892	application/octet-stream
eStab_0.9/trunk/4fsym/famfamfam_silk_icons_v013/icons/email_open_image.png	svn:mime-type	1e86d1bc52f24f75cdba3765b30e79519a49e5dc5c0d27605048b15591e07892	application/octet-stream
eStab_0.9/trunk/4fsym/famfamfam_silk_icons_v013/icons/emoticon_evilgrin.png	svn:mime-type	1e86d1bc52f24f75cdba3765b30e79519a49e5dc5c0d27605048b15591e07892	application/octet-stream
eStab_0.9/trunk/4fsym/famfamfam_silk_icons_v013/icons/emoticon_grin.png	svn:mime-type	1e86d1bc52f24f75cdba3765b30e79519a49e5dc5c0d27605048b15591e07892	application/octet-stream
eStab_0.9/trunk/4fsym/famfamfam_silk_icons_v013/icons/emoticon_happy.png	svn:mime-type	1e86d1bc52f24f75cdba3765b30e79519a49e5dc5c0d27605048b15591e07892	application/octet-stream
eStab_0.9/trunk/4fsym/famfamfam_silk_icons_v013/icons/emoticon_smile.png	svn:mime-type	1e86d1bc52f24f75cdba3765b30e79519a49e5dc5c0d27605048b15591e07892	application/octet-stream
eStab_0.9/trunk/4fsym/famfamfam_silk_icons_v013/icons/emoticon_surprised.png	svn:mime-type	1e86d1bc52f24f75cdba3765b30e79519a49e5dc5c0d27605048b15591e07892	application/octet-stream
eStab_0.9/trunk/4fsym/famfamfam_silk_icons_v013/icons/emoticon_tongue.png	svn:mime-type	1e86d1bc52f24f75cdba3765b30e79519a49e5dc5c0d27605048b15591e07892	application/octet-stream
eStab_0.9/trunk/4fsym/famfamfam_silk_icons_v013/icons/emoticon_unhappy.png	svn:mime-type	1e86d1bc52f24f75cdba3765b30e79519a49e5dc5c0d27605048b15591e07892	application/octet-stream
eStab_0.9/trunk/4fsym/famfamfam_silk_icons_v013/icons/emoticon_waii.png	svn:mime-type	1e86d1bc52f24f75cdba3765b30e79519a49e5dc5c0d27605048b15591e07892	application/octet-stream
eStab_0.9/trunk/4fsym/famfamfam_silk_icons_v013/icons/emoticon_wink.png	svn:mime-type	1e86d1bc52f24f75cdba3765b30e79519a49e5dc5c0d27605048b15591e07892	application/octet-stream
eStab_0.9/trunk/4fsym/famfamfam_silk_icons_v013/icons/error.png	svn:mime-type	1e86d1bc52f24f75cdba3765b30e79519a49e5dc5c0d27605048b15591e07892	application/octet-stream
eStab_0.9/trunk/4fsym/famfamfam_silk_icons_v013/icons/error_add.png	svn:mime-type	1e86d1bc52f24f75cdba3765b30e79519a49e5dc5c0d27605048b15591e07892	application/octet-stream
eStab_0.9/trunk/4fsym/famfamfam_silk_icons_v013/icons/error_delete.png	svn:mime-type	1e86d1bc52f24f75cdba3765b30e79519a49e5dc5c0d27605048b15591e07892	application/octet-stream
eStab_0.9/trunk/4fsym/famfamfam_silk_icons_v013/icons/error_go.png	svn:mime-type	1e86d1bc52f24f75cdba3765b30e79519a49e5dc5c0d27605048b15591e07892	application/octet-stream
eStab_0.9/trunk/4fsym/famfamfam_silk_icons_v013/icons/exclamation.png	svn:mime-type	1e86d1bc52f24f75cdba3765b30e79519a49e5dc5c0d27605048b15591e07892	application/octet-stream
eStab_0.9/trunk/4fsym/famfamfam_silk_icons_v013/icons/eye.png	svn:mime-type	1e86d1bc52f24f75cdba3765b30e79519a49e5dc5c0d27605048b15591e07892	application/octet-stream
eStab_0.9/trunk/4fsym/famfamfam_silk_icons_v013/icons/feed.png	svn:mime-type	1e86d1bc52f24f75cdba3765b30e79519a49e5dc5c0d27605048b15591e07892	application/octet-stream
eStab_0.9/trunk/4fsym/famfamfam_silk_icons_v013/icons/feed_add.png	svn:mime-type	1e86d1bc52f24f75cdba3765b30e79519a49e5dc5c0d27605048b15591e07892	application/octet-stream
eStab_0.9/trunk/4fsym/famfamfam_silk_icons_v013/icons/feed_delete.png	svn:mime-type	1e86d1bc52f24f75cdba3765b30e79519a49e5dc5c0d27605048b15591e07892	application/octet-stream
eStab_0.9/trunk/4fsym/famfamfam_silk_icons_v013/icons/feed_disk.png	svn:mime-type	1e86d1bc52f24f75cdba3765b30e79519a49e5dc5c0d27605048b15591e07892	application/octet-stream
eStab_0.9/trunk/4fsym/famfamfam_silk_icons_v013/icons/feed_edit.png	svn:mime-type	1e86d1bc52f24f75cdba3765b30e79519a49e5dc5c0d27605048b15591e07892	application/octet-stream
eStab_0.9/trunk/4fsym/famfamfam_silk_icons_v013/icons/feed_error.png	svn:mime-type	1e86d1bc52f24f75cdba3765b30e79519a49e5dc5c0d27605048b15591e07892	application/octet-stream
eStab_0.9/trunk/4fsym/famfamfam_silk_icons_v013/icons/feed_go.png	svn:mime-type	1e86d1bc52f24f75cdba3765b30e79519a49e5dc5c0d27605048b15591e07892	application/octet-stream
eStab_0.9/trunk/4fsym/famfamfam_silk_icons_v013/icons/feed_key.png	svn:mime-type	1e86d1bc52f24f75cdba3765b30e79519a49e5dc5c0d27605048b15591e07892	application/octet-stream
eStab_0.9/trunk/4fsym/famfamfam_silk_icons_v013/icons/feed_link.png	svn:mime-type	1e86d1bc52f24f75cdba3765b30e79519a49e5dc5c0d27605048b15591e07892	application/octet-stream
eStab_0.9/trunk/4fsym/famfamfam_silk_icons_v013/icons/feed_magnify.png	svn:mime-type	1e86d1bc52f24f75cdba3765b30e79519a49e5dc5c0d27605048b15591e07892	application/octet-stream
eStab_0.9/trunk/4fsym/famfamfam_silk_icons_v013/icons/female.png	svn:mime-type	1e86d1bc52f24f75cdba3765b30e79519a49e5dc5c0d27605048b15591e07892	application/octet-stream
eStab_0.9/trunk/4fsym/famfamfam_silk_icons_v013/icons/film.png	svn:mime-type	1e86d1bc52f24f75cdba3765b30e79519a49e5dc5c0d27605048b15591e07892	application/octet-stream
eStab_0.9/trunk/4fsym/famfamfam_silk_icons_v013/icons/film_add.png	svn:mime-type	1e86d1bc52f24f75cdba3765b30e79519a49e5dc5c0d27605048b15591e07892	application/octet-stream
eStab_0.9/trunk/4fsym/famfamfam_silk_icons_v013/icons/film_delete.png	svn:mime-type	1e86d1bc52f24f75cdba3765b30e79519a49e5dc5c0d27605048b15591e07892	application/octet-stream
eStab_0.9/trunk/4fsym/famfamfam_silk_icons_v013/icons/film_edit.png	svn:mime-type	1e86d1bc52f24f75cdba3765b30e79519a49e5dc5c0d27605048b15591e07892	application/octet-stream
eStab_0.9/trunk/4fsym/famfamfam_silk_icons_v013/icons/film_error.png	svn:mime-type	1e86d1bc52f24f75cdba3765b30e79519a49e5dc5c0d27605048b15591e07892	application/octet-stream
eStab_0.9/trunk/4fsym/famfamfam_silk_icons_v013/icons/film_go.png	svn:mime-type	1e86d1bc52f24f75cdba3765b30e79519a49e5dc5c0d27605048b15591e07892	application/octet-stream
eStab_0.9/trunk/4fsym/famfamfam_silk_icons_v013/icons/film_key.png	svn:mime-type	1e86d1bc52f24f75cdba3765b30e79519a49e5dc5c0d27605048b15591e07892	application/octet-stream
eStab_0.9/trunk/4fsym/famfamfam_silk_icons_v013/icons/film_link.png	svn:mime-type	1e86d1bc52f24f75cdba3765b30e79519a49e5dc5c0d27605048b15591e07892	application/octet-stream
eStab_0.9/trunk/4fsym/famfamfam_silk_icons_v013/icons/film_save.png	svn:mime-type	1e86d1bc52f24f75cdba3765b30e79519a49e5dc5c0d27605048b15591e07892	application/octet-stream
eStab_0.9/trunk/4fsym/famfamfam_silk_icons_v013/icons/find.png	svn:mime-type	1e86d1bc52f24f75cdba3765b30e79519a49e5dc5c0d27605048b15591e07892	application/octet-stream
eStab_0.9/trunk/4fsym/famfamfam_silk_icons_v013/icons/flag_blue.png	svn:mime-type	1e86d1bc52f24f75cdba3765b30e79519a49e5dc5c0d27605048b15591e07892	application/octet-stream
eStab_0.9/trunk/4fsym/famfamfam_silk_icons_v013/icons/flag_green.png	svn:mime-type	1e86d1bc52f24f75cdba3765b30e79519a49e5dc5c0d27605048b15591e07892	application/octet-stream
eStab_0.9/trunk/4fsym/famfamfam_silk_icons_v013/icons/flag_orange.png	svn:mime-type	1e86d1bc52f24f75cdba3765b30e79519a49e5dc5c0d27605048b15591e07892	application/octet-stream
eStab_0.9/trunk/4fsym/famfamfam_silk_icons_v013/icons/flag_pink.png	svn:mime-type	1e86d1bc52f24f75cdba3765b30e79519a49e5dc5c0d27605048b15591e07892	application/octet-stream
eStab_0.9/trunk/4fsym/famfamfam_silk_icons_v013/icons/flag_purple.png	svn:mime-type	1e86d1bc52f24f75cdba3765b30e79519a49e5dc5c0d27605048b15591e07892	application/octet-stream
eStab_0.9/trunk/4fsym/famfamfam_silk_icons_v013/icons/flag_red.png	svn:mime-type	1e86d1bc52f24f75cdba3765b30e79519a49e5dc5c0d27605048b15591e07892	application/octet-stream
eStab_0.9/trunk/4fsym/famfamfam_silk_icons_v013/icons/flag_yellow.png	svn:mime-type	1e86d1bc52f24f75cdba3765b30e79519a49e5dc5c0d27605048b15591e07892	application/octet-stream
eStab_0.9/trunk/4fsym/famfamfam_silk_icons_v013/icons/folder.png	svn:mime-type	1e86d1bc52f24f75cdba3765b30e79519a49e5dc5c0d27605048b15591e07892	application/octet-stream
eStab_0.9/trunk/4fsym/famfamfam_silk_icons_v013/icons/folder_add.png	svn:mime-type	1e86d1bc52f24f75cdba3765b30e79519a49e5dc5c0d27605048b15591e07892	application/octet-stream
eStab_0.9/trunk/4fsym/famfamfam_silk_icons_v013/icons/folder_bell.png	svn:mime-type	1e86d1bc52f24f75cdba3765b30e79519a49e5dc5c0d27605048b15591e07892	application/octet-stream
eStab_0.9/trunk/4fsym/famfamfam_silk_icons_v013/icons/folder_brick.png	svn:mime-type	1e86d1bc52f24f75cdba3765b30e79519a49e5dc5c0d27605048b15591e07892	application/octet-stream
eStab_0.9/trunk/4fsym/famfamfam_silk_icons_v013/icons/folder_bug.png	svn:mime-type	1e86d1bc52f24f75cdba3765b30e79519a49e5dc5c0d27605048b15591e07892	application/octet-stream
eStab_0.9/trunk/4fsym/famfamfam_silk_icons_v013/icons/folder_camera.png	svn:mime-type	1e86d1bc52f24f75cdba3765b30e79519a49e5dc5c0d27605048b15591e07892	application/octet-stream
eStab_0.9/trunk/4fsym/famfamfam_silk_icons_v013/icons/folder_database.png	svn:mime-type	1e86d1bc52f24f75cdba3765b30e79519a49e5dc5c0d27605048b15591e07892	application/octet-stream
eStab_0.9/trunk/4fsym/famfamfam_silk_icons_v013/icons/folder_delete.png	svn:mime-type	1e86d1bc52f24f75cdba3765b30e79519a49e5dc5c0d27605048b15591e07892	application/octet-stream
eStab_0.9/trunk/4fsym/famfamfam_silk_icons_v013/icons/folder_edit.png	svn:mime-type	1e86d1bc52f24f75cdba3765b30e79519a49e5dc5c0d27605048b15591e07892	application/octet-stream
eStab_0.9/trunk/4fsym/famfamfam_silk_icons_v013/icons/folder_error.png	svn:mime-type	1e86d1bc52f24f75cdba3765b30e79519a49e5dc5c0d27605048b15591e07892	application/octet-stream
eStab_0.9/trunk/4fsym/famfamfam_silk_icons_v013/icons/folder_explore.png	svn:mime-type	1e86d1bc52f24f75cdba3765b30e79519a49e5dc5c0d27605048b15591e07892	application/octet-stream
eStab_0.9/trunk/4fsym/famfamfam_silk_icons_v013/icons/folder_feed.png	svn:mime-type	1e86d1bc52f24f75cdba3765b30e79519a49e5dc5c0d27605048b15591e07892	application/octet-stream
eStab_0.9/trunk/4fsym/famfamfam_silk_icons_v013/icons/folder_find.png	svn:mime-type	1e86d1bc52f24f75cdba3765b30e79519a49e5dc5c0d27605048b15591e07892	application/octet-stream
eStab_0.9/trunk/4fsym/famfamfam_silk_icons_v013/icons/folder_go.png	svn:mime-type	1e86d1bc52f24f75cdba3765b30e79519a49e5dc5c0d27605048b15591e07892	application/octet-stream
eStab_0.9/trunk/4fsym/famfamfam_silk_icons_v013/icons/folder_heart.png	svn:mime-type	1e86d1bc52f24f75cdba3765b30e79519a49e5dc5c0d27605048b15591e07892	application/octet-stream
eStab_0.9/trunk/4fsym/famfamfam_silk_icons_v013/icons/folder_image.png	svn:mime-type	1e86d1bc52f24f75cdba3765b30e79519a49e5dc5c0d27605048b15591e07892	application/octet-stream
eStab_0.9/trunk/4fsym/famfamfam_silk_icons_v013/icons/folder_key.png	svn:mime-type	1e86d1bc52f24f75cdba3765b30e79519a49e5dc5c0d27605048b15591e07892	application/octet-stream
eStab_0.9/trunk/4fsym/famfamfam_silk_icons_v013/icons/folder_lightbulb.png	svn:mime-type	1e86d1bc52f24f75cdba3765b30e79519a49e5dc5c0d27605048b15591e07892	application/octet-stream
eStab_0.9/trunk/4fsym/famfamfam_silk_icons_v013/icons/folder_link.png	svn:mime-type	1e86d1bc52f24f75cdba3765b30e79519a49e5dc5c0d27605048b15591e07892	application/octet-stream
eStab_0.9/trunk/4fsym/famfamfam_silk_icons_v013/icons/folder_magnify.png	svn:mime-type	1e86d1bc52f24f75cdba3765b30e79519a49e5dc5c0d27605048b15591e07892	application/octet-stream
eStab_0.9/trunk/4fsym/famfamfam_silk_icons_v013/icons/folder_page.png	svn:mime-type	1e86d1bc52f24f75cdba3765b30e79519a49e5dc5c0d27605048b15591e07892	application/octet-stream
eStab_0.9/trunk/4fsym/famfamfam_silk_icons_v013/icons/folder_page_white.png	svn:mime-type	1e86d1bc52f24f75cdba3765b30e79519a49e5dc5c0d27605048b15591e07892	application/octet-stream
eStab_0.9/trunk/4fsym/famfamfam_silk_icons_v013/icons/folder_palette.png	svn:mime-type	1e86d1bc52f24f75cdba3765b30e79519a49e5dc5c0d27605048b15591e07892	application/octet-stream
eStab_0.9/trunk/4fsym/famfamfam_silk_icons_v013/icons/folder_picture.png	svn:mime-type	1e86d1bc52f24f75cdba3765b30e79519a49e5dc5c0d27605048b15591e07892	application/octet-stream
eStab_0.9/trunk/4fsym/famfamfam_silk_icons_v013/icons/folder_star.png	svn:mime-type	1e86d1bc52f24f75cdba3765b30e79519a49e5dc5c0d27605048b15591e07892	application/octet-stream
eStab_0.9/trunk/4fsym/famfamfam_silk_icons_v013/icons/folder_table.png	svn:mime-type	1e86d1bc52f24f75cdba3765b30e79519a49e5dc5c0d27605048b15591e07892	application/octet-stream
eStab_0.9/trunk/4fsym/famfamfam_silk_icons_v013/icons/folder_user.png	svn:mime-type	1e86d1bc52f24f75cdba3765b30e79519a49e5dc5c0d27605048b15591e07892	application/octet-stream
eStab_0.9/trunk/4fsym/famfamfam_silk_icons_v013/icons/folder_wrench.png	svn:mime-type	1e86d1bc52f24f75cdba3765b30e79519a49e5dc5c0d27605048b15591e07892	application/octet-stream
eStab_0.9/trunk/4fsym/famfamfam_silk_icons_v013/icons/font.png	svn:mime-type	1e86d1bc52f24f75cdba3765b30e79519a49e5dc5c0d27605048b15591e07892	application/octet-stream
eStab_0.9/trunk/4fsym/famfamfam_silk_icons_v013/icons/font_add.png	svn:mime-type	1e86d1bc52f24f75cdba3765b30e79519a49e5dc5c0d27605048b15591e07892	application/octet-stream
eStab_0.9/trunk/4fsym/famfamfam_silk_icons_v013/icons/font_delete.png	svn:mime-type	1e86d1bc52f24f75cdba3765b30e79519a49e5dc5c0d27605048b15591e07892	application/octet-stream
eStab_0.9/trunk/4fsym/famfamfam_silk_icons_v013/icons/font_go.png	svn:mime-type	1e86d1bc52f24f75cdba3765b30e79519a49e5dc5c0d27605048b15591e07892	application/octet-stream
eStab_0.9/trunk/4fsym/famfamfam_silk_icons_v013/icons/group.png	svn:mime-type	1e86d1bc52f24f75cdba3765b30e79519a49e5dc5c0d27605048b15591e07892	application/octet-stream
eStab_0.9/trunk/4fsym/famfamfam_silk_icons_v013/icons/group_add.png	svn:mime-type	1e86d1bc52f24f75cdba3765b30e79519a49e5dc5c0d27605048b15591e07892	application/octet-stream
eStab_0.9/trunk/4fsym/famfamfam_silk_icons_v013/icons/group_delete.png	svn:mime-type	1e86d1bc52f24f75cdba3765b30e79519a49e5dc5c0d27605048b15591e07892	application/octet-stream
eStab_0.9/trunk/4fsym/famfamfam_silk_icons_v013/icons/group_edit.png	svn:mime-type	1e86d1bc52f24f75cdba3765b30e79519a49e5dc5c0d27605048b15591e07892	application/octet-stream
eStab_0.9/trunk/4fsym/famfamfam_silk_icons_v013/icons/group_error.png	svn:mime-type	1e86d1bc52f24f75cdba3765b30e79519a49e5dc5c0d27605048b15591e07892	application/octet-stream
eStab_0.9/trunk/4fsym/famfamfam_silk_icons_v013/icons/group_gear.png	svn:mime-type	1e86d1bc52f24f75cdba3765b30e79519a49e5dc5c0d27605048b15591e07892	application/octet-stream
eStab_0.9/trunk/4fsym/famfamfam_silk_icons_v013/icons/group_go.png	svn:mime-type	1e86d1bc52f24f75cdba3765b30e79519a49e5dc5c0d27605048b15591e07892	application/octet-stream
eStab_0.9/trunk/4fsym/famfamfam_silk_icons_v013/icons/group_key.png	svn:mime-type	1e86d1bc52f24f75cdba3765b30e79519a49e5dc5c0d27605048b15591e07892	application/octet-stream
eStab_0.9/trunk/4fsym/famfamfam_silk_icons_v013/icons/group_link.png	svn:mime-type	1e86d1bc52f24f75cdba3765b30e79519a49e5dc5c0d27605048b15591e07892	application/octet-stream
eStab_0.9/trunk/4fsym/famfamfam_silk_icons_v013/icons/heart.png	svn:mime-type	1e86d1bc52f24f75cdba3765b30e79519a49e5dc5c0d27605048b15591e07892	application/octet-stream
eStab_0.9/trunk/4fsym/famfamfam_silk_icons_v013/icons/heart_add.png	svn:mime-type	1e86d1bc52f24f75cdba3765b30e79519a49e5dc5c0d27605048b15591e07892	application/octet-stream
eStab_0.9/trunk/4fsym/famfamfam_silk_icons_v013/icons/heart_delete.png	svn:mime-type	1e86d1bc52f24f75cdba3765b30e79519a49e5dc5c0d27605048b15591e07892	application/octet-stream
eStab_0.9/trunk/4fsym/famfamfam_silk_icons_v013/icons/help.png	svn:mime-type	1e86d1bc52f24f75cdba3765b30e79519a49e5dc5c0d27605048b15591e07892	application/octet-stream
eStab_0.9/trunk/4fsym/famfamfam_silk_icons_v013/icons/hourglass.png	svn:mime-type	1e86d1bc52f24f75cdba3765b30e79519a49e5dc5c0d27605048b15591e07892	application/octet-stream
eStab_0.9/trunk/4fsym/famfamfam_silk_icons_v013/icons/hourglass_add.png	svn:mime-type	1e86d1bc52f24f75cdba3765b30e79519a49e5dc5c0d27605048b15591e07892	application/octet-stream
eStab_0.9/trunk/4fsym/famfamfam_silk_icons_v013/icons/hourglass_delete.png	svn:mime-type	1e86d1bc52f24f75cdba3765b30e79519a49e5dc5c0d27605048b15591e07892	application/octet-stream
eStab_0.9/trunk/4fsym/famfamfam_silk_icons_v013/icons/hourglass_go.png	svn:mime-type	1e86d1bc52f24f75cdba3765b30e79519a49e5dc5c0d27605048b15591e07892	application/octet-stream
eStab_0.9/trunk/4fsym/famfamfam_silk_icons_v013/icons/hourglass_link.png	svn:mime-type	1e86d1bc52f24f75cdba3765b30e79519a49e5dc5c0d27605048b15591e07892	application/octet-stream
eStab_0.9/trunk/4fsym/famfamfam_silk_icons_v013/icons/house.png	svn:mime-type	1e86d1bc52f24f75cdba3765b30e79519a49e5dc5c0d27605048b15591e07892	application/octet-stream
eStab_0.9/trunk/4fsym/famfamfam_silk_icons_v013/icons/house_go.png	svn:mime-type	1e86d1bc52f24f75cdba3765b30e79519a49e5dc5c0d27605048b15591e07892	application/octet-stream
eStab_0.9/trunk/4fsym/famfamfam_silk_icons_v013/icons/house_link.png	svn:mime-type	1e86d1bc52f24f75cdba3765b30e79519a49e5dc5c0d27605048b15591e07892	application/octet-stream
eStab_0.9/trunk/4fsym/famfamfam_silk_icons_v013/icons/html.png	svn:mime-type	1e86d1bc52f24f75cdba3765b30e79519a49e5dc5c0d27605048b15591e07892	application/octet-stream
eStab_0.9/trunk/4fsym/famfamfam_silk_icons_v013/icons/html_add.png	svn:mime-type	1e86d1bc52f24f75cdba3765b30e79519a49e5dc5c0d27605048b15591e07892	application/octet-stream
eStab_0.9/trunk/4fsym/famfamfam_silk_icons_v013/icons/html_delete.png	svn:mime-type	1e86d1bc52f24f75cdba3765b30e79519a49e5dc5c0d27605048b15591e07892	application/octet-stream
eStab_0.9/trunk/4fsym/famfamfam_silk_icons_v013/icons/html_go.png	svn:mime-type	1e86d1bc52f24f75cdba3765b30e79519a49e5dc5c0d27605048b15591e07892	application/octet-stream
eStab_0.9/trunk/4fsym/famfamfam_silk_icons_v013/icons/html_valid.png	svn:mime-type	1e86d1bc52f24f75cdba3765b30e79519a49e5dc5c0d27605048b15591e07892	application/octet-stream
eStab_0.9/trunk/4fsym/famfamfam_silk_icons_v013/icons/image.png	svn:mime-type	1e86d1bc52f24f75cdba3765b30e79519a49e5dc5c0d27605048b15591e07892	application/octet-stream
eStab_0.9/trunk/4fsym/famfamfam_silk_icons_v013/icons/image_add.png	svn:mime-type	1e86d1bc52f24f75cdba3765b30e79519a49e5dc5c0d27605048b15591e07892	application/octet-stream
eStab_0.9/trunk/4fsym/famfamfam_silk_icons_v013/icons/image_delete.png	svn:mime-type	1e86d1bc52f24f75cdba3765b30e79519a49e5dc5c0d27605048b15591e07892	application/octet-stream
eStab_0.9/trunk/4fsym/famfamfam_silk_icons_v013/icons/image_edit.png	svn:mime-type	1e86d1bc52f24f75cdba3765b30e79519a49e5dc5c0d27605048b15591e07892	application/octet-stream
eStab_0.9/trunk/4fsym/famfamfam_silk_icons_v013/icons/image_link.png	svn:mime-type	1e86d1bc52f24f75cdba3765b30e79519a49e5dc5c0d27605048b15591e07892	application/octet-stream
eStab_0.9/trunk/4fsym/famfamfam_silk_icons_v013/icons/images.png	svn:mime-type	1e86d1bc52f24f75cdba3765b30e79519a49e5dc5c0d27605048b15591e07892	application/octet-stream
eStab_0.9/trunk/4fsym/famfamfam_silk_icons_v013/icons/information.png	svn:mime-type	1e86d1bc52f24f75cdba3765b30e79519a49e5dc5c0d27605048b15591e07892	application/octet-stream
eStab_0.9/trunk/4fsym/famfamfam_silk_icons_v013/icons/ipod.png	svn:mime-type	1e86d1bc52f24f75cdba3765b30e79519a49e5dc5c0d27605048b15591e07892	application/octet-stream
eStab_0.9/trunk/4fsym/famfamfam_silk_icons_v013/icons/ipod_cast.png	svn:mime-type	1e86d1bc52f24f75cdba3765b30e79519a49e5dc5c0d27605048b15591e07892	application/octet-stream
eStab_0.9/trunk/4fsym/famfamfam_silk_icons_v013/icons/ipod_cast_add.png	svn:mime-type	1e86d1bc52f24f75cdba3765b30e79519a49e5dc5c0d27605048b15591e07892	application/octet-stream
eStab_0.9/trunk/4fsym/famfamfam_silk_icons_v013/icons/ipod_cast_delete.png	svn:mime-type	1e86d1bc52f24f75cdba3765b30e79519a49e5dc5c0d27605048b15591e07892	application/octet-stream
eStab_0.9/trunk/4fsym/famfamfam_silk_icons_v013/icons/ipod_sound.png	svn:mime-type	1e86d1bc52f24f75cdba3765b30e79519a49e5dc5c0d27605048b15591e07892	application/octet-stream
eStab_0.9/trunk/4fsym/famfamfam_silk_icons_v013/icons/joystick.png	svn:mime-type	1e86d1bc52f24f75cdba3765b30e79519a49e5dc5c0d27605048b15591e07892	application/octet-stream
eStab_0.9/trunk/4fsym/famfamfam_silk_icons_v013/icons/joystick_add.png	svn:mime-type	1e86d1bc52f24f75cdba3765b30e79519a49e5dc5c0d27605048b15591e07892	application/octet-stream
eStab_0.9/trunk/4fsym/famfamfam_silk_icons_v013/icons/joystick_delete.png	svn:mime-type	1e86d1bc52f24f75cdba3765b30e79519a49e5dc5c0d27605048b15591e07892	application/octet-stream
eStab_0.9/trunk/4fsym/famfamfam_silk_icons_v013/icons/joystick_error.png	svn:mime-type	1e86d1bc52f24f75cdba3765b30e79519a49e5dc5c0d27605048b15591e07892	application/octet-stream
eStab_0.9/trunk/4fsym/famfamfam_silk_icons_v013/icons/key.png	svn:mime-type	1e86d1bc52f24f75cdba3765b30e79519a49e5dc5c0d27605048b15591e07892	application/octet-stream
eStab_0.9/trunk/4fsym/famfamfam_silk_icons_v013/icons/key_add.png	svn:mime-type	1e86d1bc52f24f75cdba3765b30e79519a49e5dc5c0d27605048b15591e07892	application/octet-stream
eStab_0.9/trunk/4fsym/famfamfam_silk_icons_v013/icons/key_delete.png	svn:mime-type	1e86d1bc52f24f75cdba3765b30e79519a49e5dc5c0d27605048b15591e07892	application/octet-stream
eStab_0.9/trunk/4fsym/famfamfam_silk_icons_v013/icons/key_go.png	svn:mime-type	1e86d1bc52f24f75cdba3765b30e79519a49e5dc5c0d27605048b15591e07892	application/octet-stream
eStab_0.9/trunk/4fsym/famfamfam_silk_icons_v013/icons/keyboard.png	svn:mime-type	1e86d1bc52f24f75cdba3765b30e79519a49e5dc5c0d27605048b15591e07892	application/octet-stream
eStab_0.9/trunk/4fsym/famfamfam_silk_icons_v013/icons/keyboard_add.png	svn:mime-type	1e86d1bc52f24f75cdba3765b30e79519a49e5dc5c0d27605048b15591e07892	application/octet-stream
eStab_0.9/trunk/4fsym/famfamfam_silk_icons_v013/icons/keyboard_delete.png	svn:mime-type	1e86d1bc52f24f75cdba3765b30e79519a49e5dc5c0d27605048b15591e07892	application/octet-stream
eStab_0.9/trunk/4fsym/famfamfam_silk_icons_v013/icons/keyboard_magnify.png	svn:mime-type	1e86d1bc52f24f75cdba3765b30e79519a49e5dc5c0d27605048b15591e07892	application/octet-stream
eStab_0.9/trunk/4fsym/famfamfam_silk_icons_v013/icons/layers.png	svn:mime-type	1e86d1bc52f24f75cdba3765b30e79519a49e5dc5c0d27605048b15591e07892	application/octet-stream
eStab_0.9/trunk/4fsym/famfamfam_silk_icons_v013/icons/layout.png	svn:mime-type	1e86d1bc52f24f75cdba3765b30e79519a49e5dc5c0d27605048b15591e07892	application/octet-stream
eStab_0.9/trunk/4fsym/famfamfam_silk_icons_v013/icons/layout_add.png	svn:mime-type	1e86d1bc52f24f75cdba3765b30e79519a49e5dc5c0d27605048b15591e07892	application/octet-stream
eStab_0.9/trunk/4fsym/famfamfam_silk_icons_v013/icons/layout_content.png	svn:mime-type	1e86d1bc52f24f75cdba3765b30e79519a49e5dc5c0d27605048b15591e07892	application/octet-stream
eStab_0.9/trunk/4fsym/famfamfam_silk_icons_v013/icons/layout_delete.png	svn:mime-type	1e86d1bc52f24f75cdba3765b30e79519a49e5dc5c0d27605048b15591e07892	application/octet-stream
eStab_0.9/trunk/4fsym/famfamfam_silk_icons_v013/icons/layout_edit.png	svn:mime-type	1e86d1bc52f24f75cdba3765b30e79519a49e5dc5c0d27605048b15591e07892	application/octet-stream
eStab_0.9/trunk/4fsym/famfamfam_silk_icons_v013/icons/layout_error.png	svn:mime-type	1e86d1bc52f24f75cdba3765b30e79519a49e5dc5c0d27605048b15591e07892	application/octet-stream
eStab_0.9/trunk/4fsym/famfamfam_silk_icons_v013/icons/layout_header.png	svn:mime-type	1e86d1bc52f24f75cdba3765b30e79519a49e5dc5c0d27605048b15591e07892	application/octet-stream
eStab_0.9/trunk/4fsym/famfamfam_silk_icons_v013/icons/layout_link.png	svn:mime-type	1e86d1bc52f24f75cdba3765b30e79519a49e5dc5c0d27605048b15591e07892	application/octet-stream
eStab_0.9/trunk/4fsym/famfamfam_silk_icons_v013/icons/layout_sidebar.png	svn:mime-type	1e86d1bc52f24f75cdba3765b30e79519a49e5dc5c0d27605048b15591e07892	application/octet-stream
eStab_0.9/trunk/4fsym/famfamfam_silk_icons_v013/icons/lightbulb.png	svn:mime-type	1e86d1bc52f24f75cdba3765b30e79519a49e5dc5c0d27605048b15591e07892	application/octet-stream
eStab_0.9/trunk/4fsym/famfamfam_silk_icons_v013/icons/lightbulb_add.png	svn:mime-type	1e86d1bc52f24f75cdba3765b30e79519a49e5dc5c0d27605048b15591e07892	application/octet-stream
eStab_0.9/trunk/4fsym/famfamfam_silk_icons_v013/icons/lightbulb_delete.png	svn:mime-type	1e86d1bc52f24f75cdba3765b30e79519a49e5dc5c0d27605048b15591e07892	application/octet-stream
eStab_0.9/trunk/4fsym/famfamfam_silk_icons_v013/icons/lightbulb_off.png	svn:mime-type	1e86d1bc52f24f75cdba3765b30e79519a49e5dc5c0d27605048b15591e07892	application/octet-stream
eStab_0.9/trunk/4fsym/famfamfam_silk_icons_v013/icons/lightning.png	svn:mime-type	1e86d1bc52f24f75cdba3765b30e79519a49e5dc5c0d27605048b15591e07892	application/octet-stream
eStab_0.9/trunk/4fsym/famfamfam_silk_icons_v013/icons/lightning_add.png	svn:mime-type	1e86d1bc52f24f75cdba3765b30e79519a49e5dc5c0d27605048b15591e07892	application/octet-stream
eStab_0.9/trunk/4fsym/famfamfam_silk_icons_v013/icons/lightning_delete.png	svn:mime-type	1e86d1bc52f24f75cdba3765b30e79519a49e5dc5c0d27605048b15591e07892	application/octet-stream
eStab_0.9/trunk/4fsym/famfamfam_silk_icons_v013/icons/lightning_go.png	svn:mime-type	1e86d1bc52f24f75cdba3765b30e79519a49e5dc5c0d27605048b15591e07892	application/octet-stream
eStab_0.9/trunk/4fsym/famfamfam_silk_icons_v013/icons/link.png	svn:mime-type	1e86d1bc52f24f75cdba3765b30e79519a49e5dc5c0d27605048b15591e07892	application/octet-stream
eStab_0.9/trunk/4fsym/famfamfam_silk_icons_v013/icons/link_add.png	svn:mime-type	1e86d1bc52f24f75cdba3765b30e79519a49e5dc5c0d27605048b15591e07892	application/octet-stream
eStab_0.9/trunk/4fsym/famfamfam_silk_icons_v013/icons/link_break.png	svn:mime-type	1e86d1bc52f24f75cdba3765b30e79519a49e5dc5c0d27605048b15591e07892	application/octet-stream
eStab_0.9/trunk/4fsym/famfamfam_silk_icons_v013/icons/link_delete.png	svn:mime-type	1e86d1bc52f24f75cdba3765b30e79519a49e5dc5c0d27605048b15591e07892	application/octet-stream
eStab_0.9/trunk/4fsym/famfamfam_silk_icons_v013/icons/link_edit.png	svn:mime-type	1e86d1bc52f24f75cdba3765b30e79519a49e5dc5c0d27605048b15591e07892	application/octet-stream
eStab_0.9/trunk/4fsym/famfamfam_silk_icons_v013/icons/link_error.png	svn:mime-type	1e86d1bc52f24f75cdba3765b30e79519a49e5dc5c0d27605048b15591e07892	application/octet-stream
eStab_0.9/trunk/4fsym/famfamfam_silk_icons_v013/icons/link_go.png	svn:mime-type	1e86d1bc52f24f75cdba3765b30e79519a49e5dc5c0d27605048b15591e07892	application/octet-stream
eStab_0.9/trunk/4fsym/famfamfam_silk_icons_v013/icons/lock.png	svn:mime-type	1e86d1bc52f24f75cdba3765b30e79519a49e5dc5c0d27605048b15591e07892	application/octet-stream
eStab_0.9/trunk/4fsym/famfamfam_silk_icons_v013/icons/lock_add.png	svn:mime-type	1e86d1bc52f24f75cdba3765b30e79519a49e5dc5c0d27605048b15591e07892	application/octet-stream
eStab_0.9/trunk/4fsym/famfamfam_silk_icons_v013/icons/lock_break.png	svn:mime-type	1e86d1bc52f24f75cdba3765b30e79519a49e5dc5c0d27605048b15591e07892	application/octet-stream
eStab_0.9/trunk/4fsym/famfamfam_silk_icons_v013/icons/lock_delete.png	svn:mime-type	1e86d1bc52f24f75cdba3765b30e79519a49e5dc5c0d27605048b15591e07892	application/octet-stream
eStab_0.9/trunk/4fsym/famfamfam_silk_icons_v013/icons/lock_edit.png	svn:mime-type	1e86d1bc52f24f75cdba3765b30e79519a49e5dc5c0d27605048b15591e07892	application/octet-stream
eStab_0.9/trunk/4fsym/famfamfam_silk_icons_v013/icons/lock_go.png	svn:mime-type	1e86d1bc52f24f75cdba3765b30e79519a49e5dc5c0d27605048b15591e07892	application/octet-stream
eStab_0.9/trunk/4fsym/famfamfam_silk_icons_v013/icons/lock_open.png	svn:mime-type	1e86d1bc52f24f75cdba3765b30e79519a49e5dc5c0d27605048b15591e07892	application/octet-stream
eStab_0.9/trunk/4fsym/famfamfam_silk_icons_v013/icons/lorry.png	svn:mime-type	1e86d1bc52f24f75cdba3765b30e79519a49e5dc5c0d27605048b15591e07892	application/octet-stream
eStab_0.9/trunk/4fsym/famfamfam_silk_icons_v013/icons/lorry_add.png	svn:mime-type	1e86d1bc52f24f75cdba3765b30e79519a49e5dc5c0d27605048b15591e07892	application/octet-stream
eStab_0.9/trunk/4fsym/famfamfam_silk_icons_v013/icons/lorry_delete.png	svn:mime-type	1e86d1bc52f24f75cdba3765b30e79519a49e5dc5c0d27605048b15591e07892	application/octet-stream
eStab_0.9/trunk/4fsym/famfamfam_silk_icons_v013/icons/lorry_error.png	svn:mime-type	1e86d1bc52f24f75cdba3765b30e79519a49e5dc5c0d27605048b15591e07892	application/octet-stream
eStab_0.9/trunk/4fsym/famfamfam_silk_icons_v013/icons/lorry_flatbed.png	svn:mime-type	1e86d1bc52f24f75cdba3765b30e79519a49e5dc5c0d27605048b15591e07892	application/octet-stream
eStab_0.9/trunk/4fsym/famfamfam_silk_icons_v013/icons/lorry_go.png	svn:mime-type	1e86d1bc52f24f75cdba3765b30e79519a49e5dc5c0d27605048b15591e07892	application/octet-stream
eStab_0.9/trunk/4fsym/famfamfam_silk_icons_v013/icons/lorry_link.png	svn:mime-type	1e86d1bc52f24f75cdba3765b30e79519a49e5dc5c0d27605048b15591e07892	application/octet-stream
eStab_0.9/trunk/4fsym/famfamfam_silk_icons_v013/icons/magifier_zoom_out.png	svn:mime-type	1e86d1bc52f24f75cdba3765b30e79519a49e5dc5c0d27605048b15591e07892	application/octet-stream
eStab_0.9/trunk/4fsym/famfamfam_silk_icons_v013/icons/magnifier.png	svn:mime-type	1e86d1bc52f24f75cdba3765b30e79519a49e5dc5c0d27605048b15591e07892	application/octet-stream
eStab_0.9/trunk/4fsym/famfamfam_silk_icons_v013/icons/magnifier_zoom_in.png	svn:mime-type	1e86d1bc52f24f75cdba3765b30e79519a49e5dc5c0d27605048b15591e07892	application/octet-stream
eStab_0.9/trunk/4fsym/famfamfam_silk_icons_v013/icons/male.png	svn:mime-type	1e86d1bc52f24f75cdba3765b30e79519a49e5dc5c0d27605048b15591e07892	application/octet-stream
eStab_0.9/trunk/4fsym/famfamfam_silk_icons_v013/icons/map.png	svn:mime-type	1e86d1bc52f24f75cdba3765b30e79519a49e5dc5c0d27605048b15591e07892	application/octet-stream
eStab_0.9/trunk/4fsym/famfamfam_silk_icons_v013/icons/map_add.png	svn:mime-type	1e86d1bc52f24f75cdba3765b30e79519a49e5dc5c0d27605048b15591e07892	application/octet-stream
eStab_0.9/trunk/4fsym/famfamfam_silk_icons_v013/icons/map_delete.png	svn:mime-type	1e86d1bc52f24f75cdba3765b30e79519a49e5dc5c0d27605048b15591e07892	application/octet-stream
eStab_0.9/trunk/4fsym/famfamfam_silk_icons_v013/icons/map_edit.png	svn:mime-type	1e86d1bc52f24f75cdba3765b30e79519a49e5dc5c0d27605048b15591e07892	application/octet-stream
eStab_0.9/trunk/4fsym/famfamfam_silk_icons_v013/icons/map_go.png	svn:mime-type	1e86d1bc52f24f75cdba3765b30e79519a49e5dc5c0d27605048b15591e07892	application/octet-stream
eStab_0.9/trunk/4fsym/famfamfam_silk_icons_v013/icons/map_magnify.png	svn:mime-type	1e86d1bc52f24f75cdba3765b30e79519a49e5dc5c0d27605048b15591e07892	application/octet-stream
eStab_0.9/trunk/4fsym/famfamfam_silk_icons_v013/icons/medal_bronze_1.png	svn:mime-type	1e86d1bc52f24f75cdba3765b30e79519a49e5dc5c0d27605048b15591e07892	application/octet-stream
eStab_0.9/trunk/4fsym/famfamfam_silk_icons_v013/icons/medal_bronze_2.png	svn:mime-type	1e86d1bc52f24f75cdba3765b30e79519a49e5dc5c0d27605048b15591e07892	application/octet-stream
eStab_0.9/trunk/4fsym/famfamfam_silk_icons_v013/icons/medal_bronze_3.png	svn:mime-type	1e86d1bc52f24f75cdba3765b30e79519a49e5dc5c0d27605048b15591e07892	application/octet-stream
eStab_0.9/trunk/4fsym/famfamfam_silk_icons_v013/icons/medal_bronze_add.png	svn:mime-type	1e86d1bc52f24f75cdba3765b30e79519a49e5dc5c0d27605048b15591e07892	application/octet-stream
eStab_0.9/trunk/4fsym/famfamfam_silk_icons_v013/icons/medal_bronze_delete.png	svn:mime-type	1e86d1bc52f24f75cdba3765b30e79519a49e5dc5c0d27605048b15591e07892	application/octet-stream
eStab_0.9/trunk/4fsym/famfamfam_silk_icons_v013/icons/medal_gold_1.png	svn:mime-type	1e86d1bc52f24f75cdba3765b30e79519a49e5dc5c0d27605048b15591e07892	application/octet-stream
eStab_0.9/trunk/4fsym/famfamfam_silk_icons_v013/icons/medal_gold_2.png	svn:mime-type	1e86d1bc52f24f75cdba3765b30e79519a49e5dc5c0d27605048b15591e07892	application/octet-stream
eStab_0.9/trunk/4fsym/famfamfam_silk_icons_v013/icons/medal_gold_3.png	svn:mime-type	1e86d1bc52f24f75cdba3765b30e79519a49e5dc5c0d27605048b15591e07892	application/octet-stream
eStab_0.9/trunk/4fsym/famfamfam_silk_icons_v013/icons/medal_gold_add.png	svn:mime-type	1e86d1bc52f24f75cdba3765b30e79519a49e5dc5c0d27605048b15591e07892	application/octet-stream
eStab_0.9/trunk/4fsym/famfamfam_silk_icons_v013/icons/medal_gold_delete.png	svn:mime-type	1e86d1bc52f24f75cdba3765b30e79519a49e5dc5c0d27605048b15591e07892	application/octet-stream
eStab_0.9/trunk/4fsym/famfamfam_silk_icons_v013/icons/medal_silver_1.png	svn:mime-type	1e86d1bc52f24f75cdba3765b30e79519a49e5dc5c0d27605048b15591e07892	application/octet-stream
eStab_0.9/trunk/4fsym/famfamfam_silk_icons_v013/icons/medal_silver_2.png	svn:mime-type	1e86d1bc52f24f75cdba3765b30e79519a49e5dc5c0d27605048b15591e07892	application/octet-stream
eStab_0.9/trunk/4fsym/famfamfam_silk_icons_v013/icons/medal_silver_3.png	svn:mime-type	1e86d1bc52f24f75cdba3765b30e79519a49e5dc5c0d27605048b15591e07892	application/octet-stream
eStab_0.9/trunk/4fsym/famfamfam_silk_icons_v013/icons/medal_silver_add.png	svn:mime-type	1e86d1bc52f24f75cdba3765b30e79519a49e5dc5c0d27605048b15591e07892	application/octet-stream
eStab_0.9/trunk/4fsym/famfamfam_silk_icons_v013/icons/medal_silver_delete.png	svn:mime-type	1e86d1bc52f24f75cdba3765b30e79519a49e5dc5c0d27605048b15591e07892	application/octet-stream
eStab_0.9/trunk/4fsym/famfamfam_silk_icons_v013/icons/money.png	svn:mime-type	1e86d1bc52f24f75cdba3765b30e79519a49e5dc5c0d27605048b15591e07892	application/octet-stream
eStab_0.9/trunk/4fsym/famfamfam_silk_icons_v013/icons/money_add.png	svn:mime-type	1e86d1bc52f24f75cdba3765b30e79519a49e5dc5c0d27605048b15591e07892	application/octet-stream
eStab_0.9/trunk/4fsym/famfamfam_silk_icons_v013/icons/money_delete.png	svn:mime-type	1e86d1bc52f24f75cdba3765b30e79519a49e5dc5c0d27605048b15591e07892	application/octet-stream
eStab_0.9/trunk/4fsym/famfamfam_silk_icons_v013/icons/money_dollar.png	svn:mime-type	1e86d1bc52f24f75cdba3765b30e79519a49e5dc5c0d27605048b15591e07892	application/octet-stream
eStab_0.9/trunk/4fsym/famfamfam_silk_icons_v013/icons/money_euro.png	svn:mime-type	1e86d1bc52f24f75cdba3765b30e79519a49e5dc5c0d27605048b15591e07892	application/octet-stream
eStab_0.9/trunk/4fsym/famfamfam_silk_icons_v013/icons/money_pound.png	svn:mime-type	1e86d1bc52f24f75cdba3765b30e79519a49e5dc5c0d27605048b15591e07892	application/octet-stream
eStab_0.9/trunk/4fsym/famfamfam_silk_icons_v013/icons/money_yen.png	svn:mime-type	1e86d1bc52f24f75cdba3765b30e79519a49e5dc5c0d27605048b15591e07892	application/octet-stream
eStab_0.9/trunk/4fsym/famfamfam_silk_icons_v013/icons/monitor.png	svn:mime-type	1e86d1bc52f24f75cdba3765b30e79519a49e5dc5c0d27605048b15591e07892	application/octet-stream
eStab_0.9/trunk/4fsym/famfamfam_silk_icons_v013/icons/monitor_add.png	svn:mime-type	1e86d1bc52f24f75cdba3765b30e79519a49e5dc5c0d27605048b15591e07892	application/octet-stream
eStab_0.9/trunk/4fsym/famfamfam_silk_icons_v013/icons/monitor_delete.png	svn:mime-type	1e86d1bc52f24f75cdba3765b30e79519a49e5dc5c0d27605048b15591e07892	application/octet-stream
eStab_0.9/trunk/4fsym/famfamfam_silk_icons_v013/icons/monitor_edit.png	svn:mime-type	1e86d1bc52f24f75cdba3765b30e79519a49e5dc5c0d27605048b15591e07892	application/octet-stream
eStab_0.9/trunk/4fsym/famfamfam_silk_icons_v013/icons/monitor_error.png	svn:mime-type	1e86d1bc52f24f75cdba3765b30e79519a49e5dc5c0d27605048b15591e07892	application/octet-stream
eStab_0.9/trunk/4fsym/famfamfam_silk_icons_v013/icons/monitor_go.png	svn:mime-type	1e86d1bc52f24f75cdba3765b30e79519a49e5dc5c0d27605048b15591e07892	application/octet-stream
eStab_0.9/trunk/4fsym/famfamfam_silk_icons_v013/icons/monitor_lightning.png	svn:mime-type	1e86d1bc52f24f75cdba3765b30e79519a49e5dc5c0d27605048b15591e07892	application/octet-stream
eStab_0.9/trunk/4fsym/famfamfam_silk_icons_v013/icons/monitor_link.png	svn:mime-type	1e86d1bc52f24f75cdba3765b30e79519a49e5dc5c0d27605048b15591e07892	application/octet-stream
eStab_0.9/trunk/4fsym/famfamfam_silk_icons_v013/icons/mouse.png	svn:mime-type	1e86d1bc52f24f75cdba3765b30e79519a49e5dc5c0d27605048b15591e07892	application/octet-stream
eStab_0.9/trunk/4fsym/famfamfam_silk_icons_v013/icons/mouse_add.png	svn:mime-type	1e86d1bc52f24f75cdba3765b30e79519a49e5dc5c0d27605048b15591e07892	application/octet-stream
eStab_0.9/trunk/4fsym/famfamfam_silk_icons_v013/icons/mouse_delete.png	svn:mime-type	1e86d1bc52f24f75cdba3765b30e79519a49e5dc5c0d27605048b15591e07892	application/octet-stream
eStab_0.9/trunk/4fsym/famfamfam_silk_icons_v013/icons/mouse_error.png	svn:mime-type	1e86d1bc52f24f75cdba3765b30e79519a49e5dc5c0d27605048b15591e07892	application/octet-stream
eStab_0.9/trunk/4fsym/famfamfam_silk_icons_v013/icons/music.png	svn:mime-type	1e86d1bc52f24f75cdba3765b30e79519a49e5dc5c0d27605048b15591e07892	application/octet-stream
eStab_0.9/trunk/4fsym/famfamfam_silk_icons_v013/icons/new.png	svn:mime-type	1e86d1bc52f24f75cdba3765b30e79519a49e5dc5c0d27605048b15591e07892	application/octet-stream
eStab_0.9/trunk/4fsym/famfamfam_silk_icons_v013/icons/newspaper.png	svn:mime-type	1e86d1bc52f24f75cdba3765b30e79519a49e5dc5c0d27605048b15591e07892	application/octet-stream
eStab_0.9/trunk/4fsym/famfamfam_silk_icons_v013/icons/newspaper_add.png	svn:mime-type	1e86d1bc52f24f75cdba3765b30e79519a49e5dc5c0d27605048b15591e07892	application/octet-stream
eStab_0.9/trunk/4fsym/famfamfam_silk_icons_v013/icons/newspaper_delete.png	svn:mime-type	1e86d1bc52f24f75cdba3765b30e79519a49e5dc5c0d27605048b15591e07892	application/octet-stream
eStab_0.9/trunk/4fsym/famfamfam_silk_icons_v013/icons/newspaper_go.png	svn:mime-type	1e86d1bc52f24f75cdba3765b30e79519a49e5dc5c0d27605048b15591e07892	application/octet-stream
eStab_0.9/trunk/4fsym/famfamfam_silk_icons_v013/icons/newspaper_link.png	svn:mime-type	1e86d1bc52f24f75cdba3765b30e79519a49e5dc5c0d27605048b15591e07892	application/octet-stream
eStab_0.9/trunk/4fsym/famfamfam_silk_icons_v013/icons/note.png	svn:mime-type	1e86d1bc52f24f75cdba3765b30e79519a49e5dc5c0d27605048b15591e07892	application/octet-stream
eStab_0.9/trunk/4fsym/famfamfam_silk_icons_v013/icons/note_add.png	svn:mime-type	1e86d1bc52f24f75cdba3765b30e79519a49e5dc5c0d27605048b15591e07892	application/octet-stream
eStab_0.9/trunk/4fsym/famfamfam_silk_icons_v013/icons/note_delete.png	svn:mime-type	1e86d1bc52f24f75cdba3765b30e79519a49e5dc5c0d27605048b15591e07892	application/octet-stream
eStab_0.9/trunk/4fsym/famfamfam_silk_icons_v013/icons/note_edit.png	svn:mime-type	1e86d1bc52f24f75cdba3765b30e79519a49e5dc5c0d27605048b15591e07892	application/octet-stream
eStab_0.9/trunk/4fsym/famfamfam_silk_icons_v013/icons/note_error.png	svn:mime-type	1e86d1bc52f24f75cdba3765b30e79519a49e5dc5c0d27605048b15591e07892	application/octet-stream
eStab_0.9/trunk/4fsym/famfamfam_silk_icons_v013/icons/note_go.png	svn:mime-type	1e86d1bc52f24f75cdba3765b30e79519a49e5dc5c0d27605048b15591e07892	application/octet-stream
eStab_0.9/trunk/4fsym/famfamfam_silk_icons_v013/icons/overlays.png	svn:mime-type	1e86d1bc52f24f75cdba3765b30e79519a49e5dc5c0d27605048b15591e07892	application/octet-stream
eStab_0.9/trunk/4fsym/famfamfam_silk_icons_v013/icons/package.png	svn:mime-type	1e86d1bc52f24f75cdba3765b30e79519a49e5dc5c0d27605048b15591e07892	application/octet-stream
eStab_0.9/trunk/4fsym/famfamfam_silk_icons_v013/icons/package_add.png	svn:mime-type	1e86d1bc52f24f75cdba3765b30e79519a49e5dc5c0d27605048b15591e07892	application/octet-stream
eStab_0.9/trunk/4fsym/famfamfam_silk_icons_v013/icons/package_delete.png	svn:mime-type	1e86d1bc52f24f75cdba3765b30e79519a49e5dc5c0d27605048b15591e07892	application/octet-stream
eStab_0.9/trunk/4fsym/famfamfam_silk_icons_v013/icons/package_go.png	svn:mime-type	1e86d1bc52f24f75cdba3765b30e79519a49e5dc5c0d27605048b15591e07892	application/octet-stream
eStab_0.9/trunk/4fsym/famfamfam_silk_icons_v013/icons/package_green.png	svn:mime-type	1e86d1bc52f24f75cdba3765b30e79519a49e5dc5c0d27605048b15591e07892	application/octet-stream
eStab_0.9/trunk/4fsym/famfamfam_silk_icons_v013/icons/package_link.png	svn:mime-type	1e86d1bc52f24f75cdba3765b30e79519a49e5dc5c0d27605048b15591e07892	application/octet-stream
eStab_0.9/trunk/4fsym/famfamfam_silk_icons_v013/icons/page.png	svn:mime-type	1e86d1bc52f24f75cdba3765b30e79519a49e5dc5c0d27605048b15591e07892	application/octet-stream
eStab_0.9/trunk/4fsym/famfamfam_silk_icons_v013/icons/page_add.png	svn:mime-type	1e86d1bc52f24f75cdba3765b30e79519a49e5dc5c0d27605048b15591e07892	application/octet-stream
eStab_0.9/trunk/4fsym/famfamfam_silk_icons_v013/icons/page_attach.png	svn:mime-type	1e86d1bc52f24f75cdba3765b30e79519a49e5dc5c0d27605048b15591e07892	application/octet-stream
eStab_0.9/trunk/4fsym/famfamfam_silk_icons_v013/icons/page_code.png	svn:mime-type	1e86d1bc52f24f75cdba3765b30e79519a49e5dc5c0d27605048b15591e07892	application/octet-stream
eStab_0.9/trunk/4fsym/famfamfam_silk_icons_v013/icons/page_copy.png	svn:mime-type	1e86d1bc52f24f75cdba3765b30e79519a49e5dc5c0d27605048b15591e07892	application/octet-stream
eStab_0.9/trunk/4fsym/famfamfam_silk_icons_v013/icons/page_delete.png	svn:mime-type	1e86d1bc52f24f75cdba3765b30e79519a49e5dc5c0d27605048b15591e07892	application/octet-stream
eStab_0.9/trunk/4fsym/famfamfam_silk_icons_v013/icons/page_edit.png	svn:mime-type	1e86d1bc52f24f75cdba3765b30e79519a49e5dc5c0d27605048b15591e07892	application/octet-stream
eStab_0.9/trunk/4fsym/famfamfam_silk_icons_v013/icons/page_error.png	svn:mime-type	1e86d1bc52f24f75cdba3765b30e79519a49e5dc5c0d27605048b15591e07892	application/octet-stream
eStab_0.9/trunk/4fsym/famfamfam_silk_icons_v013/icons/page_excel.png	svn:mime-type	1e86d1bc52f24f75cdba3765b30e79519a49e5dc5c0d27605048b15591e07892	application/octet-stream
eStab_0.9/trunk/4fsym/famfamfam_silk_icons_v013/icons/page_find.png	svn:mime-type	1e86d1bc52f24f75cdba3765b30e79519a49e5dc5c0d27605048b15591e07892	application/octet-stream
eStab_0.9/trunk/4fsym/famfamfam_silk_icons_v013/icons/page_gear.png	svn:mime-type	1e86d1bc52f24f75cdba3765b30e79519a49e5dc5c0d27605048b15591e07892	application/octet-stream
eStab_0.9/trunk/4fsym/famfamfam_silk_icons_v013/icons/page_go.png	svn:mime-type	1e86d1bc52f24f75cdba3765b30e79519a49e5dc5c0d27605048b15591e07892	application/octet-stream
eStab_0.9/trunk/4fsym/famfamfam_silk_icons_v013/icons/page_green.png	svn:mime-type	1e86d1bc52f24f75cdba3765b30e79519a49e5dc5c0d27605048b15591e07892	application/octet-stream
eStab_0.9/trunk/4fsym/famfamfam_silk_icons_v013/icons/page_key.png	svn:mime-type	1e86d1bc52f24f75cdba3765b30e79519a49e5dc5c0d27605048b15591e07892	application/octet-stream
eStab_0.9/trunk/4fsym/famfamfam_silk_icons_v013/icons/page_lightning.png	svn:mime-type	1e86d1bc52f24f75cdba3765b30e79519a49e5dc5c0d27605048b15591e07892	application/octet-stream
eStab_0.9/trunk/4fsym/famfamfam_silk_icons_v013/icons/page_link.png	svn:mime-type	1e86d1bc52f24f75cdba3765b30e79519a49e5dc5c0d27605048b15591e07892	application/octet-stream
eStab_0.9/trunk/4fsym/famfamfam_silk_icons_v013/icons/page_paintbrush.png	svn:mime-type	1e86d1bc52f24f75cdba3765b30e79519a49e5dc5c0d27605048b15591e07892	application/octet-stream
eStab_0.9/trunk/4fsym/famfamfam_silk_icons_v013/icons/page_paste.png	svn:mime-type	1e86d1bc52f24f75cdba3765b30e79519a49e5dc5c0d27605048b15591e07892	application/octet-stream
eStab_0.9/trunk/4fsym/famfamfam_silk_icons_v013/icons/page_red.png	svn:mime-type	1e86d1bc52f24f75cdba3765b30e79519a49e5dc5c0d27605048b15591e07892	application/octet-stream
eStab_0.9/trunk/4fsym/famfamfam_silk_icons_v013/icons/page_refresh.png	svn:mime-type	1e86d1bc52f24f75cdba3765b30e79519a49e5dc5c0d27605048b15591e07892	application/octet-stream
eStab_0.9/trunk/4fsym/famfamfam_silk_icons_v013/icons/page_save.png	svn:mime-type	1e86d1bc52f24f75cdba3765b30e79519a49e5dc5c0d27605048b15591e07892	application/octet-stream
eStab_0.9/trunk/4fsym/famfamfam_silk_icons_v013/icons/page_white.png	svn:mime-type	1e86d1bc52f24f75cdba3765b30e79519a49e5dc5c0d27605048b15591e07892	application/octet-stream
eStab_0.9/trunk/4fsym/famfamfam_silk_icons_v013/icons/page_white_acrobat.png	svn:mime-type	1e86d1bc52f24f75cdba3765b30e79519a49e5dc5c0d27605048b15591e07892	application/octet-stream
eStab_0.9/trunk/4fsym/famfamfam_silk_icons_v013/icons/page_white_actionscript.png	svn:mime-type	1e86d1bc52f24f75cdba3765b30e79519a49e5dc5c0d27605048b15591e07892	application/octet-stream
eStab_0.9/trunk/4fsym/famfamfam_silk_icons_v013/icons/page_white_add.png	svn:mime-type	1e86d1bc52f24f75cdba3765b30e79519a49e5dc5c0d27605048b15591e07892	application/octet-stream
eStab_0.9/trunk/4fsym/famfamfam_silk_icons_v013/icons/page_white_c.png	svn:mime-type	1e86d1bc52f24f75cdba3765b30e79519a49e5dc5c0d27605048b15591e07892	application/octet-stream
eStab_0.9/trunk/4fsym/famfamfam_silk_icons_v013/icons/page_white_camera.png	svn:mime-type	1e86d1bc52f24f75cdba3765b30e79519a49e5dc5c0d27605048b15591e07892	application/octet-stream
eStab_0.9/trunk/4fsym/famfamfam_silk_icons_v013/icons/page_white_cd.png	svn:mime-type	1e86d1bc52f24f75cdba3765b30e79519a49e5dc5c0d27605048b15591e07892	application/octet-stream
eStab_0.9/trunk/4fsym/famfamfam_silk_icons_v013/icons/page_white_code.png	svn:mime-type	1e86d1bc52f24f75cdba3765b30e79519a49e5dc5c0d27605048b15591e07892	application/octet-stream
eStab_0.9/trunk/4fsym/famfamfam_silk_icons_v013/icons/page_white_code_red.png	svn:mime-type	1e86d1bc52f24f75cdba3765b30e79519a49e5dc5c0d27605048b15591e07892	application/octet-stream
eStab_0.9/trunk/4fsym/famfamfam_silk_icons_v013/icons/page_white_coldfusion.png	svn:mime-type	1e86d1bc52f24f75cdba3765b30e79519a49e5dc5c0d27605048b15591e07892	application/octet-stream
eStab_0.9/trunk/4fsym/famfamfam_silk_icons_v013/icons/page_white_compressed.png	svn:mime-type	1e86d1bc52f24f75cdba3765b30e79519a49e5dc5c0d27605048b15591e07892	application/octet-stream
eStab_0.9/trunk/4fsym/famfamfam_silk_icons_v013/icons/page_white_copy.png	svn:mime-type	1e86d1bc52f24f75cdba3765b30e79519a49e5dc5c0d27605048b15591e07892	application/octet-stream
eStab_0.9/trunk/4fsym/famfamfam_silk_icons_v013/icons/page_white_cplusplus.png	svn:mime-type	1e86d1bc52f24f75cdba3765b30e79519a49e5dc5c0d27605048b15591e07892	application/octet-stream
eStab_0.9/trunk/4fsym/famfamfam_silk_icons_v013/icons/page_white_csharp.png	svn:mime-type	1e86d1bc52f24f75cdba3765b30e79519a49e5dc5c0d27605048b15591e07892	application/octet-stream
eStab_0.9/trunk/4fsym/famfamfam_silk_icons_v013/icons/page_white_cup.png	svn:mime-type	1e86d1bc52f24f75cdba3765b30e79519a49e5dc5c0d27605048b15591e07892	application/octet-stream
eStab_0.9/trunk/4fsym/famfamfam_silk_icons_v013/icons/page_white_database.png	svn:mime-type	1e86d1bc52f24f75cdba3765b30e79519a49e5dc5c0d27605048b15591e07892	application/octet-stream
eStab_0.9/trunk/4fsym/famfamfam_silk_icons_v013/icons/page_white_delete.png	svn:mime-type	1e86d1bc52f24f75cdba3765b30e79519a49e5dc5c0d27605048b15591e07892	application/octet-stream
eStab_0.9/trunk/4fsym/famfamfam_silk_icons_v013/icons/page_white_dvd.png	svn:mime-type	1e86d1bc52f24f75cdba3765b30e79519a49e5dc5c0d27605048b15591e07892	application/octet-stream
eStab_0.9/trunk/4fsym/famfamfam_silk_icons_v013/icons/page_white_edit.png	svn:mime-type	1e86d1bc52f24f75cdba3765b30e79519a49e5dc5c0d27605048b15591e07892	application/octet-stream
eStab_0.9/trunk/4fsym/famfamfam_silk_icons_v013/icons/page_white_error.png	svn:mime-type	1e86d1bc52f24f75cdba3765b30e79519a49e5dc5c0d27605048b15591e07892	application/octet-stream
eStab_0.9/trunk/4fsym/famfamfam_silk_icons_v013/icons/page_white_excel.png	svn:mime-type	1e86d1bc52f24f75cdba3765b30e79519a49e5dc5c0d27605048b15591e07892	application/octet-stream
eStab_0.9/trunk/4fsym/famfamfam_silk_icons_v013/icons/page_white_find.png	svn:mime-type	1e86d1bc52f24f75cdba3765b30e79519a49e5dc5c0d27605048b15591e07892	application/octet-stream
eStab_0.9/trunk/4fsym/famfamfam_silk_icons_v013/icons/page_white_flash.png	svn:mime-type	1e86d1bc52f24f75cdba3765b30e79519a49e5dc5c0d27605048b15591e07892	application/octet-stream
eStab_0.9/trunk/4fsym/famfamfam_silk_icons_v013/icons/page_white_freehand.png	svn:mime-type	1e86d1bc52f24f75cdba3765b30e79519a49e5dc5c0d27605048b15591e07892	application/octet-stream
eStab_0.9/trunk/4fsym/famfamfam_silk_icons_v013/icons/page_white_gear.png	svn:mime-type	1e86d1bc52f24f75cdba3765b30e79519a49e5dc5c0d27605048b15591e07892	application/octet-stream
eStab_0.9/trunk/4fsym/famfamfam_silk_icons_v013/icons/page_white_get.png	svn:mime-type	1e86d1bc52f24f75cdba3765b30e79519a49e5dc5c0d27605048b15591e07892	application/octet-stream
eStab_0.9/trunk/4fsym/famfamfam_silk_icons_v013/icons/page_white_go.png	svn:mime-type	1e86d1bc52f24f75cdba3765b30e79519a49e5dc5c0d27605048b15591e07892	application/octet-stream
eStab_0.9/trunk/4fsym/famfamfam_silk_icons_v013/icons/page_white_h.png	svn:mime-type	1e86d1bc52f24f75cdba3765b30e79519a49e5dc5c0d27605048b15591e07892	application/octet-stream
eStab_0.9/trunk/4fsym/famfamfam_silk_icons_v013/icons/page_white_horizontal.png	svn:mime-type	1e86d1bc52f24f75cdba3765b30e79519a49e5dc5c0d27605048b15591e07892	application/octet-stream
eStab_0.9/trunk/4fsym/famfamfam_silk_icons_v013/icons/page_white_key.png	svn:mime-type	1e86d1bc52f24f75cdba3765b30e79519a49e5dc5c0d27605048b15591e07892	application/octet-stream
eStab_0.9/trunk/4fsym/famfamfam_silk_icons_v013/icons/page_white_lightning.png	svn:mime-type	1e86d1bc52f24f75cdba3765b30e79519a49e5dc5c0d27605048b15591e07892	application/octet-stream
eStab_0.9/trunk/4fsym/famfamfam_silk_icons_v013/icons/page_white_link.png	svn:mime-type	1e86d1bc52f24f75cdba3765b30e79519a49e5dc5c0d27605048b15591e07892	application/octet-stream
eStab_0.9/trunk/4fsym/famfamfam_silk_icons_v013/icons/page_white_magnify.png	svn:mime-type	1e86d1bc52f24f75cdba3765b30e79519a49e5dc5c0d27605048b15591e07892	application/octet-stream
eStab_0.9/trunk/4fsym/famfamfam_silk_icons_v013/icons/page_white_medal.png	svn:mime-type	1e86d1bc52f24f75cdba3765b30e79519a49e5dc5c0d27605048b15591e07892	application/octet-stream
eStab_0.9/trunk/4fsym/famfamfam_silk_icons_v013/icons/page_white_office.png	svn:mime-type	1e86d1bc52f24f75cdba3765b30e79519a49e5dc5c0d27605048b15591e07892	application/octet-stream
eStab_0.9/trunk/4fsym/famfamfam_silk_icons_v013/icons/page_white_paint.png	svn:mime-type	1e86d1bc52f24f75cdba3765b30e79519a49e5dc5c0d27605048b15591e07892	application/octet-stream
eStab_0.9/trunk/4fsym/famfamfam_silk_icons_v013/icons/page_white_paintbrush.png	svn:mime-type	1e86d1bc52f24f75cdba3765b30e79519a49e5dc5c0d27605048b15591e07892	application/octet-stream
eStab_0.9/trunk/4fsym/famfamfam_silk_icons_v013/icons/page_white_paste.png	svn:mime-type	1e86d1bc52f24f75cdba3765b30e79519a49e5dc5c0d27605048b15591e07892	application/octet-stream
eStab_0.9/trunk/4fsym/famfamfam_silk_icons_v013/icons/page_white_php.png	svn:mime-type	1e86d1bc52f24f75cdba3765b30e79519a49e5dc5c0d27605048b15591e07892	application/octet-stream
eStab_0.9/trunk/4fsym/famfamfam_silk_icons_v013/icons/page_white_picture.png	svn:mime-type	1e86d1bc52f24f75cdba3765b30e79519a49e5dc5c0d27605048b15591e07892	application/octet-stream
eStab_0.9/trunk/4fsym/famfamfam_silk_icons_v013/icons/page_white_powerpoint.png	svn:mime-type	1e86d1bc52f24f75cdba3765b30e79519a49e5dc5c0d27605048b15591e07892	application/octet-stream
eStab_0.9/trunk/4fsym/famfamfam_silk_icons_v013/icons/page_white_put.png	svn:mime-type	1e86d1bc52f24f75cdba3765b30e79519a49e5dc5c0d27605048b15591e07892	application/octet-stream
eStab_0.9/trunk/4fsym/famfamfam_silk_icons_v013/icons/page_white_ruby.png	svn:mime-type	1e86d1bc52f24f75cdba3765b30e79519a49e5dc5c0d27605048b15591e07892	application/octet-stream
eStab_0.9/trunk/4fsym/famfamfam_silk_icons_v013/icons/page_white_stack.png	svn:mime-type	1e86d1bc52f24f75cdba3765b30e79519a49e5dc5c0d27605048b15591e07892	application/octet-stream
eStab_0.9/trunk/4fsym/famfamfam_silk_icons_v013/icons/page_white_star.png	svn:mime-type	1e86d1bc52f24f75cdba3765b30e79519a49e5dc5c0d27605048b15591e07892	application/octet-stream
eStab_0.9/trunk/4fsym/famfamfam_silk_icons_v013/icons/page_white_swoosh.png	svn:mime-type	1e86d1bc52f24f75cdba3765b30e79519a49e5dc5c0d27605048b15591e07892	application/octet-stream
eStab_0.9/trunk/4fsym/famfamfam_silk_icons_v013/icons/page_white_text.png	svn:mime-type	1e86d1bc52f24f75cdba3765b30e79519a49e5dc5c0d27605048b15591e07892	application/octet-stream
eStab_0.9/trunk/4fsym/famfamfam_silk_icons_v013/icons/page_white_text_width.png	svn:mime-type	1e86d1bc52f24f75cdba3765b30e79519a49e5dc5c0d27605048b15591e07892	application/octet-stream
eStab_0.9/trunk/4fsym/famfamfam_silk_icons_v013/icons/page_white_tux.png	svn:mime-type	1e86d1bc52f24f75cdba3765b30e79519a49e5dc5c0d27605048b15591e07892	application/octet-stream
eStab_0.9/trunk/4fsym/famfamfam_silk_icons_v013/icons/page_white_vector.png	svn:mime-type	1e86d1bc52f24f75cdba3765b30e79519a49e5dc5c0d27605048b15591e07892	application/octet-stream
eStab_0.9/trunk/4fsym/famfamfam_silk_icons_v013/icons/page_white_visualstudio.png	svn:mime-type	1e86d1bc52f24f75cdba3765b30e79519a49e5dc5c0d27605048b15591e07892	application/octet-stream
eStab_0.9/trunk/4fsym/famfamfam_silk_icons_v013/icons/page_white_width.png	svn:mime-type	1e86d1bc52f24f75cdba3765b30e79519a49e5dc5c0d27605048b15591e07892	application/octet-stream
eStab_0.9/trunk/4fsym/famfamfam_silk_icons_v013/icons/page_white_word.png	svn:mime-type	1e86d1bc52f24f75cdba3765b30e79519a49e5dc5c0d27605048b15591e07892	application/octet-stream
eStab_0.9/trunk/4fsym/famfamfam_silk_icons_v013/icons/page_white_world.png	svn:mime-type	1e86d1bc52f24f75cdba3765b30e79519a49e5dc5c0d27605048b15591e07892	application/octet-stream
eStab_0.9/trunk/4fsym/famfamfam_silk_icons_v013/icons/page_white_wrench.png	svn:mime-type	1e86d1bc52f24f75cdba3765b30e79519a49e5dc5c0d27605048b15591e07892	application/octet-stream
eStab_0.9/trunk/4fsym/famfamfam_silk_icons_v013/icons/page_white_zip.png	svn:mime-type	1e86d1bc52f24f75cdba3765b30e79519a49e5dc5c0d27605048b15591e07892	application/octet-stream
eStab_0.9/trunk/4fsym/famfamfam_silk_icons_v013/icons/page_word.png	svn:mime-type	1e86d1bc52f24f75cdba3765b30e79519a49e5dc5c0d27605048b15591e07892	application/octet-stream
eStab_0.9/trunk/4fsym/famfamfam_silk_icons_v013/icons/page_world.png	svn:mime-type	1e86d1bc52f24f75cdba3765b30e79519a49e5dc5c0d27605048b15591e07892	application/octet-stream
eStab_0.9/trunk/4fsym/famfamfam_silk_icons_v013/icons/paintbrush.png	svn:mime-type	1e86d1bc52f24f75cdba3765b30e79519a49e5dc5c0d27605048b15591e07892	application/octet-stream
eStab_0.9/trunk/4fsym/famfamfam_silk_icons_v013/icons/paintcan.png	svn:mime-type	1e86d1bc52f24f75cdba3765b30e79519a49e5dc5c0d27605048b15591e07892	application/octet-stream
eStab_0.9/trunk/4fsym/famfamfam_silk_icons_v013/icons/palette.png	svn:mime-type	1e86d1bc52f24f75cdba3765b30e79519a49e5dc5c0d27605048b15591e07892	application/octet-stream
eStab_0.9/trunk/4fsym/famfamfam_silk_icons_v013/icons/paste_plain.png	svn:mime-type	1e86d1bc52f24f75cdba3765b30e79519a49e5dc5c0d27605048b15591e07892	application/octet-stream
eStab_0.9/trunk/4fsym/famfamfam_silk_icons_v013/icons/paste_word.png	svn:mime-type	1e86d1bc52f24f75cdba3765b30e79519a49e5dc5c0d27605048b15591e07892	application/octet-stream
eStab_0.9/trunk/4fsym/famfamfam_silk_icons_v013/icons/pencil.png	svn:mime-type	1e86d1bc52f24f75cdba3765b30e79519a49e5dc5c0d27605048b15591e07892	application/octet-stream
eStab_0.9/trunk/4fsym/famfamfam_silk_icons_v013/icons/pencil_add.png	svn:mime-type	1e86d1bc52f24f75cdba3765b30e79519a49e5dc5c0d27605048b15591e07892	application/octet-stream
eStab_0.9/trunk/4fsym/famfamfam_silk_icons_v013/icons/pencil_delete.png	svn:mime-type	1e86d1bc52f24f75cdba3765b30e79519a49e5dc5c0d27605048b15591e07892	application/octet-stream
eStab_0.9/trunk/4fsym/famfamfam_silk_icons_v013/icons/pencil_go.png	svn:mime-type	1e86d1bc52f24f75cdba3765b30e79519a49e5dc5c0d27605048b15591e07892	application/octet-stream
eStab_0.9/trunk/4fsym/famfamfam_silk_icons_v013/icons/phone.png	svn:mime-type	1e86d1bc52f24f75cdba3765b30e79519a49e5dc5c0d27605048b15591e07892	application/octet-stream
eStab_0.9/trunk/4fsym/famfamfam_silk_icons_v013/icons/phone_add.png	svn:mime-type	1e86d1bc52f24f75cdba3765b30e79519a49e5dc5c0d27605048b15591e07892	application/octet-stream
eStab_0.9/trunk/4fsym/famfamfam_silk_icons_v013/icons/phone_delete.png	svn:mime-type	1e86d1bc52f24f75cdba3765b30e79519a49e5dc5c0d27605048b15591e07892	application/octet-stream
eStab_0.9/trunk/4fsym/famfamfam_silk_icons_v013/icons/phone_sound.png	svn:mime-type	1e86d1bc52f24f75cdba3765b30e79519a49e5dc5c0d27605048b15591e07892	application/octet-stream
eStab_0.9/trunk/4fsym/famfamfam_silk_icons_v013/icons/photo.png	svn:mime-type	1e86d1bc52f24f75cdba3765b30e79519a49e5dc5c0d27605048b15591e07892	application/octet-stream
eStab_0.9/trunk/4fsym/famfamfam_silk_icons_v013/icons/photo_add.png	svn:mime-type	1e86d1bc52f24f75cdba3765b30e79519a49e5dc5c0d27605048b15591e07892	application/octet-stream
eStab_0.9/trunk/4fsym/famfamfam_silk_icons_v013/icons/photo_delete.png	svn:mime-type	1e86d1bc52f24f75cdba3765b30e79519a49e5dc5c0d27605048b15591e07892	application/octet-stream
eStab_0.9/trunk/4fsym/famfamfam_silk_icons_v013/icons/photo_link.png	svn:mime-type	1e86d1bc52f24f75cdba3765b30e79519a49e5dc5c0d27605048b15591e07892	application/octet-stream
eStab_0.9/trunk/4fsym/famfamfam_silk_icons_v013/icons/photos.png	svn:mime-type	1e86d1bc52f24f75cdba3765b30e79519a49e5dc5c0d27605048b15591e07892	application/octet-stream
eStab_0.9/trunk/4fsym/famfamfam_silk_icons_v013/icons/picture.png	svn:mime-type	1e86d1bc52f24f75cdba3765b30e79519a49e5dc5c0d27605048b15591e07892	application/octet-stream
eStab_0.9/trunk/4fsym/famfamfam_silk_icons_v013/icons/picture_add.png	svn:mime-type	1e86d1bc52f24f75cdba3765b30e79519a49e5dc5c0d27605048b15591e07892	application/octet-stream
eStab_0.9/trunk/4fsym/famfamfam_silk_icons_v013/icons/picture_delete.png	svn:mime-type	1e86d1bc52f24f75cdba3765b30e79519a49e5dc5c0d27605048b15591e07892	application/octet-stream
eStab_0.9/trunk/4fsym/famfamfam_silk_icons_v013/icons/picture_edit.png	svn:mime-type	1e86d1bc52f24f75cdba3765b30e79519a49e5dc5c0d27605048b15591e07892	application/octet-stream
eStab_0.9/trunk/4fsym/famfamfam_silk_icons_v013/icons/picture_empty.png	svn:mime-type	1e86d1bc52f24f75cdba3765b30e79519a49e5dc5c0d27605048b15591e07892	application/octet-stream
eStab_0.9/trunk/4fsym/famfamfam_silk_icons_v013/icons/picture_error.png	svn:mime-type	1e86d1bc52f24f75cdba3765b30e79519a49e5dc5c0d27605048b15591e07892	application/octet-stream
eStab_0.9/trunk/4fsym/famfamfam_silk_icons_v013/icons/picture_go.png	svn:mime-type	1e86d1bc52f24f75cdba3765b30e79519a49e5dc5c0d27605048b15591e07892	application/octet-stream
eStab_0.9/trunk/4fsym/famfamfam_silk_icons_v013/icons/picture_key.png	svn:mime-type	1e86d1bc52f24f75cdba3765b30e79519a49e5dc5c0d27605048b15591e07892	application/octet-stream
eStab_0.9/trunk/4fsym/famfamfam_silk_icons_v013/icons/picture_link.png	svn:mime-type	1e86d1bc52f24f75cdba3765b30e79519a49e5dc5c0d27605048b15591e07892	application/octet-stream
eStab_0.9/trunk/4fsym/famfamfam_silk_icons_v013/icons/picture_save.png	svn:mime-type	1e86d1bc52f24f75cdba3765b30e79519a49e5dc5c0d27605048b15591e07892	application/octet-stream
eStab_0.9/trunk/4fsym/famfamfam_silk_icons_v013/icons/pictures.png	svn:mime-type	1e86d1bc52f24f75cdba3765b30e79519a49e5dc5c0d27605048b15591e07892	application/octet-stream
eStab_0.9/trunk/4fsym/famfamfam_silk_icons_v013/icons/pilcrow.png	svn:mime-type	1e86d1bc52f24f75cdba3765b30e79519a49e5dc5c0d27605048b15591e07892	application/octet-stream
eStab_0.9/trunk/4fsym/famfamfam_silk_icons_v013/icons/pill.png	svn:mime-type	1e86d1bc52f24f75cdba3765b30e79519a49e5dc5c0d27605048b15591e07892	application/octet-stream
eStab_0.9/trunk/4fsym/famfamfam_silk_icons_v013/icons/pill_add.png	svn:mime-type	1e86d1bc52f24f75cdba3765b30e79519a49e5dc5c0d27605048b15591e07892	application/octet-stream
eStab_0.9/trunk/4fsym/famfamfam_silk_icons_v013/icons/pill_delete.png	svn:mime-type	1e86d1bc52f24f75cdba3765b30e79519a49e5dc5c0d27605048b15591e07892	application/octet-stream
eStab_0.9/trunk/4fsym/famfamfam_silk_icons_v013/icons/pill_go.png	svn:mime-type	1e86d1bc52f24f75cdba3765b30e79519a49e5dc5c0d27605048b15591e07892	application/octet-stream
eStab_0.9/trunk/4fsym/famfamfam_silk_icons_v013/icons/plugin.png	svn:mime-type	1e86d1bc52f24f75cdba3765b30e79519a49e5dc5c0d27605048b15591e07892	application/octet-stream
eStab_0.9/trunk/4fsym/famfamfam_silk_icons_v013/icons/plugin_add.png	svn:mime-type	1e86d1bc52f24f75cdba3765b30e79519a49e5dc5c0d27605048b15591e07892	application/octet-stream
eStab_0.9/trunk/4fsym/famfamfam_silk_icons_v013/icons/plugin_delete.png	svn:mime-type	1e86d1bc52f24f75cdba3765b30e79519a49e5dc5c0d27605048b15591e07892	application/octet-stream
eStab_0.9/trunk/4fsym/famfamfam_silk_icons_v013/icons/plugin_disabled.png	svn:mime-type	1e86d1bc52f24f75cdba3765b30e79519a49e5dc5c0d27605048b15591e07892	application/octet-stream
eStab_0.9/trunk/4fsym/famfamfam_silk_icons_v013/icons/plugin_edit.png	svn:mime-type	1e86d1bc52f24f75cdba3765b30e79519a49e5dc5c0d27605048b15591e07892	application/octet-stream
eStab_0.9/trunk/4fsym/famfamfam_silk_icons_v013/icons/plugin_error.png	svn:mime-type	1e86d1bc52f24f75cdba3765b30e79519a49e5dc5c0d27605048b15591e07892	application/octet-stream
eStab_0.9/trunk/4fsym/famfamfam_silk_icons_v013/icons/plugin_go.png	svn:mime-type	1e86d1bc52f24f75cdba3765b30e79519a49e5dc5c0d27605048b15591e07892	application/octet-stream
eStab_0.9/trunk/4fsym/famfamfam_silk_icons_v013/icons/plugin_link.png	svn:mime-type	1e86d1bc52f24f75cdba3765b30e79519a49e5dc5c0d27605048b15591e07892	application/octet-stream
eStab_0.9/trunk/4fsym/famfamfam_silk_icons_v013/icons/printer.png	svn:mime-type	1e86d1bc52f24f75cdba3765b30e79519a49e5dc5c0d27605048b15591e07892	application/octet-stream
eStab_0.9/trunk/4fsym/famfamfam_silk_icons_v013/icons/printer_add.png	svn:mime-type	1e86d1bc52f24f75cdba3765b30e79519a49e5dc5c0d27605048b15591e07892	application/octet-stream
eStab_0.9/trunk/4fsym/famfamfam_silk_icons_v013/icons/printer_delete.png	svn:mime-type	1e86d1bc52f24f75cdba3765b30e79519a49e5dc5c0d27605048b15591e07892	application/octet-stream
eStab_0.9/trunk/4fsym/famfamfam_silk_icons_v013/icons/printer_empty.png	svn:mime-type	1e86d1bc52f24f75cdba3765b30e79519a49e5dc5c0d27605048b15591e07892	application/octet-stream
eStab_0.9/trunk/4fsym/famfamfam_silk_icons_v013/icons/printer_error.png	svn:mime-type	1e86d1bc52f24f75cdba3765b30e79519a49e5dc5c0d27605048b15591e07892	application/octet-stream
eStab_0.9/trunk/4fsym/famfamfam_silk_icons_v013/icons/rainbow.png	svn:mime-type	1e86d1bc52f24f75cdba3765b30e79519a49e5dc5c0d27605048b15591e07892	application/octet-stream
eStab_0.9/trunk/4fsym/famfamfam_silk_icons_v013/icons/report.png	svn:mime-type	1e86d1bc52f24f75cdba3765b30e79519a49e5dc5c0d27605048b15591e07892	application/octet-stream
eStab_0.9/trunk/4fsym/famfamfam_silk_icons_v013/icons/report_add.png	svn:mime-type	1e86d1bc52f24f75cdba3765b30e79519a49e5dc5c0d27605048b15591e07892	application/octet-stream
eStab_0.9/trunk/4fsym/famfamfam_silk_icons_v013/icons/report_delete.png	svn:mime-type	1e86d1bc52f24f75cdba3765b30e79519a49e5dc5c0d27605048b15591e07892	application/octet-stream
eStab_0.9/trunk/4fsym/famfamfam_silk_icons_v013/icons/report_disk.png	svn:mime-type	1e86d1bc52f24f75cdba3765b30e79519a49e5dc5c0d27605048b15591e07892	application/octet-stream
eStab_0.9/trunk/4fsym/famfamfam_silk_icons_v013/icons/report_edit.png	svn:mime-type	1e86d1bc52f24f75cdba3765b30e79519a49e5dc5c0d27605048b15591e07892	application/octet-stream
eStab_0.9/trunk/4fsym/famfamfam_silk_icons_v013/icons/report_go.png	svn:mime-type	1e86d1bc52f24f75cdba3765b30e79519a49e5dc5c0d27605048b15591e07892	application/octet-stream
eStab_0.9/trunk/4fsym/famfamfam_silk_icons_v013/icons/report_key.png	svn:mime-type	1e86d1bc52f24f75cdba3765b30e79519a49e5dc5c0d27605048b15591e07892	application/octet-stream
eStab_0.9/trunk/4fsym/famfamfam_silk_icons_v013/icons/report_link.png	svn:mime-type	1e86d1bc52f24f75cdba3765b30e79519a49e5dc5c0d27605048b15591e07892	application/octet-stream
eStab_0.9/trunk/4fsym/famfamfam_silk_icons_v013/icons/report_magnify.png	svn:mime-type	1e86d1bc52f24f75cdba3765b30e79519a49e5dc5c0d27605048b15591e07892	application/octet-stream
eStab_0.9/trunk/4fsym/famfamfam_silk_icons_v013/icons/report_picture.png	svn:mime-type	1e86d1bc52f24f75cdba3765b30e79519a49e5dc5c0d27605048b15591e07892	application/octet-stream
eStab_0.9/trunk/4fsym/famfamfam_silk_icons_v013/icons/report_user.png	svn:mime-type	1e86d1bc52f24f75cdba3765b30e79519a49e5dc5c0d27605048b15591e07892	application/octet-stream
eStab_0.9/trunk/4fsym/famfamfam_silk_icons_v013/icons/report_word.png	svn:mime-type	1e86d1bc52f24f75cdba3765b30e79519a49e5dc5c0d27605048b15591e07892	application/octet-stream
eStab_0.9/trunk/4fsym/famfamfam_silk_icons_v013/icons/resultset_first.png	svn:mime-type	1e86d1bc52f24f75cdba3765b30e79519a49e5dc5c0d27605048b15591e07892	application/octet-stream
eStab_0.9/trunk/4fsym/famfamfam_silk_icons_v013/icons/resultset_last.png	svn:mime-type	1e86d1bc52f24f75cdba3765b30e79519a49e5dc5c0d27605048b15591e07892	application/octet-stream
eStab_0.9/trunk/4fsym/famfamfam_silk_icons_v013/icons/resultset_next.png	svn:mime-type	1e86d1bc52f24f75cdba3765b30e79519a49e5dc5c0d27605048b15591e07892	application/octet-stream
eStab_0.9/trunk/4fsym/famfamfam_silk_icons_v013/icons/resultset_previous.png	svn:mime-type	1e86d1bc52f24f75cdba3765b30e79519a49e5dc5c0d27605048b15591e07892	application/octet-stream
eStab_0.9/trunk/4fsym/famfamfam_silk_icons_v013/icons/rosette.png	svn:mime-type	1e86d1bc52f24f75cdba3765b30e79519a49e5dc5c0d27605048b15591e07892	application/octet-stream
eStab_0.9/trunk/4fsym/famfamfam_silk_icons_v013/icons/rss.png	svn:mime-type	1e86d1bc52f24f75cdba3765b30e79519a49e5dc5c0d27605048b15591e07892	application/octet-stream
eStab_0.9/trunk/4fsym/famfamfam_silk_icons_v013/icons/rss_add.png	svn:mime-type	1e86d1bc52f24f75cdba3765b30e79519a49e5dc5c0d27605048b15591e07892	application/octet-stream
eStab_0.9/trunk/4fsym/famfamfam_silk_icons_v013/icons/rss_delete.png	svn:mime-type	1e86d1bc52f24f75cdba3765b30e79519a49e5dc5c0d27605048b15591e07892	application/octet-stream
eStab_0.9/trunk/4fsym/famfamfam_silk_icons_v013/icons/rss_go.png	svn:mime-type	1e86d1bc52f24f75cdba3765b30e79519a49e5dc5c0d27605048b15591e07892	application/octet-stream
eStab_0.9/trunk/4fsym/famfamfam_silk_icons_v013/icons/rss_valid.png	svn:mime-type	1e86d1bc52f24f75cdba3765b30e79519a49e5dc5c0d27605048b15591e07892	application/octet-stream
eStab_0.9/trunk/4fsym/famfamfam_silk_icons_v013/icons/ruby.png	svn:mime-type	1e86d1bc52f24f75cdba3765b30e79519a49e5dc5c0d27605048b15591e07892	application/octet-stream
eStab_0.9/trunk/4fsym/famfamfam_silk_icons_v013/icons/ruby_add.png	svn:mime-type	1e86d1bc52f24f75cdba3765b30e79519a49e5dc5c0d27605048b15591e07892	application/octet-stream
eStab_0.9/trunk/4fsym/famfamfam_silk_icons_v013/icons/ruby_delete.png	svn:mime-type	1e86d1bc52f24f75cdba3765b30e79519a49e5dc5c0d27605048b15591e07892	application/octet-stream
eStab_0.9/trunk/4fsym/famfamfam_silk_icons_v013/icons/ruby_gear.png	svn:mime-type	1e86d1bc52f24f75cdba3765b30e79519a49e5dc5c0d27605048b15591e07892	application/octet-stream
eStab_0.9/trunk/4fsym/famfamfam_silk_icons_v013/icons/ruby_get.png	svn:mime-type	1e86d1bc52f24f75cdba3765b30e79519a49e5dc5c0d27605048b15591e07892	application/octet-stream
eStab_0.9/trunk/4fsym/famfamfam_silk_icons_v013/icons/ruby_go.png	svn:mime-type	1e86d1bc52f24f75cdba3765b30e79519a49e5dc5c0d27605048b15591e07892	application/octet-stream
eStab_0.9/trunk/4fsym/famfamfam_silk_icons_v013/icons/ruby_key.png	svn:mime-type	1e86d1bc52f24f75cdba3765b30e79519a49e5dc5c0d27605048b15591e07892	application/octet-stream
eStab_0.9/trunk/4fsym/famfamfam_silk_icons_v013/icons/ruby_link.png	svn:mime-type	1e86d1bc52f24f75cdba3765b30e79519a49e5dc5c0d27605048b15591e07892	application/octet-stream
eStab_0.9/trunk/4fsym/famfamfam_silk_icons_v013/icons/ruby_put.png	svn:mime-type	1e86d1bc52f24f75cdba3765b30e79519a49e5dc5c0d27605048b15591e07892	application/octet-stream
eStab_0.9/trunk/4fsym/famfamfam_silk_icons_v013/icons/script.png	svn:mime-type	1e86d1bc52f24f75cdba3765b30e79519a49e5dc5c0d27605048b15591e07892	application/octet-stream
eStab_0.9/trunk/4fsym/famfamfam_silk_icons_v013/icons/script_add.png	svn:mime-type	1e86d1bc52f24f75cdba3765b30e79519a49e5dc5c0d27605048b15591e07892	application/octet-stream
eStab_0.9/trunk/4fsym/famfamfam_silk_icons_v013/icons/script_code.png	svn:mime-type	1e86d1bc52f24f75cdba3765b30e79519a49e5dc5c0d27605048b15591e07892	application/octet-stream
eStab_0.9/trunk/4fsym/famfamfam_silk_icons_v013/icons/script_code_red.png	svn:mime-type	1e86d1bc52f24f75cdba3765b30e79519a49e5dc5c0d27605048b15591e07892	application/octet-stream
eStab_0.9/trunk/4fsym/famfamfam_silk_icons_v013/icons/script_delete.png	svn:mime-type	1e86d1bc52f24f75cdba3765b30e79519a49e5dc5c0d27605048b15591e07892	application/octet-stream
eStab_0.9/trunk/4fsym/famfamfam_silk_icons_v013/icons/script_edit.png	svn:mime-type	1e86d1bc52f24f75cdba3765b30e79519a49e5dc5c0d27605048b15591e07892	application/octet-stream
eStab_0.9/trunk/4fsym/famfamfam_silk_icons_v013/icons/script_error.png	svn:mime-type	1e86d1bc52f24f75cdba3765b30e79519a49e5dc5c0d27605048b15591e07892	application/octet-stream
eStab_0.9/trunk/4fsym/famfamfam_silk_icons_v013/icons/script_gear.png	svn:mime-type	1e86d1bc52f24f75cdba3765b30e79519a49e5dc5c0d27605048b15591e07892	application/octet-stream
eStab_0.9/trunk/4fsym/famfamfam_silk_icons_v013/icons/script_go.png	svn:mime-type	1e86d1bc52f24f75cdba3765b30e79519a49e5dc5c0d27605048b15591e07892	application/octet-stream
eStab_0.9/trunk/4fsym/famfamfam_silk_icons_v013/icons/script_key.png	svn:mime-type	1e86d1bc52f24f75cdba3765b30e79519a49e5dc5c0d27605048b15591e07892	application/octet-stream
eStab_0.9/trunk/4fsym/famfamfam_silk_icons_v013/icons/script_lightning.png	svn:mime-type	1e86d1bc52f24f75cdba3765b30e79519a49e5dc5c0d27605048b15591e07892	application/octet-stream
eStab_0.9/trunk/4fsym/famfamfam_silk_icons_v013/icons/script_link.png	svn:mime-type	1e86d1bc52f24f75cdba3765b30e79519a49e5dc5c0d27605048b15591e07892	application/octet-stream
eStab_0.9/trunk/4fsym/famfamfam_silk_icons_v013/icons/script_palette.png	svn:mime-type	1e86d1bc52f24f75cdba3765b30e79519a49e5dc5c0d27605048b15591e07892	application/octet-stream
eStab_0.9/trunk/4fsym/famfamfam_silk_icons_v013/icons/script_save.png	svn:mime-type	1e86d1bc52f24f75cdba3765b30e79519a49e5dc5c0d27605048b15591e07892	application/octet-stream
eStab_0.9/trunk/4fsym/famfamfam_silk_icons_v013/icons/server.png	svn:mime-type	1e86d1bc52f24f75cdba3765b30e79519a49e5dc5c0d27605048b15591e07892	application/octet-stream
eStab_0.9/trunk/4fsym/famfamfam_silk_icons_v013/icons/server_add.png	svn:mime-type	1e86d1bc52f24f75cdba3765b30e79519a49e5dc5c0d27605048b15591e07892	application/octet-stream
eStab_0.9/trunk/4fsym/famfamfam_silk_icons_v013/icons/server_chart.png	svn:mime-type	1e86d1bc52f24f75cdba3765b30e79519a49e5dc5c0d27605048b15591e07892	application/octet-stream
eStab_0.9/trunk/4fsym/famfamfam_silk_icons_v013/icons/server_compressed.png	svn:mime-type	1e86d1bc52f24f75cdba3765b30e79519a49e5dc5c0d27605048b15591e07892	application/octet-stream
eStab_0.9/trunk/4fsym/famfamfam_silk_icons_v013/icons/server_connect.png	svn:mime-type	1e86d1bc52f24f75cdba3765b30e79519a49e5dc5c0d27605048b15591e07892	application/octet-stream
eStab_0.9/trunk/4fsym/famfamfam_silk_icons_v013/icons/server_database.png	svn:mime-type	1e86d1bc52f24f75cdba3765b30e79519a49e5dc5c0d27605048b15591e07892	application/octet-stream
eStab_0.9/trunk/4fsym/famfamfam_silk_icons_v013/icons/server_delete.png	svn:mime-type	1e86d1bc52f24f75cdba3765b30e79519a49e5dc5c0d27605048b15591e07892	application/octet-stream
eStab_0.9/trunk/4fsym/famfamfam_silk_icons_v013/icons/server_edit.png	svn:mime-type	1e86d1bc52f24f75cdba3765b30e79519a49e5dc5c0d27605048b15591e07892	application/octet-stream
eStab_0.9/trunk/4fsym/famfamfam_silk_icons_v013/icons/server_error.png	svn:mime-type	1e86d1bc52f24f75cdba3765b30e79519a49e5dc5c0d27605048b15591e07892	application/octet-stream
eStab_0.9/trunk/4fsym/famfamfam_silk_icons_v013/icons/server_go.png	svn:mime-type	1e86d1bc52f24f75cdba3765b30e79519a49e5dc5c0d27605048b15591e07892	application/octet-stream
eStab_0.9/trunk/4fsym/famfamfam_silk_icons_v013/icons/server_key.png	svn:mime-type	1e86d1bc52f24f75cdba3765b30e79519a49e5dc5c0d27605048b15591e07892	application/octet-stream
eStab_0.9/trunk/4fsym/famfamfam_silk_icons_v013/icons/server_lightning.png	svn:mime-type	1e86d1bc52f24f75cdba3765b30e79519a49e5dc5c0d27605048b15591e07892	application/octet-stream
eStab_0.9/trunk/4fsym/famfamfam_silk_icons_v013/icons/server_link.png	svn:mime-type	1e86d1bc52f24f75cdba3765b30e79519a49e5dc5c0d27605048b15591e07892	application/octet-stream
eStab_0.9/trunk/4fsym/famfamfam_silk_icons_v013/icons/server_uncompressed.png	svn:mime-type	1e86d1bc52f24f75cdba3765b30e79519a49e5dc5c0d27605048b15591e07892	application/octet-stream
eStab_0.9/trunk/4fsym/famfamfam_silk_icons_v013/icons/shading.png	svn:mime-type	1e86d1bc52f24f75cdba3765b30e79519a49e5dc5c0d27605048b15591e07892	application/octet-stream
eStab_0.9/trunk/4fsym/famfamfam_silk_icons_v013/icons/shape_align_bottom.png	svn:mime-type	1e86d1bc52f24f75cdba3765b30e79519a49e5dc5c0d27605048b15591e07892	application/octet-stream
eStab_0.9/trunk/4fsym/famfamfam_silk_icons_v013/icons/shape_align_center.png	svn:mime-type	1e86d1bc52f24f75cdba3765b30e79519a49e5dc5c0d27605048b15591e07892	application/octet-stream
eStab_0.9/trunk/4fsym/famfamfam_silk_icons_v013/icons/shape_align_left.png	svn:mime-type	1e86d1bc52f24f75cdba3765b30e79519a49e5dc5c0d27605048b15591e07892	application/octet-stream
eStab_0.9/trunk/4fsym/famfamfam_silk_icons_v013/icons/shape_align_middle.png	svn:mime-type	1e86d1bc52f24f75cdba3765b30e79519a49e5dc5c0d27605048b15591e07892	application/octet-stream
eStab_0.9/trunk/4fsym/famfamfam_silk_icons_v013/icons/shape_align_right.png	svn:mime-type	1e86d1bc52f24f75cdba3765b30e79519a49e5dc5c0d27605048b15591e07892	application/octet-stream
eStab_0.9/trunk/4fsym/famfamfam_silk_icons_v013/icons/shape_align_top.png	svn:mime-type	1e86d1bc52f24f75cdba3765b30e79519a49e5dc5c0d27605048b15591e07892	application/octet-stream
eStab_0.9/trunk/4fsym/famfamfam_silk_icons_v013/icons/shape_flip_horizontal.png	svn:mime-type	1e86d1bc52f24f75cdba3765b30e79519a49e5dc5c0d27605048b15591e07892	application/octet-stream
eStab_0.9/trunk/4fsym/famfamfam_silk_icons_v013/icons/shape_flip_vertical.png	svn:mime-type	1e86d1bc52f24f75cdba3765b30e79519a49e5dc5c0d27605048b15591e07892	application/octet-stream
eStab_0.9/trunk/4fsym/famfamfam_silk_icons_v013/icons/shape_group.png	svn:mime-type	1e86d1bc52f24f75cdba3765b30e79519a49e5dc5c0d27605048b15591e07892	application/octet-stream
eStab_0.9/trunk/4fsym/famfamfam_silk_icons_v013/icons/shape_handles.png	svn:mime-type	1e86d1bc52f24f75cdba3765b30e79519a49e5dc5c0d27605048b15591e07892	application/octet-stream
eStab_0.9/trunk/4fsym/famfamfam_silk_icons_v013/icons/shape_move_back.png	svn:mime-type	1e86d1bc52f24f75cdba3765b30e79519a49e5dc5c0d27605048b15591e07892	application/octet-stream
eStab_0.9/trunk/4fsym/famfamfam_silk_icons_v013/icons/shape_move_backwards.png	svn:mime-type	1e86d1bc52f24f75cdba3765b30e79519a49e5dc5c0d27605048b15591e07892	application/octet-stream
eStab_0.9/trunk/4fsym/famfamfam_silk_icons_v013/icons/shape_move_forwards.png	svn:mime-type	1e86d1bc52f24f75cdba3765b30e79519a49e5dc5c0d27605048b15591e07892	application/octet-stream
eStab_0.9/trunk/4fsym/famfamfam_silk_icons_v013/icons/shape_move_front.png	svn:mime-type	1e86d1bc52f24f75cdba3765b30e79519a49e5dc5c0d27605048b15591e07892	application/octet-stream
eStab_0.9/trunk/4fsym/famfamfam_silk_icons_v013/icons/shape_rotate_anticlockwise.png	svn:mime-type	1e86d1bc52f24f75cdba3765b30e79519a49e5dc5c0d27605048b15591e07892	application/octet-stream
eStab_0.9/trunk/4fsym/famfamfam_silk_icons_v013/icons/shape_rotate_clockwise.png	svn:mime-type	1e86d1bc52f24f75cdba3765b30e79519a49e5dc5c0d27605048b15591e07892	application/octet-stream
eStab_0.9/trunk/4fsym/famfamfam_silk_icons_v013/icons/shape_square.png	svn:mime-type	1e86d1bc52f24f75cdba3765b30e79519a49e5dc5c0d27605048b15591e07892	application/octet-stream
eStab_0.9/trunk/4fsym/famfamfam_silk_icons_v013/icons/shape_square_add.png	svn:mime-type	1e86d1bc52f24f75cdba3765b30e79519a49e5dc5c0d27605048b15591e07892	application/octet-stream
eStab_0.9/trunk/4fsym/famfamfam_silk_icons_v013/icons/shape_square_delete.png	svn:mime-type	1e86d1bc52f24f75cdba3765b30e79519a49e5dc5c0d27605048b15591e07892	application/octet-stream
eStab_0.9/trunk/4fsym/famfamfam_silk_icons_v013/icons/shape_square_edit.png	svn:mime-type	1e86d1bc52f24f75cdba3765b30e79519a49e5dc5c0d27605048b15591e07892	application/octet-stream
eStab_0.9/trunk/4fsym/famfamfam_silk_icons_v013/icons/shape_square_error.png	svn:mime-type	1e86d1bc52f24f75cdba3765b30e79519a49e5dc5c0d27605048b15591e07892	application/octet-stream
eStab_0.9/trunk/4fsym/famfamfam_silk_icons_v013/icons/shape_square_go.png	svn:mime-type	1e86d1bc52f24f75cdba3765b30e79519a49e5dc5c0d27605048b15591e07892	application/octet-stream
eStab_0.9/trunk/4fsym/famfamfam_silk_icons_v013/icons/shape_square_key.png	svn:mime-type	1e86d1bc52f24f75cdba3765b30e79519a49e5dc5c0d27605048b15591e07892	application/octet-stream
eStab_0.9/trunk/4fsym/famfamfam_silk_icons_v013/icons/shape_square_link.png	svn:mime-type	1e86d1bc52f24f75cdba3765b30e79519a49e5dc5c0d27605048b15591e07892	application/octet-stream
eStab_0.9/trunk/4fsym/famfamfam_silk_icons_v013/icons/shape_ungroup.png	svn:mime-type	1e86d1bc52f24f75cdba3765b30e79519a49e5dc5c0d27605048b15591e07892	application/octet-stream
eStab_0.9/trunk/4fsym/famfamfam_silk_icons_v013/icons/shield.png	svn:mime-type	1e86d1bc52f24f75cdba3765b30e79519a49e5dc5c0d27605048b15591e07892	application/octet-stream
eStab_0.9/trunk/4fsym/famfamfam_silk_icons_v013/icons/shield_add.png	svn:mime-type	1e86d1bc52f24f75cdba3765b30e79519a49e5dc5c0d27605048b15591e07892	application/octet-stream
eStab_0.9/trunk/4fsym/famfamfam_silk_icons_v013/icons/shield_delete.png	svn:mime-type	1e86d1bc52f24f75cdba3765b30e79519a49e5dc5c0d27605048b15591e07892	application/octet-stream
eStab_0.9/trunk/4fsym/famfamfam_silk_icons_v013/icons/shield_go.png	svn:mime-type	1e86d1bc52f24f75cdba3765b30e79519a49e5dc5c0d27605048b15591e07892	application/octet-stream
eStab_0.9/trunk/4fsym/famfamfam_silk_icons_v013/icons/sitemap.png	svn:mime-type	1e86d1bc52f24f75cdba3765b30e79519a49e5dc5c0d27605048b15591e07892	application/octet-stream
eStab_0.9/trunk/4fsym/famfamfam_silk_icons_v013/icons/sitemap_color.png	svn:mime-type	1e86d1bc52f24f75cdba3765b30e79519a49e5dc5c0d27605048b15591e07892	application/octet-stream
eStab_0.9/trunk/4fsym/famfamfam_silk_icons_v013/icons/sound.png	svn:mime-type	1e86d1bc52f24f75cdba3765b30e79519a49e5dc5c0d27605048b15591e07892	application/octet-stream
eStab_0.9/trunk/4fsym/famfamfam_silk_icons_v013/icons/sound_add.png	svn:mime-type	1e86d1bc52f24f75cdba3765b30e79519a49e5dc5c0d27605048b15591e07892	application/octet-stream
eStab_0.9/trunk/4fsym/famfamfam_silk_icons_v013/icons/sound_delete.png	svn:mime-type	1e86d1bc52f24f75cdba3765b30e79519a49e5dc5c0d27605048b15591e07892	application/octet-stream
eStab_0.9/trunk/4fsym/famfamfam_silk_icons_v013/icons/sound_low.png	svn:mime-type	1e86d1bc52f24f75cdba3765b30e79519a49e5dc5c0d27605048b15591e07892	application/octet-stream
eStab_0.9/trunk/4fsym/famfamfam_silk_icons_v013/icons/sound_mute.png	svn:mime-type	1e86d1bc52f24f75cdba3765b30e79519a49e5dc5c0d27605048b15591e07892	application/octet-stream
eStab_0.9/trunk/4fsym/famfamfam_silk_icons_v013/icons/sound_none.png	svn:mime-type	1e86d1bc52f24f75cdba3765b30e79519a49e5dc5c0d27605048b15591e07892	application/octet-stream
eStab_0.9/trunk/4fsym/famfamfam_silk_icons_v013/icons/spellcheck.png	svn:mime-type	1e86d1bc52f24f75cdba3765b30e79519a49e5dc5c0d27605048b15591e07892	application/octet-stream
eStab_0.9/trunk/4fsym/famfamfam_silk_icons_v013/icons/sport_8ball.png	svn:mime-type	1e86d1bc52f24f75cdba3765b30e79519a49e5dc5c0d27605048b15591e07892	application/octet-stream
eStab_0.9/trunk/4fsym/famfamfam_silk_icons_v013/icons/sport_basketball.png	svn:mime-type	1e86d1bc52f24f75cdba3765b30e79519a49e5dc5c0d27605048b15591e07892	application/octet-stream
eStab_0.9/trunk/4fsym/famfamfam_silk_icons_v013/icons/sport_football.png	svn:mime-type	1e86d1bc52f24f75cdba3765b30e79519a49e5dc5c0d27605048b15591e07892	application/octet-stream
eStab_0.9/trunk/4fsym/famfamfam_silk_icons_v013/icons/sport_golf.png	svn:mime-type	1e86d1bc52f24f75cdba3765b30e79519a49e5dc5c0d27605048b15591e07892	application/octet-stream
eStab_0.9/trunk/4fsym/famfamfam_silk_icons_v013/icons/sport_raquet.png	svn:mime-type	1e86d1bc52f24f75cdba3765b30e79519a49e5dc5c0d27605048b15591e07892	application/octet-stream
eStab_0.9/trunk/4fsym/famfamfam_silk_icons_v013/icons/sport_shuttlecock.png	svn:mime-type	1e86d1bc52f24f75cdba3765b30e79519a49e5dc5c0d27605048b15591e07892	application/octet-stream
eStab_0.9/trunk/4fsym/famfamfam_silk_icons_v013/icons/sport_soccer.png	svn:mime-type	1e86d1bc52f24f75cdba3765b30e79519a49e5dc5c0d27605048b15591e07892	application/octet-stream
eStab_0.9/trunk/4fsym/famfamfam_silk_icons_v013/icons/sport_tennis.png	svn:mime-type	1e86d1bc52f24f75cdba3765b30e79519a49e5dc5c0d27605048b15591e07892	application/octet-stream
eStab_0.9/trunk/4fsym/famfamfam_silk_icons_v013/icons/star.png	svn:mime-type	1e86d1bc52f24f75cdba3765b30e79519a49e5dc5c0d27605048b15591e07892	application/octet-stream
eStab_0.9/trunk/4fsym/famfamfam_silk_icons_v013/icons/status_away.png	svn:mime-type	1e86d1bc52f24f75cdba3765b30e79519a49e5dc5c0d27605048b15591e07892	application/octet-stream
eStab_0.9/trunk/4fsym/famfamfam_silk_icons_v013/icons/status_busy.png	svn:mime-type	1e86d1bc52f24f75cdba3765b30e79519a49e5dc5c0d27605048b15591e07892	application/octet-stream
eStab_0.9/trunk/4fsym/famfamfam_silk_icons_v013/icons/status_offline.png	svn:mime-type	1e86d1bc52f24f75cdba3765b30e79519a49e5dc5c0d27605048b15591e07892	application/octet-stream
eStab_0.9/trunk/4fsym/famfamfam_silk_icons_v013/icons/status_online.png	svn:mime-type	1e86d1bc52f24f75cdba3765b30e79519a49e5dc5c0d27605048b15591e07892	application/octet-stream
eStab_0.9/trunk/4fsym/famfamfam_silk_icons_v013/icons/stop.png	svn:mime-type	1e86d1bc52f24f75cdba3765b30e79519a49e5dc5c0d27605048b15591e07892	application/octet-stream
eStab_0.9/trunk/4fsym/famfamfam_silk_icons_v013/icons/style.png	svn:mime-type	1e86d1bc52f24f75cdba3765b30e79519a49e5dc5c0d27605048b15591e07892	application/octet-stream
eStab_0.9/trunk/4fsym/famfamfam_silk_icons_v013/icons/style_add.png	svn:mime-type	1e86d1bc52f24f75cdba3765b30e79519a49e5dc5c0d27605048b15591e07892	application/octet-stream
eStab_0.9/trunk/4fsym/famfamfam_silk_icons_v013/icons/style_delete.png	svn:mime-type	1e86d1bc52f24f75cdba3765b30e79519a49e5dc5c0d27605048b15591e07892	application/octet-stream
eStab_0.9/trunk/4fsym/famfamfam_silk_icons_v013/icons/style_edit.png	svn:mime-type	1e86d1bc52f24f75cdba3765b30e79519a49e5dc5c0d27605048b15591e07892	application/octet-stream
eStab_0.9/trunk/4fsym/famfamfam_silk_icons_v013/icons/style_go.png	svn:mime-type	1e86d1bc52f24f75cdba3765b30e79519a49e5dc5c0d27605048b15591e07892	application/octet-stream
eStab_0.9/trunk/4fsym/famfamfam_silk_icons_v013/icons/sum.png	svn:mime-type	1e86d1bc52f24f75cdba3765b30e79519a49e5dc5c0d27605048b15591e07892	application/octet-stream
eStab_0.9/trunk/4fsym/famfamfam_silk_icons_v013/icons/tab.png	svn:mime-type	1e86d1bc52f24f75cdba3765b30e79519a49e5dc5c0d27605048b15591e07892	application/octet-stream
eStab_0.9/trunk/4fsym/famfamfam_silk_icons_v013/icons/tab_add.png	svn:mime-type	1e86d1bc52f24f75cdba3765b30e79519a49e5dc5c0d27605048b15591e07892	application/octet-stream
eStab_0.9/trunk/4fsym/famfamfam_silk_icons_v013/icons/tab_delete.png	svn:mime-type	1e86d1bc52f24f75cdba3765b30e79519a49e5dc5c0d27605048b15591e07892	application/octet-stream
eStab_0.9/trunk/4fsym/famfamfam_silk_icons_v013/icons/tab_edit.png	svn:mime-type	1e86d1bc52f24f75cdba3765b30e79519a49e5dc5c0d27605048b15591e07892	application/octet-stream
eStab_0.9/trunk/4fsym/famfamfam_silk_icons_v013/icons/tab_go.png	svn:mime-type	1e86d1bc52f24f75cdba3765b30e79519a49e5dc5c0d27605048b15591e07892	application/octet-stream
eStab_0.9/trunk/4fsym/famfamfam_silk_icons_v013/icons/table.png	svn:mime-type	1e86d1bc52f24f75cdba3765b30e79519a49e5dc5c0d27605048b15591e07892	application/octet-stream
eStab_0.9/trunk/4fsym/famfamfam_silk_icons_v013/icons/table_add.png	svn:mime-type	1e86d1bc52f24f75cdba3765b30e79519a49e5dc5c0d27605048b15591e07892	application/octet-stream
eStab_0.9/trunk/4fsym/famfamfam_silk_icons_v013/icons/table_delete.png	svn:mime-type	1e86d1bc52f24f75cdba3765b30e79519a49e5dc5c0d27605048b15591e07892	application/octet-stream
eStab_0.9/trunk/4fsym/famfamfam_silk_icons_v013/icons/table_edit.png	svn:mime-type	1e86d1bc52f24f75cdba3765b30e79519a49e5dc5c0d27605048b15591e07892	application/octet-stream
eStab_0.9/trunk/4fsym/famfamfam_silk_icons_v013/icons/table_error.png	svn:mime-type	1e86d1bc52f24f75cdba3765b30e79519a49e5dc5c0d27605048b15591e07892	application/octet-stream
eStab_0.9/trunk/4fsym/famfamfam_silk_icons_v013/icons/table_gear.png	svn:mime-type	1e86d1bc52f24f75cdba3765b30e79519a49e5dc5c0d27605048b15591e07892	application/octet-stream
eStab_0.9/trunk/4fsym/famfamfam_silk_icons_v013/icons/table_go.png	svn:mime-type	1e86d1bc52f24f75cdba3765b30e79519a49e5dc5c0d27605048b15591e07892	application/octet-stream
eStab_0.9/trunk/4fsym/famfamfam_silk_icons_v013/icons/table_key.png	svn:mime-type	1e86d1bc52f24f75cdba3765b30e79519a49e5dc5c0d27605048b15591e07892	application/octet-stream
eStab_0.9/trunk/4fsym/famfamfam_silk_icons_v013/icons/table_lightning.png	svn:mime-type	1e86d1bc52f24f75cdba3765b30e79519a49e5dc5c0d27605048b15591e07892	application/octet-stream
eStab_0.9/trunk/4fsym/famfamfam_silk_icons_v013/icons/table_link.png	svn:mime-type	1e86d1bc52f24f75cdba3765b30e79519a49e5dc5c0d27605048b15591e07892	application/octet-stream
eStab_0.9/trunk/4fsym/famfamfam_silk_icons_v013/icons/table_multiple.png	svn:mime-type	1e86d1bc52f24f75cdba3765b30e79519a49e5dc5c0d27605048b15591e07892	application/octet-stream
eStab_0.9/trunk/4fsym/famfamfam_silk_icons_v013/icons/table_refresh.png	svn:mime-type	1e86d1bc52f24f75cdba3765b30e79519a49e5dc5c0d27605048b15591e07892	application/octet-stream
eStab_0.9/trunk/4fsym/famfamfam_silk_icons_v013/icons/table_relationship.png	svn:mime-type	1e86d1bc52f24f75cdba3765b30e79519a49e5dc5c0d27605048b15591e07892	application/octet-stream
eStab_0.9/trunk/4fsym/famfamfam_silk_icons_v013/icons/table_row_delete.png	svn:mime-type	1e86d1bc52f24f75cdba3765b30e79519a49e5dc5c0d27605048b15591e07892	application/octet-stream
eStab_0.9/trunk/4fsym/famfamfam_silk_icons_v013/icons/table_row_insert.png	svn:mime-type	1e86d1bc52f24f75cdba3765b30e79519a49e5dc5c0d27605048b15591e07892	application/octet-stream
eStab_0.9/trunk/4fsym/famfamfam_silk_icons_v013/icons/table_save.png	svn:mime-type	1e86d1bc52f24f75cdba3765b30e79519a49e5dc5c0d27605048b15591e07892	application/octet-stream
eStab_0.9/trunk/4fsym/famfamfam_silk_icons_v013/icons/table_sort.png	svn:mime-type	1e86d1bc52f24f75cdba3765b30e79519a49e5dc5c0d27605048b15591e07892	application/octet-stream
eStab_0.9/trunk/4fsym/famfamfam_silk_icons_v013/icons/tag.png	svn:mime-type	1e86d1bc52f24f75cdba3765b30e79519a49e5dc5c0d27605048b15591e07892	application/octet-stream
eStab_0.9/trunk/4fsym/famfamfam_silk_icons_v013/icons/tag_blue.png	svn:mime-type	1e86d1bc52f24f75cdba3765b30e79519a49e5dc5c0d27605048b15591e07892	application/octet-stream
eStab_0.9/trunk/4fsym/famfamfam_silk_icons_v013/icons/tag_blue_add.png	svn:mime-type	1e86d1bc52f24f75cdba3765b30e79519a49e5dc5c0d27605048b15591e07892	application/octet-stream
eStab_0.9/trunk/4fsym/famfamfam_silk_icons_v013/icons/tag_blue_delete.png	svn:mime-type	1e86d1bc52f24f75cdba3765b30e79519a49e5dc5c0d27605048b15591e07892	application/octet-stream
eStab_0.9/trunk/4fsym/famfamfam_silk_icons_v013/icons/tag_blue_edit.png	svn:mime-type	1e86d1bc52f24f75cdba3765b30e79519a49e5dc5c0d27605048b15591e07892	application/octet-stream
eStab_0.9/trunk/4fsym/famfamfam_silk_icons_v013/icons/tag_green.png	svn:mime-type	1e86d1bc52f24f75cdba3765b30e79519a49e5dc5c0d27605048b15591e07892	application/octet-stream
eStab_0.9/trunk/4fsym/famfamfam_silk_icons_v013/icons/tag_orange.png	svn:mime-type	1e86d1bc52f24f75cdba3765b30e79519a49e5dc5c0d27605048b15591e07892	application/octet-stream
eStab_0.9/trunk/4fsym/famfamfam_silk_icons_v013/icons/tag_pink.png	svn:mime-type	1e86d1bc52f24f75cdba3765b30e79519a49e5dc5c0d27605048b15591e07892	application/octet-stream
eStab_0.9/trunk/4fsym/famfamfam_silk_icons_v013/icons/tag_purple.png	svn:mime-type	1e86d1bc52f24f75cdba3765b30e79519a49e5dc5c0d27605048b15591e07892	application/octet-stream
eStab_0.9/trunk/4fsym/famfamfam_silk_icons_v013/icons/tag_red.png	svn:mime-type	1e86d1bc52f24f75cdba3765b30e79519a49e5dc5c0d27605048b15591e07892	application/octet-stream
eStab_0.9/trunk/4fsym/famfamfam_silk_icons_v013/icons/tag_yellow.png	svn:mime-type	1e86d1bc52f24f75cdba3765b30e79519a49e5dc5c0d27605048b15591e07892	application/octet-stream
eStab_0.9/trunk/4fsym/famfamfam_silk_icons_v013/icons/telephone.png	svn:mime-type	1e86d1bc52f24f75cdba3765b30e79519a49e5dc5c0d27605048b15591e07892	application/octet-stream
eStab_0.9/trunk/4fsym/famfamfam_silk_icons_v013/icons/telephone_add.png	svn:mime-type	1e86d1bc52f24f75cdba3765b30e79519a49e5dc5c0d27605048b15591e07892	application/octet-stream
eStab_0.9/trunk/4fsym/famfamfam_silk_icons_v013/icons/telephone_delete.png	svn:mime-type	1e86d1bc52f24f75cdba3765b30e79519a49e5dc5c0d27605048b15591e07892	application/octet-stream
eStab_0.9/trunk/4fsym/famfamfam_silk_icons_v013/icons/telephone_edit.png	svn:mime-type	1e86d1bc52f24f75cdba3765b30e79519a49e5dc5c0d27605048b15591e07892	application/octet-stream
eStab_0.9/trunk/4fsym/famfamfam_silk_icons_v013/icons/telephone_error.png	svn:mime-type	1e86d1bc52f24f75cdba3765b30e79519a49e5dc5c0d27605048b15591e07892	application/octet-stream
eStab_0.9/trunk/4fsym/famfamfam_silk_icons_v013/icons/telephone_go.png	svn:mime-type	1e86d1bc52f24f75cdba3765b30e79519a49e5dc5c0d27605048b15591e07892	application/octet-stream
eStab_0.9/trunk/4fsym/famfamfam_silk_icons_v013/icons/telephone_key.png	svn:mime-type	1e86d1bc52f24f75cdba3765b30e79519a49e5dc5c0d27605048b15591e07892	application/octet-stream
eStab_0.9/trunk/4fsym/famfamfam_silk_icons_v013/icons/telephone_link.png	svn:mime-type	1e86d1bc52f24f75cdba3765b30e79519a49e5dc5c0d27605048b15591e07892	application/octet-stream
eStab_0.9/trunk/4fsym/famfamfam_silk_icons_v013/icons/television.png	svn:mime-type	1e86d1bc52f24f75cdba3765b30e79519a49e5dc5c0d27605048b15591e07892	application/octet-stream
eStab_0.9/trunk/4fsym/famfamfam_silk_icons_v013/icons/television_add.png	svn:mime-type	1e86d1bc52f24f75cdba3765b30e79519a49e5dc5c0d27605048b15591e07892	application/octet-stream
eStab_0.9/trunk/4fsym/famfamfam_silk_icons_v013/icons/television_delete.png	svn:mime-type	1e86d1bc52f24f75cdba3765b30e79519a49e5dc5c0d27605048b15591e07892	application/octet-stream
eStab_0.9/trunk/4fsym/famfamfam_silk_icons_v013/icons/text_align_center.png	svn:mime-type	1e86d1bc52f24f75cdba3765b30e79519a49e5dc5c0d27605048b15591e07892	application/octet-stream
eStab_0.9/trunk/4fsym/famfamfam_silk_icons_v013/icons/text_align_justify.png	svn:mime-type	1e86d1bc52f24f75cdba3765b30e79519a49e5dc5c0d27605048b15591e07892	application/octet-stream
eStab_0.9/trunk/4fsym/famfamfam_silk_icons_v013/icons/text_align_left.png	svn:mime-type	1e86d1bc52f24f75cdba3765b30e79519a49e5dc5c0d27605048b15591e07892	application/octet-stream
eStab_0.9/trunk/4fsym/famfamfam_silk_icons_v013/icons/text_align_right.png	svn:mime-type	1e86d1bc52f24f75cdba3765b30e79519a49e5dc5c0d27605048b15591e07892	application/octet-stream
eStab_0.9/trunk/4fsym/famfamfam_silk_icons_v013/icons/text_allcaps.png	svn:mime-type	1e86d1bc52f24f75cdba3765b30e79519a49e5dc5c0d27605048b15591e07892	application/octet-stream
eStab_0.9/trunk/4fsym/famfamfam_silk_icons_v013/icons/text_bold.png	svn:mime-type	1e86d1bc52f24f75cdba3765b30e79519a49e5dc5c0d27605048b15591e07892	application/octet-stream
eStab_0.9/trunk/4fsym/famfamfam_silk_icons_v013/icons/text_columns.png	svn:mime-type	1e86d1bc52f24f75cdba3765b30e79519a49e5dc5c0d27605048b15591e07892	application/octet-stream
eStab_0.9/trunk/4fsym/famfamfam_silk_icons_v013/icons/text_dropcaps.png	svn:mime-type	1e86d1bc52f24f75cdba3765b30e79519a49e5dc5c0d27605048b15591e07892	application/octet-stream
eStab_0.9/trunk/4fsym/famfamfam_silk_icons_v013/icons/text_heading_1.png	svn:mime-type	1e86d1bc52f24f75cdba3765b30e79519a49e5dc5c0d27605048b15591e07892	application/octet-stream
eStab_0.9/trunk/4fsym/famfamfam_silk_icons_v013/icons/text_heading_2.png	svn:mime-type	1e86d1bc52f24f75cdba3765b30e79519a49e5dc5c0d27605048b15591e07892	application/octet-stream
eStab_0.9/trunk/4fsym/famfamfam_silk_icons_v013/icons/text_heading_3.png	svn:mime-type	1e86d1bc52f24f75cdba3765b30e79519a49e5dc5c0d27605048b15591e07892	application/octet-stream
eStab_0.9/trunk/4fsym/famfamfam_silk_icons_v013/icons/text_heading_4.png	svn:mime-type	1e86d1bc52f24f75cdba3765b30e79519a49e5dc5c0d27605048b15591e07892	application/octet-stream
eStab_0.9/trunk/4fsym/famfamfam_silk_icons_v013/icons/text_heading_5.png	svn:mime-type	1e86d1bc52f24f75cdba3765b30e79519a49e5dc5c0d27605048b15591e07892	application/octet-stream
eStab_0.9/trunk/4fsym/famfamfam_silk_icons_v013/icons/text_heading_6.png	svn:mime-type	1e86d1bc52f24f75cdba3765b30e79519a49e5dc5c0d27605048b15591e07892	application/octet-stream
eStab_0.9/trunk/4fsym/famfamfam_silk_icons_v013/icons/text_horizontalrule.png	svn:mime-type	1e86d1bc52f24f75cdba3765b30e79519a49e5dc5c0d27605048b15591e07892	application/octet-stream
eStab_0.9/trunk/4fsym/famfamfam_silk_icons_v013/icons/text_indent.png	svn:mime-type	1e86d1bc52f24f75cdba3765b30e79519a49e5dc5c0d27605048b15591e07892	application/octet-stream
eStab_0.9/trunk/4fsym/famfamfam_silk_icons_v013/icons/text_indent_remove.png	svn:mime-type	1e86d1bc52f24f75cdba3765b30e79519a49e5dc5c0d27605048b15591e07892	application/octet-stream
eStab_0.9/trunk/4fsym/famfamfam_silk_icons_v013/icons/text_italic.png	svn:mime-type	1e86d1bc52f24f75cdba3765b30e79519a49e5dc5c0d27605048b15591e07892	application/octet-stream
eStab_0.9/trunk/4fsym/famfamfam_silk_icons_v013/icons/text_kerning.png	svn:mime-type	1e86d1bc52f24f75cdba3765b30e79519a49e5dc5c0d27605048b15591e07892	application/octet-stream
eStab_0.9/trunk/4fsym/famfamfam_silk_icons_v013/icons/text_letter_omega.png	svn:mime-type	1e86d1bc52f24f75cdba3765b30e79519a49e5dc5c0d27605048b15591e07892	application/octet-stream
eStab_0.9/trunk/4fsym/famfamfam_silk_icons_v013/icons/text_letterspacing.png	svn:mime-type	1e86d1bc52f24f75cdba3765b30e79519a49e5dc5c0d27605048b15591e07892	application/octet-stream
eStab_0.9/trunk/4fsym/famfamfam_silk_icons_v013/icons/text_linespacing.png	svn:mime-type	1e86d1bc52f24f75cdba3765b30e79519a49e5dc5c0d27605048b15591e07892	application/octet-stream
eStab_0.9/trunk/4fsym/famfamfam_silk_icons_v013/icons/text_list_bullets.png	svn:mime-type	1e86d1bc52f24f75cdba3765b30e79519a49e5dc5c0d27605048b15591e07892	application/octet-stream
eStab_0.9/trunk/4fsym/famfamfam_silk_icons_v013/icons/text_list_numbers.png	svn:mime-type	1e86d1bc52f24f75cdba3765b30e79519a49e5dc5c0d27605048b15591e07892	application/octet-stream
eStab_0.9/trunk/4fsym/famfamfam_silk_icons_v013/icons/text_lowercase.png	svn:mime-type	1e86d1bc52f24f75cdba3765b30e79519a49e5dc5c0d27605048b15591e07892	application/octet-stream
eStab_0.9/trunk/4fsym/famfamfam_silk_icons_v013/icons/text_padding_bottom.png	svn:mime-type	1e86d1bc52f24f75cdba3765b30e79519a49e5dc5c0d27605048b15591e07892	application/octet-stream
eStab_0.9/trunk/4fsym/famfamfam_silk_icons_v013/icons/text_padding_left.png	svn:mime-type	1e86d1bc52f24f75cdba3765b30e79519a49e5dc5c0d27605048b15591e07892	application/octet-stream
eStab_0.9/trunk/4fsym/famfamfam_silk_icons_v013/icons/text_padding_right.png	svn:mime-type	1e86d1bc52f24f75cdba3765b30e79519a49e5dc5c0d27605048b15591e07892	application/octet-stream
eStab_0.9/trunk/4fsym/famfamfam_silk_icons_v013/icons/text_padding_top.png	svn:mime-type	1e86d1bc52f24f75cdba3765b30e79519a49e5dc5c0d27605048b15591e07892	application/octet-stream
eStab_0.9/trunk/4fsym/famfamfam_silk_icons_v013/icons/text_replace.png	svn:mime-type	1e86d1bc52f24f75cdba3765b30e79519a49e5dc5c0d27605048b15591e07892	application/octet-stream
eStab_0.9/trunk/4fsym/famfamfam_silk_icons_v013/icons/text_signature.png	svn:mime-type	1e86d1bc52f24f75cdba3765b30e79519a49e5dc5c0d27605048b15591e07892	application/octet-stream
eStab_0.9/trunk/4fsym/famfamfam_silk_icons_v013/icons/text_smallcaps.png	svn:mime-type	1e86d1bc52f24f75cdba3765b30e79519a49e5dc5c0d27605048b15591e07892	application/octet-stream
eStab_0.9/trunk/4fsym/famfamfam_silk_icons_v013/icons/text_strikethrough.png	svn:mime-type	1e86d1bc52f24f75cdba3765b30e79519a49e5dc5c0d27605048b15591e07892	application/octet-stream
eStab_0.9/trunk/4fsym/famfamfam_silk_icons_v013/icons/text_subscript.png	svn:mime-type	1e86d1bc52f24f75cdba3765b30e79519a49e5dc5c0d27605048b15591e07892	application/octet-stream
eStab_0.9/trunk/4fsym/famfamfam_silk_icons_v013/icons/text_superscript.png	svn:mime-type	1e86d1bc52f24f75cdba3765b30e79519a49e5dc5c0d27605048b15591e07892	application/octet-stream
eStab_0.9/trunk/4fsym/famfamfam_silk_icons_v013/icons/text_underline.png	svn:mime-type	1e86d1bc52f24f75cdba3765b30e79519a49e5dc5c0d27605048b15591e07892	application/octet-stream
eStab_0.9/trunk/4fsym/famfamfam_silk_icons_v013/icons/text_uppercase.png	svn:mime-type	1e86d1bc52f24f75cdba3765b30e79519a49e5dc5c0d27605048b15591e07892	application/octet-stream
eStab_0.9/trunk/4fsym/famfamfam_silk_icons_v013/icons/textfield.png	svn:mime-type	1e86d1bc52f24f75cdba3765b30e79519a49e5dc5c0d27605048b15591e07892	application/octet-stream
eStab_0.9/trunk/4fsym/famfamfam_silk_icons_v013/icons/textfield_add.png	svn:mime-type	1e86d1bc52f24f75cdba3765b30e79519a49e5dc5c0d27605048b15591e07892	application/octet-stream
eStab_0.9/trunk/4fsym/famfamfam_silk_icons_v013/icons/textfield_delete.png	svn:mime-type	1e86d1bc52f24f75cdba3765b30e79519a49e5dc5c0d27605048b15591e07892	application/octet-stream
eStab_0.9/trunk/4fsym/famfamfam_silk_icons_v013/icons/textfield_key.png	svn:mime-type	1e86d1bc52f24f75cdba3765b30e79519a49e5dc5c0d27605048b15591e07892	application/octet-stream
eStab_0.9/trunk/4fsym/famfamfam_silk_icons_v013/icons/textfield_rename.png	svn:mime-type	1e86d1bc52f24f75cdba3765b30e79519a49e5dc5c0d27605048b15591e07892	application/octet-stream
eStab_0.9/trunk/4fsym/famfamfam_silk_icons_v013/icons/thumb_down.png	svn:mime-type	1e86d1bc52f24f75cdba3765b30e79519a49e5dc5c0d27605048b15591e07892	application/octet-stream
eStab_0.9/trunk/4fsym/famfamfam_silk_icons_v013/icons/thumb_up.png	svn:mime-type	1e86d1bc52f24f75cdba3765b30e79519a49e5dc5c0d27605048b15591e07892	application/octet-stream
eStab_0.9/trunk/4fsym/famfamfam_silk_icons_v013/icons/tick.png	svn:mime-type	1e86d1bc52f24f75cdba3765b30e79519a49e5dc5c0d27605048b15591e07892	application/octet-stream
eStab_0.9/trunk/4fsym/famfamfam_silk_icons_v013/icons/time.png	svn:mime-type	1e86d1bc52f24f75cdba3765b30e79519a49e5dc5c0d27605048b15591e07892	application/octet-stream
eStab_0.9/trunk/4fsym/famfamfam_silk_icons_v013/icons/time_add.png	svn:mime-type	1e86d1bc52f24f75cdba3765b30e79519a49e5dc5c0d27605048b15591e07892	application/octet-stream
eStab_0.9/trunk/4fsym/famfamfam_silk_icons_v013/icons/time_delete.png	svn:mime-type	1e86d1bc52f24f75cdba3765b30e79519a49e5dc5c0d27605048b15591e07892	application/octet-stream
eStab_0.9/trunk/4fsym/famfamfam_silk_icons_v013/icons/time_go.png	svn:mime-type	1e86d1bc52f24f75cdba3765b30e79519a49e5dc5c0d27605048b15591e07892	application/octet-stream
eStab_0.9/trunk/4fsym/famfamfam_silk_icons_v013/icons/timeline_marker.png	svn:mime-type	1e86d1bc52f24f75cdba3765b30e79519a49e5dc5c0d27605048b15591e07892	application/octet-stream
eStab_0.9/trunk/4fsym/famfamfam_silk_icons_v013/icons/transmit.png	svn:mime-type	1e86d1bc52f24f75cdba3765b30e79519a49e5dc5c0d27605048b15591e07892	application/octet-stream
eStab_0.9/trunk/4fsym/famfamfam_silk_icons_v013/icons/transmit_add.png	svn:mime-type	1e86d1bc52f24f75cdba3765b30e79519a49e5dc5c0d27605048b15591e07892	application/octet-stream
eStab_0.9/trunk/4fsym/famfamfam_silk_icons_v013/icons/transmit_blue.png	svn:mime-type	1e86d1bc52f24f75cdba3765b30e79519a49e5dc5c0d27605048b15591e07892	application/octet-stream
eStab_0.9/trunk/4fsym/famfamfam_silk_icons_v013/icons/transmit_delete.png	svn:mime-type	1e86d1bc52f24f75cdba3765b30e79519a49e5dc5c0d27605048b15591e07892	application/octet-stream
eStab_0.9/trunk/4fsym/famfamfam_silk_icons_v013/icons/transmit_edit.png	svn:mime-type	1e86d1bc52f24f75cdba3765b30e79519a49e5dc5c0d27605048b15591e07892	application/octet-stream
eStab_0.9/trunk/4fsym/famfamfam_silk_icons_v013/icons/transmit_error.png	svn:mime-type	1e86d1bc52f24f75cdba3765b30e79519a49e5dc5c0d27605048b15591e07892	application/octet-stream
eStab_0.9/trunk/4fsym/famfamfam_silk_icons_v013/icons/transmit_go.png	svn:mime-type	1e86d1bc52f24f75cdba3765b30e79519a49e5dc5c0d27605048b15591e07892	application/octet-stream
eStab_0.9/trunk/4fsym/famfamfam_silk_icons_v013/icons/tux.png	svn:mime-type	1e86d1bc52f24f75cdba3765b30e79519a49e5dc5c0d27605048b15591e07892	application/octet-stream
eStab_0.9/trunk/4fsym/famfamfam_silk_icons_v013/icons/user.png	svn:mime-type	1e86d1bc52f24f75cdba3765b30e79519a49e5dc5c0d27605048b15591e07892	application/octet-stream
eStab_0.9/trunk/4fsym/famfamfam_silk_icons_v013/icons/user_add.png	svn:mime-type	1e86d1bc52f24f75cdba3765b30e79519a49e5dc5c0d27605048b15591e07892	application/octet-stream
eStab_0.9/trunk/4fsym/famfamfam_silk_icons_v013/icons/user_comment.png	svn:mime-type	1e86d1bc52f24f75cdba3765b30e79519a49e5dc5c0d27605048b15591e07892	application/octet-stream
eStab_0.9/trunk/4fsym/famfamfam_silk_icons_v013/icons/user_delete.png	svn:mime-type	1e86d1bc52f24f75cdba3765b30e79519a49e5dc5c0d27605048b15591e07892	application/octet-stream
eStab_0.9/trunk/4fsym/famfamfam_silk_icons_v013/icons/user_edit.png	svn:mime-type	1e86d1bc52f24f75cdba3765b30e79519a49e5dc5c0d27605048b15591e07892	application/octet-stream
eStab_0.9/trunk/4fsym/famfamfam_silk_icons_v013/icons/user_female.png	svn:mime-type	1e86d1bc52f24f75cdba3765b30e79519a49e5dc5c0d27605048b15591e07892	application/octet-stream
eStab_0.9/trunk/4fsym/famfamfam_silk_icons_v013/icons/user_go.png	svn:mime-type	1e86d1bc52f24f75cdba3765b30e79519a49e5dc5c0d27605048b15591e07892	application/octet-stream
eStab_0.9/trunk/4fsym/famfamfam_silk_icons_v013/icons/user_gray.png	svn:mime-type	1e86d1bc52f24f75cdba3765b30e79519a49e5dc5c0d27605048b15591e07892	application/octet-stream
eStab_0.9/trunk/4fsym/famfamfam_silk_icons_v013/icons/user_green.png	svn:mime-type	1e86d1bc52f24f75cdba3765b30e79519a49e5dc5c0d27605048b15591e07892	application/octet-stream
eStab_0.9/trunk/4fsym/famfamfam_silk_icons_v013/icons/user_orange.png	svn:mime-type	1e86d1bc52f24f75cdba3765b30e79519a49e5dc5c0d27605048b15591e07892	application/octet-stream
eStab_0.9/trunk/4fsym/famfamfam_silk_icons_v013/icons/user_red.png	svn:mime-type	1e86d1bc52f24f75cdba3765b30e79519a49e5dc5c0d27605048b15591e07892	application/octet-stream
eStab_0.9/trunk/4fsym/famfamfam_silk_icons_v013/icons/user_suit.png	svn:mime-type	1e86d1bc52f24f75cdba3765b30e79519a49e5dc5c0d27605048b15591e07892	application/octet-stream
eStab_0.9/trunk/4fsym/famfamfam_silk_icons_v013/icons/vcard.png	svn:mime-type	1e86d1bc52f24f75cdba3765b30e79519a49e5dc5c0d27605048b15591e07892	application/octet-stream
eStab_0.9/trunk/4fsym/famfamfam_silk_icons_v013/icons/vcard_add.png	svn:mime-type	1e86d1bc52f24f75cdba3765b30e79519a49e5dc5c0d27605048b15591e07892	application/octet-stream
eStab_0.9/trunk/4fsym/famfamfam_silk_icons_v013/icons/vcard_delete.png	svn:mime-type	1e86d1bc52f24f75cdba3765b30e79519a49e5dc5c0d27605048b15591e07892	application/octet-stream
eStab_0.9/trunk/4fsym/famfamfam_silk_icons_v013/icons/vcard_edit.png	svn:mime-type	1e86d1bc52f24f75cdba3765b30e79519a49e5dc5c0d27605048b15591e07892	application/octet-stream
eStab_0.9/trunk/4fsym/famfamfam_silk_icons_v013/icons/vector.png	svn:mime-type	1e86d1bc52f24f75cdba3765b30e79519a49e5dc5c0d27605048b15591e07892	application/octet-stream
eStab_0.9/trunk/4fsym/famfamfam_silk_icons_v013/icons/vector_add.png	svn:mime-type	1e86d1bc52f24f75cdba3765b30e79519a49e5dc5c0d27605048b15591e07892	application/octet-stream
eStab_0.9/trunk/4fsym/famfamfam_silk_icons_v013/icons/vector_delete.png	svn:mime-type	1e86d1bc52f24f75cdba3765b30e79519a49e5dc5c0d27605048b15591e07892	application/octet-stream
eStab_0.9/trunk/4fsym/famfamfam_silk_icons_v013/icons/wand.png	svn:mime-type	1e86d1bc52f24f75cdba3765b30e79519a49e5dc5c0d27605048b15591e07892	application/octet-stream
eStab_0.9/trunk/4fsym/famfamfam_silk_icons_v013/icons/weather_clouds.png	svn:mime-type	1e86d1bc52f24f75cdba3765b30e79519a49e5dc5c0d27605048b15591e07892	application/octet-stream
eStab_0.9/trunk/4fsym/famfamfam_silk_icons_v013/icons/weather_cloudy.png	svn:mime-type	1e86d1bc52f24f75cdba3765b30e79519a49e5dc5c0d27605048b15591e07892	application/octet-stream
eStab_0.9/trunk/4fsym/famfamfam_silk_icons_v013/icons/weather_lightning.png	svn:mime-type	1e86d1bc52f24f75cdba3765b30e79519a49e5dc5c0d27605048b15591e07892	application/octet-stream
eStab_0.9/trunk/4fsym/famfamfam_silk_icons_v013/icons/weather_rain.png	svn:mime-type	1e86d1bc52f24f75cdba3765b30e79519a49e5dc5c0d27605048b15591e07892	application/octet-stream
eStab_0.9/trunk/4fsym/famfamfam_silk_icons_v013/icons/weather_snow.png	svn:mime-type	1e86d1bc52f24f75cdba3765b30e79519a49e5dc5c0d27605048b15591e07892	application/octet-stream
eStab_0.9/trunk/4fsym/famfamfam_silk_icons_v013/icons/weather_sun.png	svn:mime-type	1e86d1bc52f24f75cdba3765b30e79519a49e5dc5c0d27605048b15591e07892	application/octet-stream
eStab_0.9/trunk/4fsym/famfamfam_silk_icons_v013/icons/webcam.png	svn:mime-type	1e86d1bc52f24f75cdba3765b30e79519a49e5dc5c0d27605048b15591e07892	application/octet-stream
eStab_0.9/trunk/4fsym/famfamfam_silk_icons_v013/icons/webcam_add.png	svn:mime-type	1e86d1bc52f24f75cdba3765b30e79519a49e5dc5c0d27605048b15591e07892	application/octet-stream
eStab_0.9/trunk/4fsym/famfamfam_silk_icons_v013/icons/webcam_delete.png	svn:mime-type	1e86d1bc52f24f75cdba3765b30e79519a49e5dc5c0d27605048b15591e07892	application/octet-stream
eStab_0.9/trunk/4fsym/famfamfam_silk_icons_v013/icons/webcam_error.png	svn:mime-type	1e86d1bc52f24f75cdba3765b30e79519a49e5dc5c0d27605048b15591e07892	application/octet-stream
eStab_0.9/trunk/4fsym/famfamfam_silk_icons_v013/icons/world.png	svn:mime-type	1e86d1bc52f24f75cdba3765b30e79519a49e5dc5c0d27605048b15591e07892	application/octet-stream
eStab_0.9/trunk/4fsym/famfamfam_silk_icons_v013/icons/world_add.png	svn:mime-type	1e86d1bc52f24f75cdba3765b30e79519a49e5dc5c0d27605048b15591e07892	application/octet-stream
eStab_0.9/trunk/4fsym/famfamfam_silk_icons_v013/icons/world_delete.png	svn:mime-type	1e86d1bc52f24f75cdba3765b30e79519a49e5dc5c0d27605048b15591e07892	application/octet-stream
eStab_0.9/trunk/4fsym/famfamfam_silk_icons_v013/icons/world_edit.png	svn:mime-type	1e86d1bc52f24f75cdba3765b30e79519a49e5dc5c0d27605048b15591e07892	application/octet-stream
eStab_0.9/trunk/4fsym/famfamfam_silk_icons_v013/icons/world_go.png	svn:mime-type	1e86d1bc52f24f75cdba3765b30e79519a49e5dc5c0d27605048b15591e07892	application/octet-stream
eStab_0.9/trunk/4fsym/famfamfam_silk_icons_v013/icons/world_link.png	svn:mime-type	1e86d1bc52f24f75cdba3765b30e79519a49e5dc5c0d27605048b15591e07892	application/octet-stream
eStab_0.9/trunk/4fsym/famfamfam_silk_icons_v013/icons/wrench.png	svn:mime-type	1e86d1bc52f24f75cdba3765b30e79519a49e5dc5c0d27605048b15591e07892	application/octet-stream
eStab_0.9/trunk/4fsym/famfamfam_silk_icons_v013/icons/wrench_orange.png	svn:mime-type	1e86d1bc52f24f75cdba3765b30e79519a49e5dc5c0d27605048b15591e07892	application/octet-stream
eStab_0.9/trunk/4fsym/famfamfam_silk_icons_v013/icons/xhtml.png	svn:mime-type	1e86d1bc52f24f75cdba3765b30e79519a49e5dc5c0d27605048b15591e07892	application/octet-stream
eStab_0.9/trunk/4fsym/famfamfam_silk_icons_v013/icons/xhtml_add.png	svn:mime-type	1e86d1bc52f24f75cdba3765b30e79519a49e5dc5c0d27605048b15591e07892	application/octet-stream
eStab_0.9/trunk/4fsym/famfamfam_silk_icons_v013/icons/xhtml_delete.png	svn:mime-type	1e86d1bc52f24f75cdba3765b30e79519a49e5dc5c0d27605048b15591e07892	application/octet-stream
eStab_0.9/trunk/4fsym/famfamfam_silk_icons_v013/icons/xhtml_go.png	svn:mime-type	1e86d1bc52f24f75cdba3765b30e79519a49e5dc5c0d27605048b15591e07892	application/octet-stream
eStab_0.9/trunk/4fsym/famfamfam_silk_icons_v013/icons/xhtml_valid.png	svn:mime-type	1e86d1bc52f24f75cdba3765b30e79519a49e5dc5c0d27605048b15591e07892	application/octet-stream
eStab_0.9/trunk/4fsym/famfamfam_silk_icons_v013/icons/zoom.png	svn:mime-type	1e86d1bc52f24f75cdba3765b30e79519a49e5dc5c0d27605048b15591e07892	application/octet-stream
eStab_0.9/trunk/4fsym/famfamfam_silk_icons_v013/icons/zoom_in.png	svn:mime-type	1e86d1bc52f24f75cdba3765b30e79519a49e5dc5c0d27605048b15591e07892	application/octet-stream
eStab_0.9/trunk/4fsym/famfamfam_silk_icons_v013/icons/zoom_out.png	svn:mime-type	1e86d1bc52f24f75cdba3765b30e79519a49e5dc5c0d27605048b15591e07892	application/octet-stream
eStab_0.9/trunk/4fsym/greenlight.gif	svn:mime-type	1e86d1bc52f24f75cdba3765b30e79519a49e5dc5c0d27605048b15591e07892	application/octet-stream
eStab_0.9/trunk/4fsym/icon_handbuch.gif	svn:mime-type	1e86d1bc52f24f75cdba3765b30e79519a49e5dc5c0d27605048b15591e07892	application/octet-stream
eStab_0.9/trunk/4fsym/iuk_80.jpg	svn:mime-type	1e86d1bc52f24f75cdba3765b30e79519a49e5dc5c0d27605048b15591e07892	application/octet-stream
eStab_0.9/trunk/4fsym/iuk_hs80.jpg	svn:mime-type	1e86d1bc52f24f75cdba3765b30e79519a49e5dc5c0d27605048b15591e07892	application/octet-stream
eStab_0.9/trunk/4fsym/iuk_hs80.png	svn:mime-type	1e86d1bc52f24f75cdba3765b30e79519a49e5dc5c0d27605048b15591e07892	application/octet-stream
eStab_0.9/trunk/4fsym/kh_aktiv.jpg	svn:mime-type	1e86d1bc52f24f75cdba3765b30e79519a49e5dc5c0d27605048b15591e07892	application/octet-stream
eStab_0.9/trunk/4fsym/kh_inaktiv.jpg	svn:mime-type	1e86d1bc52f24f75cdba3765b30e79519a49e5dc5c0d27605048b15591e07892	application/octet-stream
eStab_0.9/trunk/4fsym/merke.gif	svn:mime-type	1e86d1bc52f24f75cdba3765b30e79519a49e5dc5c0d27605048b15591e07892	application/octet-stream
eStab_0.9/trunk/4fsym/merke.jpg	svn:mime-type	1e86d1bc52f24f75cdba3765b30e79519a49e5dc5c0d27605048b15591e07892	application/octet-stream
eStab_0.9/trunk/4fsym/merke32.gif	svn:mime-type	1e86d1bc52f24f75cdba3765b30e79519a49e5dc5c0d27605048b15591e07892	application/octet-stream
eStab_0.9/trunk/4fsym/null.gif	svn:mime-type	1e86d1bc52f24f75cdba3765b30e79519a49e5dc5c0d27605048b15591e07892	application/octet-stream
eStab_0.9/trunk/4fsym/null.jpg	svn:mime-type	1e86d1bc52f24f75cdba3765b30e79519a49e5dc5c0d27605048b15591e07892	application/octet-stream
eStab_0.9/trunk/4fsym/nw.png	svn:mime-type	1e86d1bc52f24f75cdba3765b30e79519a49e5dc5c0d27605048b15591e07892	application/octet-stream
eStab_0.9/trunk/4fsym/nwa_aktiv.png	svn:mime-type	1e86d1bc52f24f75cdba3765b30e79519a49e5dc5c0d27605048b15591e07892	application/octet-stream
eStab_0.9/trunk/4fsym/nwe_aktiv.png	svn:mime-type	1e86d1bc52f24f75cdba3765b30e79519a49e5dc5c0d27605048b15591e07892	application/octet-stream
eStab_0.9/trunk/4fsym/nwea_aktiv.png	svn:mime-type	1e86d1bc52f24f75cdba3765b30e79519a49e5dc5c0d27605048b15591e07892	application/octet-stream
eStab_0.9/trunk/4fsym/nwea_inaktiv.png	svn:mime-type	1e86d1bc52f24f75cdba3765b30e79519a49e5dc5c0d27605048b15591e07892	application/octet-stream
eStab_0.9/trunk/4fsym/redlight.gif	svn:mime-type	1e86d1bc52f24f75cdba3765b30e79519a49e5dc5c0d27605048b15591e07892	application/octet-stream
eStab_0.9/trunk/4fsym/tbb_aktiv.png	svn:mime-type	1e86d1bc52f24f75cdba3765b30e79519a49e5dc5c0d27605048b15591e07892	application/octet-stream
eStab_0.9/trunk/4fsym/tbb_inaktiv.png	svn:mime-type	1e86d1bc52f24f75cdba3765b30e79519a49e5dc5c0d27605048b15591e07892	application/octet-stream
eStab_0.9/trunk/4fsym/ttb_aktiv.png	svn:mime-type	1e86d1bc52f24f75cdba3765b30e79519a49e5dc5c0d27605048b15591e07892	application/octet-stream
eStab_0.9/trunk/4fsym/vorsicht.gif	svn:mime-type	1e86d1bc52f24f75cdba3765b30e79519a49e5dc5c0d27605048b15591e07892	application/octet-stream
eStab_0.9/trunk/4fsym/yellowlight.gif	svn:mime-type	1e86d1bc52f24f75cdba3765b30e79519a49e5dc5c0d27605048b15591e07892	application/octet-stream
eStab_0.9/trunk/4fueltg	bugtraq:number	b5bea41b6c623f7c09f1bf24dcae58ebab3c0cdd90ad966bc43a45b44867e12b	true
eStab_0.9/trunk/4fueltg/favicon.ico	svn:mime-type	1e86d1bc52f24f75cdba3765b30e79519a49e5dc5c0d27605048b15591e07892	application/octet-stream
eStab_0.9/trunk/4fueltg/null.gif	svn:mime-type	1e86d1bc52f24f75cdba3765b30e79519a49e5dc5c0d27605048b15591e07892	application/octet-stream
eStab_0.9/trunk/br	bugtraq:number	b5bea41b6c623f7c09f1bf24dcae58ebab3c0cdd90ad966bc43a45b44867e12b	true
eStab_0.9/trunk/br/600px-TaktischesZeichen_Bereitstellungsraum.svg.png	svn:mime-type	1e86d1bc52f24f75cdba3765b30e79519a49e5dc5c0d27605048b15591e07892	application/octet-stream
eStab_0.9/trunk/br/br.ico	svn:mime-type	1e86d1bc52f24f75cdba3765b30e79519a49e5dc5c0d27605048b15591e07892	application/octet-stream
eStab_0.9/trunk/doku	bugtraq:number	b5bea41b6c623f7c09f1bf24dcae58ebab3c0cdd90ad966bc43a45b44867e12b	true
eStab_0.9/trunk/doku/Handbuch_eStab.pdf	svn:mime-type	1e86d1bc52f24f75cdba3765b30e79519a49e5dc5c0d27605048b15591e07892	application/octet-stream
eStab_0.9/trunk/favicon.ico	svn:mime-type	1e86d1bc52f24f75cdba3765b30e79519a49e5dc5c0d27605048b15591e07892	application/octet-stream
eStab_0.9/trunk/fmtbb	bugtraq:number	b5bea41b6c623f7c09f1bf24dcae58ebab3c0cdd90ad966bc43a45b44867e12b	true
eStab_0.9/trunk/fmtbb/null.gif	svn:mime-type	1e86d1bc52f24f75cdba3765b30e79519a49e5dc5c0d27605048b15591e07892	application/octet-stream
eStab_0.9/trunk/fmtbb/null.jpg	svn:mime-type	1e86d1bc52f24f75cdba3765b30e79519a49e5dc5c0d27605048b15591e07892	application/octet-stream
eStab_0.9/trunk/stabetb/null.gif	svn:mime-type	1e86d1bc52f24f75cdba3765b30e79519a49e5dc5c0d27605048b15591e07892	application/octet-stream
eStab_0.9/trunk/stabetb/null.jpg	svn:mime-type	1e86d1bc52f24f75cdba3765b30e79519a49e5dc5c0d27605048b15591e07892	application/octet-stream
eStab_0.9/trunk/stabinfo/ELStab.jpg	svn:mime-type	1e86d1bc52f24f75cdba3765b30e79519a49e5dc5c0d27605048b15591e07892	application/octet-stream
eStab_0.9/trunk/stabinfo/Warendorf L4112 Kartendatum ED50.png	svn:mime-type	1e86d1bc52f24f75cdba3765b30e79519a49e5dc5c0d27605048b15591e07892	application/octet-stream
eStab_0.9/trunk/stabinfo/Warendorf L4112 Kartendatum WGS84.png	svn:mime-type	1e86d1bc52f24f75cdba3765b30e79519a49e5dc5c0d27605048b15591e07892	application/octet-stream
